Category,Brand,Name,Model_Number,Image,Network,Capacity,Memory,Processor,Condition,Price,Buybackworld_Price,Maximum_Price
Laptops,Apple,"MacBook Neo 13"" (2026)",A3404,https://www.sellcell.com/assets/images/devices/009/macbook-neo-13-2026.jpg,,,8GB,A18 Pro 6-Core CPU 5-Core GPU,GOOD,0,0,306.0
Laptops,Apple,"MacBook Neo 13"" (2026)",A3404,https://www.sellcell.com/assets/images/devices/009/macbook-neo-13-2026.jpg,,,8GB,A18 Pro 6-Core CPU 5-Core GPU,FAULTY,0,0,43.0
Laptops,Apple,"MacBook Pro 15"" (2019)",A1990,https://www.sellcell.com/assets/images/devices/008/macbook-pro-15-2019.jpg,,,32GB,i9 2.4GHz,POOR,0,0,205.0
Laptops,Apple,"MacBook Neo 13"" (2026)",A3404,https://www.sellcell.com/assets/images/devices/009/macbook-neo-13-2026.jpg,,,8GB,A18 Pro 6-Core CPU 5-Core GPU,POOR,0,0,211.0
Laptops,Apple,"MacBook Air 13"" (2025)",A3240,https://www.sellcell.com/assets/images/devices/009/macbook-air-13-2025.jpg,,,32GB,M4 10-Core CPU 10-Core GPU,FAULTY,0,0,210.0
Laptops,Apple,"MacBook Air 15"" (2024)",A3114,https://www.sellcell.com/assets/images/devices/009/macbook-air-15-2024.jpg,,,24GB,M3 8-Core CPU 10-Core GPU,POOR,0,0,440.0
Laptops,Apple,"MacBook Air 11"" (2015)",A1465,https://www.sellcell.com/assets/images/devices/008/macbook-air-11-2015.jpg,,,8GB,i7 2.2GHz,GOOD,0,0,25.0
Laptops,Apple,"MacBook Air 13"" (2022)",A2681,https://www.sellcell.com/assets/images/devices/009/macbook-air-13-2022.jpg,,,24GB,M3 8-Core CPU 8-Core GPU,FAULTY,0,0,0
Laptops,Apple,"MacBook Air 11"" (2015)",A1465,https://www.sellcell.com/assets/images/devices/008/macbook-air-11-2015.jpg,,,8GB,i7 2.2GHz,FAULTY,0,0,0
Laptops,Apple,"MacBook Air 13"" (2019)",A1932,https://www.sellcell.com/assets/images/devices/008/macbook-air-13-2019.jpg,,,16GB,i5 1.6GHz,FAULTY,0,0,21.0
Laptops,Apple,"MacBook Air 13"" (2024)",A3113,https://www.sellcell.com/assets/images/devices/009/macbook-air-13-2024.jpg,,,24GB,M3 8-Core CPU 10-Core GPU,POOR,0,0,480.0
Laptops,Apple,"MacBook Pro 15"" (2018)",A1990,https://www.sellcell.com/assets/images/devices/008/macbook-pro-15-2018.jpg,,,32GB,i9 2.9GHz,FAULTY,0,0,36.0
Laptops,Apple,"MacBook Pro 16"" (2024)","A3186, A3403",https://www.sellcell.com/assets/images/devices/009/macbook-pro-16-2024.jpg,,,128GB,M4 Max 14-Core CPU 32-Core GPU,FAULTY,0,0,0
Laptops,Apple,"MacBook Air 13"" (2024)",A3113,https://www.sellcell.com/assets/images/devices/009/macbook-air-13-2024.jpg,,,24GB,M3 8-Core CPU 10-Core GPU,GOOD,0,0,581.0
Laptops,Apple,"MacBook 12"" (2015)",A1534,https://www.sellcell.com/assets/images/devices/008/macbook-12-2015.jpg,,,8GB,Core M 1.3GHz,MINT,0,0,105.0
Laptops,Apple,"MacBook Air 13"" (2024)",A3113,https://www.sellcell.com/assets/images/devices/009/macbook-air-13-2024.jpg,,,24GB,M3 8-Core CPU 10-Core GPU,FAULTY,0,0,210.0
Laptops,Apple,"MacBook 12"" (2015)",A1534,https://www.sellcell.com/assets/images/devices/008/macbook-12-2015.jpg,,,8GB,Core M 1.3GHz,FAULTY,0,0,0
Laptops,Apple,"MacBook Air 13"" (2024)",A3113,https://www.sellcell.com/assets/images/devices/009/macbook-air-13-2024.jpg,,,16GB,M3 8-Core CPU 10-Core GPU,GOOD,0,0,511.0
Laptops,Apple,"MacBook Air 13"" (2024)",A3113,https://www.sellcell.com/assets/images/devices/009/macbook-air-13-2024.jpg,,,16GB,M3 8-Core CPU 10-Core GPU,MINT,0,0,601.0
Laptops,Apple,"MacBook Air 13"" (2024)",A3113,https://www.sellcell.com/assets/images/devices/009/macbook-air-13-2024.jpg,,,24GB,M3 8-Core CPU 10-Core GPU,MINT,0,0,681.0
Laptops,Apple,"MacBook Air 13"" (2024)",A3113,https://www.sellcell.com/assets/images/devices/009/macbook-air-13-2024.jpg,,,16GB,M3 8-Core CPU 10-Core GPU,POOR,0,0,410.0
Laptops,Apple,"MacBook Air 13"" (2024)",A3113,https://www.sellcell.com/assets/images/devices/009/macbook-air-13-2024.jpg,,,16GB,M3 8-Core CPU 10-Core GPU,FAULTY,0,0,210.0
Laptops,Apple,"MacBook Air 13"" (2024)",A3113,https://www.sellcell.com/assets/images/devices/009/macbook-air-13-2024.jpg,,,8GB,M3 8-Core CPU 10-Core GPU,FAULTY,0,0,210.0
Laptops,Apple,"MacBook Air 13"" (2024)",A3113,https://www.sellcell.com/assets/images/devices/009/macbook-air-13-2024.jpg,,,8GB,M3 8-Core CPU 10-Core GPU,GOOD,0,0,436.0
Laptops,Apple,"MacBook Pro 15"" (2019)",A1990,https://www.sellcell.com/assets/images/devices/008/macbook-pro-15-2019.jpg,,,32GB,i9 2.4GHz,FAULTY,0,0,43.0
Laptops,Apple,"MacBook Air 13"" (2024)",A3113,https://www.sellcell.com/assets/images/devices/009/macbook-air-13-2024.jpg,,,8GB,M3 8-Core CPU 10-Core GPU,MINT,0,0,526.0
Laptops,Apple,"MacBook Air 13"" (2015)",A1466,https://www.sellcell.com/assets/images/devices/008/macbook-air-13-2015.jpg,,,8GB,i7 2.2GHz,FAULTY,0,0,0
Laptops,Apple,"MacBook Air 13"" (2015)",A1466,https://www.sellcell.com/assets/images/devices/008/macbook-air-13-2015.jpg,,,4GB,i7 2.2GHz,GOOD,0,0,25.0
Laptops,Apple,"MacBook Air 13"" (2015)",A1466,https://www.sellcell.com/assets/images/devices/008/macbook-air-13-2015.jpg,,,4GB,i7 2.2GHz,POOR,0,0,15.0
Laptops,Apple,"MacBook Air 13"" (2015)",A1466,https://www.sellcell.com/assets/images/devices/008/macbook-air-13-2015.jpg,,,8GB,i7 2.2GHz,MINT,0,0,45.0
Laptops,Apple,"MacBook Air 13"" (2015)",A1466,https://www.sellcell.com/assets/images/devices/008/macbook-air-13-2015.jpg,,,8GB,i7 2.2GHz,POOR,0,0,25.0
Laptops,Apple,"MacBook Air 13"" (2024)",A3113,https://www.sellcell.com/assets/images/devices/009/macbook-air-13-2024.jpg,,,8GB,M3 8-Core CPU 10-Core GPU,POOR,0,0,335.0
Laptops,Apple,"MacBook Air 13"" (2015)",A1466,https://www.sellcell.com/assets/images/devices/008/macbook-air-13-2015.jpg,,,8GB,i7 2.2GHz,GOOD,0,0,35.0
Laptops,Apple,"MacBook Air 13"" (2015)",A1466,https://www.sellcell.com/assets/images/devices/008/macbook-air-13-2015.jpg,,,4GB,i7 2.2GHz,FAULTY,0,0,0
Laptops,Apple,"MacBook Air 15"" (2024)",A3114,https://www.sellcell.com/assets/images/devices/009/macbook-air-15-2024.jpg,,,24GB,M3 8-Core CPU 10-Core GPU,FAULTY,0,0,210.0
Laptops,Apple,"MacBook Air 13"" (2015)",A1466,https://www.sellcell.com/assets/images/devices/008/macbook-air-13-2015.jpg,,,4GB,i7 2.2GHz,MINT,0,0,35.0
Laptops,Apple,"MacBook Air 13"" (2015)",A1466,https://www.sellcell.com/assets/images/devices/008/macbook-air-13-2015.jpg,,,8GB,i5 1.6GHz,FAULTY,0,0,0
Laptops,Apple,"MacBook Air 13"" (2015)",A1466,https://www.sellcell.com/assets/images/devices/008/macbook-air-13-2015.jpg,,,8GB,i5 1.6GHz,POOR,0,0,10.0
Laptops,Apple,"MacBook Air 13"" (2015)",A1466,https://www.sellcell.com/assets/images/devices/008/macbook-air-13-2015.jpg,,,8GB,i5 1.6GHz,GOOD,0,0,20.0
Laptops,Apple,"MacBook Air 13"" (2015)",A1466,https://www.sellcell.com/assets/images/devices/008/macbook-air-13-2015.jpg,,,4GB,i5 1.6GHz,GOOD,0,0,10.0
Laptops,Apple,"MacBook Air 13"" (2024)",A3113,https://www.sellcell.com/assets/images/devices/009/macbook-air-13-2024.jpg,,,16GB,M3 8-Core CPU 8-Core GPU,POOR,0,0,350.0
Laptops,Apple,"MacBook Air 13"" (2024)",A3113,https://www.sellcell.com/assets/images/devices/009/macbook-air-13-2024.jpg,,,24GB,M3 8-Core CPU 8-Core GPU,POOR,0,0,405.0
Laptops,Apple,"MacBook Air 13"" (2024)",A3113,https://www.sellcell.com/assets/images/devices/009/macbook-air-13-2024.jpg,,,24GB,M3 8-Core CPU 8-Core GPU,FAULTY,0,0,210.0
Laptops,Apple,"MacBook Air 13"" (2024)",A3113,https://www.sellcell.com/assets/images/devices/009/macbook-air-13-2024.jpg,,,24GB,M3 8-Core CPU 8-Core GPU,MINT,0,0,596.0
Laptops,Apple,"MacBook Air 13"" (2024)",A3113,https://www.sellcell.com/assets/images/devices/009/macbook-air-13-2024.jpg,,,24GB,M3 8-Core CPU 8-Core GPU,GOOD,0,0,506.0
Laptops,Apple,"MacBook Air 13"" (2015)",A1466,https://www.sellcell.com/assets/images/devices/008/macbook-air-13-2015.jpg,,,4GB,i5 1.6GHz,FAULTY,0,0,0
Laptops,Apple,"MacBook Air 13"" (2015)",A1466,https://www.sellcell.com/assets/images/devices/008/macbook-air-13-2015.jpg,,,8GB,i5 1.6GHz,MINT,0,0,30.0
Laptops,Apple,"MacBook Air 13"" (2015)",A1466,https://www.sellcell.com/assets/images/devices/008/macbook-air-13-2015.jpg,,,4GB,i5 1.6GHz,POOR,0,0,1.0
Laptops,Apple,"MacBook Air 13"" (2015)",A1466,https://www.sellcell.com/assets/images/devices/008/macbook-air-13-2015.jpg,,,4GB,i5 1.6GHz,MINT,0,0,20.0
Laptops,Apple,"MacBook Air 13"" (2024)",A3113,https://www.sellcell.com/assets/images/devices/009/macbook-air-13-2024.jpg,,,16GB,M3 8-Core CPU 8-Core GPU,FAULTY,0,0,210.0
Laptops,Apple,"MacBook Air 13"" (2024)",A3113,https://www.sellcell.com/assets/images/devices/009/macbook-air-13-2024.jpg,,,8GB,M3 8-Core CPU 8-Core GPU,FAULTY,0,0,210.0
Laptops,Apple,"MacBook Pro 15"" (2018)",A1990,https://www.sellcell.com/assets/images/devices/008/macbook-pro-15-2018.jpg,,,32GB,i9 2.9GHz,POOR,0,0,162.0
Laptops,Apple,"MacBook Air 13"" (2024)",A3113,https://www.sellcell.com/assets/images/devices/009/macbook-air-13-2024.jpg,,,8GB,M3 8-Core CPU 8-Core GPU,MINT,0,0,500.0
Laptops,Apple,"MacBook Air 13"" (2024)",A3113,https://www.sellcell.com/assets/images/devices/009/macbook-air-13-2024.jpg,,,8GB,M3 8-Core CPU 8-Core GPU,GOOD,0,0,425.0
Laptops,Apple,"MacBook Air 13"" (2024)",A3113,https://www.sellcell.com/assets/images/devices/009/macbook-air-13-2024.jpg,,,8GB,M3 8-Core CPU 8-Core GPU,POOR,0,0,300.0
Laptops,Apple,"MacBook Pro 15"" (2018)",A1990,https://www.sellcell.com/assets/images/devices/008/macbook-pro-15-2018.jpg,,,32GB,i9 2.9GHz,GOOD,0,0,206.0
Laptops,Apple,"MacBook Air 13"" (2024)",A3113,https://www.sellcell.com/assets/images/devices/009/macbook-air-13-2024.jpg,,,16GB,M3 8-Core CPU 8-Core GPU,MINT,0,0,516.0
Laptops,Apple,"MacBook Pro 15"" (2018)",A1990,https://www.sellcell.com/assets/images/devices/008/macbook-pro-15-2018.jpg,,,16GB,i9 2.9GHz,FAULTY,0,0,32.0
Laptops,Apple,"MacBook Air 11"" (2015)",A1465,https://www.sellcell.com/assets/images/devices/008/macbook-air-11-2015.jpg,,,8GB,i7 2.2GHz,POOR,0,0,10.0
Laptops,Apple,"MacBook Pro 15"" (2018)",A1990,https://www.sellcell.com/assets/images/devices/008/macbook-pro-15-2018.jpg,,,32GB,i9 2.9GHz,MINT,0,0,271.0
Laptops,Apple,"MacBook Pro 15"" (2018)",A1990,https://www.sellcell.com/assets/images/devices/008/macbook-pro-15-2018.jpg,,,32GB,i7 2.6GHz,FAULTY,0,0,32.0
Laptops,Apple,"MacBook Pro 15"" (2018)",A1990,https://www.sellcell.com/assets/images/devices/008/macbook-pro-15-2018.jpg,,,16GB,i9 2.9GHz,POOR,0,0,144.0
Laptops,Apple,"MacBook Pro 15"" (2018)",A1990,https://www.sellcell.com/assets/images/devices/008/macbook-pro-15-2018.jpg,,,32GB,i7 2.6GHz,GOOD,0,0,195.5
Laptops,Apple,"MacBook Pro 15"" (2018)",A1990,https://www.sellcell.com/assets/images/devices/008/macbook-pro-15-2018.jpg,,,32GB,i7 2.6GHz,MINT,0,0,241.0
Laptops,Apple,"MacBook Pro 15"" (2018)",A1990,https://www.sellcell.com/assets/images/devices/008/macbook-pro-15-2018.jpg,,,32GB,i7 2.6GHz,POOR,0,0,144.0
Laptops,Apple,"MacBook Pro 15"" (2018)",A1990,https://www.sellcell.com/assets/images/devices/008/macbook-pro-15-2018.jpg,,,32GB,i7 2.2GHz,MINT,0,0,209.0
Laptops,Apple,"MacBook Pro 15"" (2018)",A1990,https://www.sellcell.com/assets/images/devices/008/macbook-pro-15-2018.jpg,,,16GB,i7 2.6GHz,GOOD,0,0,195.5
Laptops,Apple,"MacBook Pro 15"" (2018)",A1990,https://www.sellcell.com/assets/images/devices/008/macbook-pro-15-2018.jpg,,,16GB,i7 2.6GHz,POOR,0,0,126.0
Laptops,Apple,"MacBook Pro 15"" (2018)",A1990,https://www.sellcell.com/assets/images/devices/008/macbook-pro-15-2018.jpg,,,16GB,i7 2.6GHz,FAULTY,0,0,28.0
Laptops,Apple,"MacBook Pro 15"" (2018)",A1990,https://www.sellcell.com/assets/images/devices/008/macbook-pro-15-2018.jpg,,,32GB,i7 2.2GHz,FAULTY,0,0,27.0
Laptops,Apple,"MacBook Pro 15"" (2018)",A1990,https://www.sellcell.com/assets/images/devices/008/macbook-pro-15-2018.jpg,,,32GB,i7 2.2GHz,POOR,0,0,120.0
Laptops,Apple,"MacBook Pro 15"" (2018)",A1990,https://www.sellcell.com/assets/images/devices/008/macbook-pro-15-2018.jpg,,,32GB,i7 2.2GHz,GOOD,0,0,177.0
Laptops,Apple,"MacBook Pro 15"" (2018)",A1990,https://www.sellcell.com/assets/images/devices/008/macbook-pro-15-2018.jpg,,,16GB,i7 2.6GHz,MINT,0,0,230.0
Laptops,Apple,"MacBook Pro 15"" (2018)",A1990,https://www.sellcell.com/assets/images/devices/008/macbook-pro-15-2018.jpg,,,16GB,i9 2.9GHz,MINT,0,0,241.0
Laptops,Apple,"MacBook 12"" (2015)",A1534,https://www.sellcell.com/assets/images/devices/008/macbook-12-2015.jpg,,,8GB,Core M 1.2GHz,FAULTY,0,0,0
Laptops,Apple,"MacBook Pro 15"" (2018)",A1990,https://www.sellcell.com/assets/images/devices/008/macbook-pro-15-2018.jpg,,,16GB,i7 2.2GHz,POOR,0,0,102.0
Laptops,Apple,"MacBook Pro 15"" (2018)",A1990,https://www.sellcell.com/assets/images/devices/008/macbook-pro-15-2018.jpg,,,16GB,i7 2.2GHz,GOOD,0,0,165.75
Laptops,Apple,"MacBook 12"" (2015)",A1534,https://www.sellcell.com/assets/images/devices/008/macbook-12-2015.jpg,,,8GB,Core M 1.2GHz,MINT,0,0,90.0
Laptops,Apple,"MacBook 12"" (2015)",A1534,https://www.sellcell.com/assets/images/devices/008/macbook-12-2015.jpg,,,8GB,Core M 1.2GHz,GOOD,0,0,70.0
Laptops,Apple,"MacBook Pro 15"" (2018)",A1990,https://www.sellcell.com/assets/images/devices/008/macbook-pro-15-2018.jpg,,,16GB,i7 2.2GHz,MINT,0,0,195.0
Laptops,Apple,"MacBook Pro 15"" (2018)",A1990,https://www.sellcell.com/assets/images/devices/008/macbook-pro-15-2018.jpg,,,16GB,i7 2.2GHz,FAULTY,0,0,23.0
Laptops,Apple,"MacBook Pro 16"" (2024)","A3186, A3403",https://www.sellcell.com/assets/images/devices/009/macbook-pro-16-2024.jpg,,,128GB,M4 Max 14-Core CPU 32-Core GPU,MINT,0,0,2000.0
Laptops,Apple,"MacBook 12"" (2015)",A1534,https://www.sellcell.com/assets/images/devices/008/macbook-12-2015.jpg,,,8GB,Core M 1.2GHz,POOR,0,0,45.0
Laptops,Apple,"MacBook Pro 16"" (2024)","A3186, A3403",https://www.sellcell.com/assets/images/devices/009/macbook-pro-16-2024.jpg,,,128GB,M4 Max 14-Core CPU 32-Core GPU,POOR,0,0,0
Laptops,Apple,"MacBook Pro 16"" (2024)","A3186, A3403",https://www.sellcell.com/assets/images/devices/009/macbook-pro-16-2024.jpg,,,64GB,M4 Max 14-Core CPU 32-Core GPU,FAULTY,0,0,0
Laptops,Apple,"MacBook 12"" (2015)",A1534,https://www.sellcell.com/assets/images/devices/008/macbook-12-2015.jpg,,,8GB,Core M 1.1GHz,GOOD,0,0,65.0
Laptops,Apple,"MacBook Pro 15"" (2018)",A1990,https://www.sellcell.com/assets/images/devices/008/macbook-pro-15-2018.jpg,,,16GB,i9 2.9GHz,GOOD,0,0,204.0
Laptops,Apple,"MacBook 12"" (2015)",A1534,https://www.sellcell.com/assets/images/devices/008/macbook-12-2015.jpg,,,8GB,Core M 1.1GHz,POOR,0,0,40.0
Laptops,Apple,"MacBook 12"" (2015)",A1534,https://www.sellcell.com/assets/images/devices/008/macbook-12-2015.jpg,,,8GB,Core M 1.1GHz,FAULTY,0,0,0
Laptops,Apple,"MacBook 12"" (2015)",A1534,https://www.sellcell.com/assets/images/devices/008/macbook-12-2015.jpg,,,8GB,Core M 1.1GHz,MINT,0,0,85.0
Laptops,Apple,"MacBook Pro 16"" (2024)","A3186, A3403",https://www.sellcell.com/assets/images/devices/009/macbook-pro-16-2024.jpg,,,128GB,M4 Max 14-Core CPU 32-Core GPU,GOOD,0,0,1700.0
Laptops,Apple,"MacBook Pro 16"" (2024)","A3186, A3403",https://www.sellcell.com/assets/images/devices/009/macbook-pro-16-2024.jpg,,,64GB,M4 Max 14-Core CPU 32-Core GPU,GOOD,0,0,1700.0
Laptops,Apple,"MacBook Pro 16"" (2024)","A3186, A3403",https://www.sellcell.com/assets/images/devices/009/macbook-pro-16-2024.jpg,,,48GB,M4 Max 14-Core CPU 32-Core GPU,GOOD,0,0,1700.0
Laptops,Apple,"MacBook Pro 16"" (2024)","A3186, A3403",https://www.sellcell.com/assets/images/devices/009/macbook-pro-16-2024.jpg,,,64GB,M4 Max 14-Core CPU 32-Core GPU,POOR,0,0,0
Laptops,Apple,"MacBook Pro 16"" (2024)","A3186, A3403",https://www.sellcell.com/assets/images/devices/009/macbook-pro-16-2024.jpg,,,48GB,M4 Max 14-Core CPU 32-Core GPU,FAULTY,0,0,0
Laptops,Apple,"MacBook Pro 16"" (2024)","A3186, A3403",https://www.sellcell.com/assets/images/devices/009/macbook-pro-16-2024.jpg,,,48GB,M4 Max 14-Core CPU 32-Core GPU,POOR,0,0,0
Laptops,Apple,"MacBook Pro 16"" (2024)","A3186, A3403",https://www.sellcell.com/assets/images/devices/009/macbook-pro-16-2024.jpg,,,64GB,M4 Max 14-Core CPU 32-Core GPU,MINT,0,0,2000.0
Laptops,Apple,"MacBook Pro 16"" (2024)","A3186, A3403",https://www.sellcell.com/assets/images/devices/009/macbook-pro-16-2024.jpg,,,48GB,M4 Max 14-Core CPU 32-Core GPU,MINT,0,0,2000.0
Laptops,Apple,"MacBook Pro 16"" (2024)","A3186, A3403",https://www.sellcell.com/assets/images/devices/009/macbook-pro-16-2024.jpg,,,24GB,M4 Max 14-Core CPU 32-Core GPU,MINT,0,0,2000.0
Laptops,Apple,"MacBook Pro 16"" (2024)","A3186, A3403",https://www.sellcell.com/assets/images/devices/009/macbook-pro-16-2024.jpg,,,24GB,M4 Max 14-Core CPU 32-Core GPU,FAULTY,0,0,0
Laptops,Apple,"MacBook Pro 16"" (2024)","A3186, A3403",https://www.sellcell.com/assets/images/devices/009/macbook-pro-16-2024.jpg,,,24GB,M4 Max 14-Core CPU 32-Core GPU,GOOD,0,0,1700.0
Laptops,Apple,"MacBook Pro 16"" (2024)","A3186, A3403",https://www.sellcell.com/assets/images/devices/009/macbook-pro-16-2024.jpg,,,128GB,M4 Pro 14-Core CPU 20-Core GPU,FAULTY,0,0,0
Laptops,Apple,"MacBook Pro 16"" (2024)","A3186, A3403",https://www.sellcell.com/assets/images/devices/009/macbook-pro-16-2024.jpg,,,36GB,M4 Max 14-Core CPU 32-Core GPU,GOOD,0,0,1895.0
Laptops,Apple,"MacBook Pro 16"" (2024)","A3186, A3403",https://www.sellcell.com/assets/images/devices/009/macbook-pro-16-2024.jpg,,,36GB,M4 Max 14-Core CPU 32-Core GPU,FAULTY,0,0,400.0
Laptops,Apple,"MacBook Pro 16"" (2024)","A3186, A3403",https://www.sellcell.com/assets/images/devices/009/macbook-pro-16-2024.jpg,,,36GB,M4 Max 14-Core CPU 32-Core GPU,MINT,0,0,2045.0
Laptops,Apple,"MacBook Pro 16"" (2024)","A3186, A3403",https://www.sellcell.com/assets/images/devices/009/macbook-pro-16-2024.jpg,,,36GB,M4 Max 14-Core CPU 32-Core GPU,POOR,0,0,1745.0
Laptops,Apple,"MacBook Pro 16"" (2024)","A3186, A3403",https://www.sellcell.com/assets/images/devices/009/macbook-pro-16-2024.jpg,,,48GB,M4 Pro 14-Core CPU 20-Core GPU,FAULTY,0,0,400.0
Laptops,Apple,"MacBook 12"" (2015)",A1534,https://www.sellcell.com/assets/images/devices/008/macbook-12-2015.jpg,,,8GB,Core M 1.3GHz,GOOD,0,0,85.0
Laptops,Apple,"MacBook Pro 16"" (2024)","A3186, A3403",https://www.sellcell.com/assets/images/devices/009/macbook-pro-16-2024.jpg,,,128GB,M4 Pro 14-Core CPU 20-Core GPU,GOOD,0,0,1275.0
Laptops,Apple,"MacBook Pro 16"" (2024)","A3186, A3403",https://www.sellcell.com/assets/images/devices/009/macbook-pro-16-2024.jpg,,,64GB,M4 Pro 14-Core CPU 20-Core GPU,POOR,0,0,0
Laptops,Apple,"MacBook Pro 16"" (2024)","A3186, A3403",https://www.sellcell.com/assets/images/devices/009/macbook-pro-16-2024.jpg,,,64GB,M4 Pro 14-Core CPU 20-Core GPU,MINT,0,0,1500.0
Laptops,Apple,"MacBook Pro 16"" (2024)","A3186, A3403",https://www.sellcell.com/assets/images/devices/009/macbook-pro-16-2024.jpg,,,64GB,M4 Pro 14-Core CPU 20-Core GPU,FAULTY,0,0,0
Laptops,Apple,"MacBook Pro 16"" (2024)","A3186, A3403",https://www.sellcell.com/assets/images/devices/009/macbook-pro-16-2024.jpg,,,128GB,M4 Pro 14-Core CPU 20-Core GPU,POOR,0,0,0
Laptops,Apple,"MacBook Pro 16"" (2024)","A3186, A3403",https://www.sellcell.com/assets/images/devices/009/macbook-pro-16-2024.jpg,,,64GB,M4 Pro 14-Core CPU 20-Core GPU,GOOD,0,0,1275.0
Laptops,Apple,"MacBook Pro 16"" (2024)","A3186, A3403",https://www.sellcell.com/assets/images/devices/009/macbook-pro-16-2024.jpg,,,128GB,M4 Pro 14-Core CPU 20-Core GPU,MINT,0,0,1500.0
Laptops,Apple,"MacBook Pro 16"" (2024)","A3186, A3403",https://www.sellcell.com/assets/images/devices/009/macbook-pro-16-2024.jpg,,,48GB,M4 Pro 14-Core CPU 20-Core GPU,GOOD,0,0,1765.0
Laptops,Apple,"MacBook Pro 16"" (2024)","A3186, A3403",https://www.sellcell.com/assets/images/devices/009/macbook-pro-16-2024.jpg,,,24GB,M4 Pro 14-Core CPU 20-Core GPU,FAULTY,0,0,400.0
Laptops,Apple,"MacBook Pro 16"" (2024)","A3186, A3403",https://www.sellcell.com/assets/images/devices/009/macbook-pro-16-2024.jpg,,,36GB,M4 Pro 14-Core CPU 20-Core GPU,MINT,0,0,1500.0
Laptops,Apple,"MacBook Pro 16"" (2024)","A3186, A3403",https://www.sellcell.com/assets/images/devices/009/macbook-pro-16-2024.jpg,,,48GB,M4 Pro 14-Core CPU 20-Core GPU,MINT,0,0,1915.0
Laptops,Apple,"MacBook Pro 16"" (2024)","A3186, A3403",https://www.sellcell.com/assets/images/devices/009/macbook-pro-16-2024.jpg,,,36GB,M4 Pro 14-Core CPU 20-Core GPU,POOR,0,0,0
Laptops,Apple,"MacBook Pro 16"" (2024)","A3186, A3403",https://www.sellcell.com/assets/images/devices/009/macbook-pro-16-2024.jpg,,,36GB,M4 Pro 14-Core CPU 20-Core GPU,GOOD,0,0,1275.0
Laptops,Apple,"MacBook Pro 16"" (2024)","A3186, A3403",https://www.sellcell.com/assets/images/devices/009/macbook-pro-16-2024.jpg,,,36GB,M4 Pro 14-Core CPU 20-Core GPU,FAULTY,0,0,0
Laptops,Apple,"MacBook Pro 16"" (2024)","A3186, A3403",https://www.sellcell.com/assets/images/devices/009/macbook-pro-16-2024.jpg,,,48GB,M4 Pro 14-Core CPU 20-Core GPU,POOR,0,0,1615.0
Laptops,Apple,"MacBook 12"" (2015)",A1534,https://www.sellcell.com/assets/images/devices/008/macbook-12-2015.jpg,,,8GB,Core M 1.3GHz,POOR,0,0,60.0
Laptops,Apple,"MacBook Pro 16"" (2024)","A3186, A3403",https://www.sellcell.com/assets/images/devices/009/macbook-pro-16-2024.jpg,,,128GB,M4 Max 16-Core CPU 40-Core GPU,MINT,0,0,3110.0
Laptops,Apple,"MacBook Pro 16"" (2024)","A3186, A3403",https://www.sellcell.com/assets/images/devices/009/macbook-pro-16-2024.jpg,,,128GB,M4 Max 16-Core CPU 40-Core GPU,POOR,0,0,2810.0
Laptops,Apple,"MacBook Pro 16"" (2024)","A3186, A3403",https://www.sellcell.com/assets/images/devices/009/macbook-pro-16-2024.jpg,,,128GB,M4 Max 16-Core CPU 40-Core GPU,FAULTY,0,0,600.0
Laptops,Apple,"MacBook Pro 16"" (2024)","A3186, A3403",https://www.sellcell.com/assets/images/devices/009/macbook-pro-16-2024.jpg,,,24GB,M4 Pro 14-Core CPU 20-Core GPU,MINT,0,0,1560.0
Laptops,Apple,"MacBook Pro 16"" (2024)","A3186, A3403",https://www.sellcell.com/assets/images/devices/009/macbook-pro-16-2024.jpg,,,24GB,M4 Pro 14-Core CPU 20-Core GPU,POOR,0,0,1260.0
Laptops,Apple,"MacBook Pro 16"" (2024)","A3186, A3403",https://www.sellcell.com/assets/images/devices/009/macbook-pro-16-2024.jpg,,,24GB,M4 Pro 14-Core CPU 20-Core GPU,GOOD,0,0,1410.0
Laptops,Apple,"MacBook Pro 16"" (2024)","A3186, A3403",https://www.sellcell.com/assets/images/devices/009/macbook-pro-16-2024.jpg,,,128GB,M4 Max 16-Core CPU 40-Core GPU,GOOD,0,0,2960.0
Laptops,Apple,"MacBook Pro 16"" (2024)","A3186, A3403",https://www.sellcell.com/assets/images/devices/009/macbook-pro-16-2024.jpg,,,48GB,M4 Max 16-Core CPU 40-Core GPU,FAULTY,0,0,600.0
Laptops,Apple,"MacBook Pro 16"" (2024)","A3186, A3403",https://www.sellcell.com/assets/images/devices/009/macbook-pro-16-2024.jpg,,,48GB,M4 Max 16-Core CPU 40-Core GPU,MINT,0,0,2450.0
Laptops,Apple,"MacBook Pro 16"" (2024)","A3186, A3403",https://www.sellcell.com/assets/images/devices/009/macbook-pro-16-2024.jpg,,,64GB,M4 Max 16-Core CPU 40-Core GPU,GOOD,0,0,2480.0
Laptops,Apple,"MacBook Air 13"" (2024)",A3113,https://www.sellcell.com/assets/images/devices/009/macbook-air-13-2024.jpg,,,16GB,M3 8-Core CPU 8-Core GPU,GOOD,0,0,436.0
Laptops,Apple,"MacBook Pro 16"" (2024)","A3186, A3403",https://www.sellcell.com/assets/images/devices/009/macbook-pro-16-2024.jpg,,,36GB,M4 Max 16-Core CPU 40-Core GPU,FAULTY,0,0,0
Laptops,Apple,"MacBook Pro 16"" (2024)","A3186, A3403",https://www.sellcell.com/assets/images/devices/009/macbook-pro-16-2024.jpg,,,48GB,M4 Max 16-Core CPU 40-Core GPU,GOOD,0,0,2175.0
Laptops,Apple,"MacBook Pro 16"" (2024)","A3186, A3403",https://www.sellcell.com/assets/images/devices/009/macbook-pro-16-2024.jpg,,,48GB,M4 Max 16-Core CPU 40-Core GPU,POOR,0,0,2025.0
Laptops,Apple,"MacBook Pro 16"" (2024)","A3186, A3403",https://www.sellcell.com/assets/images/devices/009/macbook-pro-16-2024.jpg,,,24GB,M4 Max 14-Core CPU 32-Core GPU,POOR,0,0,0
Laptops,Apple,"MacBook Pro 16"" (2019)",A2141,https://www.sellcell.com/assets/images/devices/008/macbook-pro-16-2019.jpg,,,64GB,i9 2.4GHz,FAULTY,0,0,53.0
Laptops,Apple,"MacBook Pro 16"" (2019)",A2141,https://www.sellcell.com/assets/images/devices/008/macbook-pro-16-2019.jpg,,,32GB,i9 2.4GHz,FAULTY,0,0,47.0
Laptops,Apple,"MacBook Pro 16"" (2019)",A2141,https://www.sellcell.com/assets/images/devices/008/macbook-pro-16-2019.jpg,,,32GB,i9 2.4GHz,GOOD,120.0,115.0,270.0
Laptops,Apple,"MacBook Pro 16"" (2019)",A2141,https://www.sellcell.com/assets/images/devices/008/macbook-pro-16-2019.jpg,,,64GB,i9 2.4GHz,GOOD,120.0,115.0,300.0
Laptops,Apple,"MacBook Pro 16"" (2024)","A3186, A3403",https://www.sellcell.com/assets/images/devices/009/macbook-pro-16-2024.jpg,,,36GB,M4 Max 16-Core CPU 40-Core GPU,POOR,0,0,0
Laptops,Apple,"MacBook Pro 16"" (2024)","A3186, A3403",https://www.sellcell.com/assets/images/devices/009/macbook-pro-16-2024.jpg,,,64GB,M4 Max 16-Core CPU 40-Core GPU,POOR,0,0,2330.0
Laptops,Apple,"MacBook Pro 16"" (2019)",A2141,https://www.sellcell.com/assets/images/devices/008/macbook-pro-16-2019.jpg,,,16GB,i9 2.4GHz,FAULTY,0,0,43.0
Laptops,Apple,"MacBook Pro 16"" (2019)",A2141,https://www.sellcell.com/assets/images/devices/008/macbook-pro-16-2019.jpg,,,64GB,i9 2.3GHz,GOOD,110.0,105.0,255.0
Laptops,Apple,"MacBook Pro 16"" (2019)",A2141,https://www.sellcell.com/assets/images/devices/008/macbook-pro-16-2019.jpg,,,64GB,i9 2.4GHz,MINT,190.0,185.0,401.0
Laptops,Apple,"MacBook Pro 16"" (2019)",A2141,https://www.sellcell.com/assets/images/devices/008/macbook-pro-16-2019.jpg,,,32GB,i9 2.4GHz,POOR,0,0,216.0
Laptops,Apple,"MacBook Pro 16"" (2019)",A2141,https://www.sellcell.com/assets/images/devices/008/macbook-pro-16-2019.jpg,,,16GB,i9 2.4GHz,GOOD,120.0,115.0,263.5
Laptops,Apple,"MacBook Pro 16"" (2019)",A2141,https://www.sellcell.com/assets/images/devices/008/macbook-pro-16-2019.jpg,,,64GB,i9 2.3GHz,POOR,0,0,201.0
Laptops,Apple,"MacBook Pro 16"" (2019)",A2141,https://www.sellcell.com/assets/images/devices/008/macbook-pro-16-2019.jpg,,,16GB,i9 2.4GHz,POOR,0,0,195.0
Laptops,Apple,"MacBook Pro 16"" (2019)",A2141,https://www.sellcell.com/assets/images/devices/008/macbook-pro-16-2019.jpg,,,64GB,i9 2.3GHz,FAULTY,0,0,44.0
Laptops,Apple,"MacBook Pro 16"" (2019)",A2141,https://www.sellcell.com/assets/images/devices/008/macbook-pro-16-2019.jpg,,,32GB,i9 2.4GHz,MINT,190.0,185.0,361.0
Laptops,Apple,"MacBook Pro 16"" (2019)",A2141,https://www.sellcell.com/assets/images/devices/008/macbook-pro-16-2019.jpg,,,64GB,i9 2.3GHz,MINT,180.0,175.0,336.0
Laptops,Apple,"MacBook Pro 16"" (2019)",A2141,https://www.sellcell.com/assets/images/devices/008/macbook-pro-16-2019.jpg,,,32GB,i9 2.3GHz,POOR,0,0,177.0
Laptops,Apple,"MacBook Pro 16"" (2019)",A2141,https://www.sellcell.com/assets/images/devices/008/macbook-pro-16-2019.jpg,,,16GB,i9 2.3GHz,FAULTY,0,0,34.0
Laptops,Apple,"MacBook Pro 16"" (2019)",A2141,https://www.sellcell.com/assets/images/devices/008/macbook-pro-16-2019.jpg,,,32GB,i9 2.3GHz,GOOD,110.0,105.0,255.0
Laptops,Apple,"MacBook Pro 16"" (2019)",A2141,https://www.sellcell.com/assets/images/devices/008/macbook-pro-16-2019.jpg,,,32GB,i9 2.3GHz,MINT,180.0,175.0,300.0
Laptops,Apple,"MacBook Pro 16"" (2019)",A2141,https://www.sellcell.com/assets/images/devices/008/macbook-pro-16-2019.jpg,,,32GB,i9 2.3GHz,FAULTY,0,0,39.0
Laptops,Apple,"MacBook Pro 16"" (2019)",A2141,https://www.sellcell.com/assets/images/devices/008/macbook-pro-16-2019.jpg,,,16GB,i9 2.4GHz,MINT,190.0,185.0,326.0
Laptops,Apple,"MacBook Pro 16"" (2019)",A2141,https://www.sellcell.com/assets/images/devices/008/macbook-pro-16-2019.jpg,,,16GB,i9 2.3GHz,POOR,0,0,156.0
Laptops,Apple,"MacBook Pro 16"" (2024)","A3186, A3403",https://www.sellcell.com/assets/images/devices/009/macbook-pro-16-2024.jpg,,,64GB,M4 Max 16-Core CPU 40-Core GPU,FAULTY,0,0,600.0
Laptops,Apple,"MacBook Pro 16"" (2019)",A2141,https://www.sellcell.com/assets/images/devices/008/macbook-pro-16-2019.jpg,,,32GB,i7 2.6GHz,POOR,0,0,162.0
Laptops,Apple,"MacBook Pro 16"" (2019)",A2141,https://www.sellcell.com/assets/images/devices/008/macbook-pro-16-2019.jpg,,,64GB,i7 2.6GHz,POOR,0,0,189.0
Laptops,Apple,"MacBook Pro 16"" (2019)",A2141,https://www.sellcell.com/assets/images/devices/008/macbook-pro-16-2019.jpg,,,16GB,i9 2.3GHz,GOOD,110.0,105.0,255.0
Laptops,Apple,"MacBook Pro 16"" (2019)",A2141,https://www.sellcell.com/assets/images/devices/008/macbook-pro-16-2019.jpg,,,64GB,i7 2.6GHz,MINT,150.0,145.0,316.0
Laptops,Apple,"MacBook Pro 16"" (2019)",A2141,https://www.sellcell.com/assets/images/devices/008/macbook-pro-16-2019.jpg,,,16GB,i9 2.3GHz,MINT,180.0,175.0,300.0
Laptops,Apple,"MacBook Pro 16"" (2019)",A2141,https://www.sellcell.com/assets/images/devices/008/macbook-pro-16-2019.jpg,,,64GB,i7 2.6GHz,FAULTY,0,0,42.0
Laptops,Apple,"MacBook Pro 16"" (2019)",A2141,https://www.sellcell.com/assets/images/devices/008/macbook-pro-16-2019.jpg,,,64GB,i7 2.6GHz,GOOD,105.0,100.0,237.0
Laptops,Apple,"MacBook Pro 16"" (2019)",A2141,https://www.sellcell.com/assets/images/devices/008/macbook-pro-16-2019.jpg,,,16GB,i7 2.6GHz,POOR,0,0,144.0
Laptops,Apple,"MacBook Pro 16"" (2019)",A2141,https://www.sellcell.com/assets/images/devices/008/macbook-pro-16-2019.jpg,,,16GB,i7 2.6GHz,MINT,150.0,145.0,275.0
Laptops,Apple,"MacBook Pro 16"" (2019)",A2141,https://www.sellcell.com/assets/images/devices/008/macbook-pro-16-2019.jpg,,,32GB,i7 2.6GHz,FAULTY,0,0,36.0
Laptops,Apple,"MacBook Pro 16"" (2019)",A2141,https://www.sellcell.com/assets/images/devices/008/macbook-pro-16-2019.jpg,,,32GB,i7 2.6GHz,GOOD,105.0,100.0,233.75
Laptops,Apple,"MacBook Pro 16"" (2024)","A3186, A3403",https://www.sellcell.com/assets/images/devices/009/macbook-pro-16-2024.jpg,,,36GB,M4 Max 16-Core CPU 40-Core GPU,MINT,0,0,2450.0
Laptops,Apple,"MacBook Pro 16"" (2019)",A2141,https://www.sellcell.com/assets/images/devices/008/macbook-pro-16-2019.jpg,,,16GB,i7 2.6GHz,FAULTY,0,0,32.0
Laptops,Apple,"MacBook Pro 16"" (2024)","A3186, A3403",https://www.sellcell.com/assets/images/devices/009/macbook-pro-16-2024.jpg,,,36GB,M4 Max 16-Core CPU 40-Core GPU,GOOD,0,0,2082.5
Laptops,Apple,"MacBook Pro 16"" (2024)","A3186, A3403",https://www.sellcell.com/assets/images/devices/009/macbook-pro-16-2024.jpg,,,64GB,M4 Max 16-Core CPU 40-Core GPU,MINT,0,0,2630.0
Laptops,Apple,"MacBook Air 11"" (2015)",A1465,https://www.sellcell.com/assets/images/devices/008/macbook-air-11-2015.jpg,,,4GB,i7 2.2GHz,POOR,0,0,2.0
Laptops,Apple,"MacBook Pro 16"" (2019)",A2141,https://www.sellcell.com/assets/images/devices/008/macbook-pro-16-2019.jpg,,,32GB,i7 2.6GHz,MINT,150.0,145.0,275.0
Laptops,Apple,"MacBook Air 11"" (2015)",A1465,https://www.sellcell.com/assets/images/devices/008/macbook-air-11-2015.jpg,,,4GB,i7 2.2GHz,GOOD,0,0,15.0
Laptops,Apple,"MacBook Air 11"" (2015)",A1465,https://www.sellcell.com/assets/images/devices/008/macbook-air-11-2015.jpg,,,4GB,i7 2.2GHz,FAULTY,0,0,0
Laptops,Apple,"MacBook Pro 16"" (2019)",A2141,https://www.sellcell.com/assets/images/devices/008/macbook-pro-16-2019.jpg,,,16GB,i7 2.6GHz,GOOD,105.0,100.0,233.75
Laptops,Apple,"MacBook Pro 16"" (2019)",A2141,https://www.sellcell.com/assets/images/devices/008/macbook-pro-16-2019.jpg,,,64GB,i9 2.4GHz,POOR,0,0,240.0
Laptops,Apple,"MacBook Pro 16"" (2024)","A3186, A3403",https://www.sellcell.com/assets/images/devices/009/macbook-pro-16-2024.jpg,,,24GB,M4 Max 16-Core CPU 40-Core GPU,POOR,0,0,0
Laptops,Apple,"MacBook Air 11"" (2015)",A1465,https://www.sellcell.com/assets/images/devices/008/macbook-air-11-2015.jpg,,,8GB,i7 2.2GHz,MINT,0,0,40.0
Laptops,Apple,"MacBook Pro 16"" (2024)","A3186, A3403",https://www.sellcell.com/assets/images/devices/009/macbook-pro-16-2024.jpg,,,24GB,M4 Max 16-Core CPU 40-Core GPU,GOOD,0,0,2082.5
Laptops,Apple,"MacBook Air 11"" (2015)",A1465,https://www.sellcell.com/assets/images/devices/008/macbook-air-11-2015.jpg,,,4GB,i5 1.6GHz,POOR,0,0,1.0
Laptops,Apple,"MacBook Air 11"" (2015)",A1465,https://www.sellcell.com/assets/images/devices/008/macbook-air-11-2015.jpg,,,8GB,i5 1.6GHz,POOR,0,0,2.0
Laptops,Apple,"MacBook Air 11"" (2015)",A1465,https://www.sellcell.com/assets/images/devices/008/macbook-air-11-2015.jpg,,,8GB,i5 1.6GHz,MINT,0,0,30.0
Laptops,Apple,"MacBook Air 11"" (2015)",A1465,https://www.sellcell.com/assets/images/devices/008/macbook-air-11-2015.jpg,,,8GB,i5 1.6GHz,FAULTY,0,0,0
Laptops,Apple,"MacBook Air 11"" (2015)",A1465,https://www.sellcell.com/assets/images/devices/008/macbook-air-11-2015.jpg,,,8GB,i5 1.6GHz,GOOD,0,0,15.0
Laptops,Apple,"MacBook Air 11"" (2015)",A1465,https://www.sellcell.com/assets/images/devices/008/macbook-air-11-2015.jpg,,,4GB,i5 1.6GHz,GOOD,0,0,5.0
Laptops,Apple,"MacBook Pro 16"" (2024)","A3186, A3403",https://www.sellcell.com/assets/images/devices/009/macbook-pro-16-2024.jpg,,,24GB,M4 Max 16-Core CPU 40-Core GPU,MINT,0,0,2450.0
Laptops,Apple,"MacBook Air 11"" (2015)",A1465,https://www.sellcell.com/assets/images/devices/008/macbook-air-11-2015.jpg,,,4GB,i5 1.6GHz,MINT,0,0,20.0
Laptops,Apple,"MacBook Air 13"" (2019)",A1932,https://www.sellcell.com/assets/images/devices/008/macbook-air-13-2019.jpg,,,16GB,i5 1.6GHz,GOOD,0,0,131.75
Laptops,Apple,"MacBook Air 11"" (2015)",A1465,https://www.sellcell.com/assets/images/devices/008/macbook-air-11-2015.jpg,,,4GB,i5 1.6GHz,FAULTY,0,0,0
Laptops,Apple,"MacBook Pro 16"" (2024)","A3186, A3403",https://www.sellcell.com/assets/images/devices/009/macbook-pro-16-2024.jpg,,,24GB,M4 Max 16-Core CPU 40-Core GPU,FAULTY,0,0,0
Laptops,Apple,"MacBook Air 13"" (2019)",A1932,https://www.sellcell.com/assets/images/devices/008/macbook-air-13-2019.jpg,,,8GB,i5 1.6GHz,FAULTY,0,0,19.0
Laptops,Apple,"MacBook Air 13"" (2019)",A1932,https://www.sellcell.com/assets/images/devices/008/macbook-air-13-2019.jpg,,,8GB,i5 1.6GHz,POOR,0,0,84.0
Laptops,Apple,"MacBook Air 13"" (2019)",A1932,https://www.sellcell.com/assets/images/devices/008/macbook-air-13-2019.jpg,,,16GB,i5 1.6GHz,POOR,0,0,105.0
Laptops,Apple,"MacBook Air 13"" (2019)",A1932,https://www.sellcell.com/assets/images/devices/008/macbook-air-13-2019.jpg,,,8GB,i5 1.6GHz,GOOD,0,0,131.75
Laptops,Apple,"MacBook Air 11"" (2014)",A1465,https://www.sellcell.com/assets/images/devices/008/macbook-air-11-2014.jpg,,,8GB,i7 2.2GHz,FAULTY,0,0,0
Laptops,Apple,"MacBook Air 11"" (2014)",A1465,https://www.sellcell.com/assets/images/devices/008/macbook-air-11-2014.jpg,,,4GB,i7 2.2GHz,FAULTY,0,0,0
Laptops,Apple,"MacBook Air 11"" (2014)",A1465,https://www.sellcell.com/assets/images/devices/008/macbook-air-11-2014.jpg,,,8GB,i7 2.2GHz,MINT,0,0,40.0
Laptops,Apple,"MacBook Air 11"" (2014)",A1465,https://www.sellcell.com/assets/images/devices/008/macbook-air-11-2014.jpg,,,8GB,i7 2.2GHz,POOR,0,0,10.0
Laptops,Apple,"MacBook Air 11"" (2014)",A1465,https://www.sellcell.com/assets/images/devices/008/macbook-air-11-2014.jpg,,,4GB,i7 2.2GHz,GOOD,0,0,15.0
Laptops,Apple,"MacBook Air 11"" (2014)",A1465,https://www.sellcell.com/assets/images/devices/008/macbook-air-11-2014.jpg,,,4GB,i7 2.2GHz,POOR,0,0,0
Laptops,Apple,"MacBook Air 13"" (2019)",A1932,https://www.sellcell.com/assets/images/devices/008/macbook-air-13-2019.jpg,,,16GB,i5 1.6GHz,MINT,0,0,170.0
Laptops,Apple,"MacBook Air 11"" (2014)",A1465,https://www.sellcell.com/assets/images/devices/008/macbook-air-11-2014.jpg,,,4GB,i7 1.7GHz,POOR,0,0,5.0
Laptops,Apple,"MacBook Air 11"" (2014)",A1465,https://www.sellcell.com/assets/images/devices/008/macbook-air-11-2014.jpg,,,8GB,i7 1.7GHz,POOR,0,0,15.0
Laptops,Apple,"MacBook Air 11"" (2014)",A1465,https://www.sellcell.com/assets/images/devices/008/macbook-air-11-2014.jpg,,,8GB,i7 1.7GHz,MINT,0,0,35.0
Laptops,Apple,"MacBook Air 11"" (2014)",A1465,https://www.sellcell.com/assets/images/devices/008/macbook-air-11-2014.jpg,,,8GB,i7 2.2GHz,GOOD,0,0,25.0
Laptops,Apple,"MacBook Air 11"" (2014)",A1465,https://www.sellcell.com/assets/images/devices/008/macbook-air-11-2014.jpg,,,4GB,i7 1.7GHz,FAULTY,0,0,0
Laptops,Apple,"MacBook Air 11"" (2014)",A1465,https://www.sellcell.com/assets/images/devices/008/macbook-air-11-2014.jpg,,,4GB,i7 1.7GHz,MINT,0,0,25.0
Laptops,Apple,"MacBook Air 13"" (2019)",A1932,https://www.sellcell.com/assets/images/devices/008/macbook-air-13-2019.jpg,,,8GB,i5 1.6GHz,MINT,0,0,160.0
Laptops,Apple,"MacBook Air 11"" (2014)",A1465,https://www.sellcell.com/assets/images/devices/008/macbook-air-11-2014.jpg,,,8GB,i7 1.7GHz,FAULTY,0,0,0
Laptops,Apple,"MacBook Air 11"" (2014)",A1465,https://www.sellcell.com/assets/images/devices/008/macbook-air-11-2014.jpg,,,4GB,i7 2.2GHz,MINT,0,0,30.0
Laptops,Apple,"MacBook Air 11"" (2015)",A1465,https://www.sellcell.com/assets/images/devices/008/macbook-air-11-2015.jpg,,,4GB,i7 2.2GHz,MINT,0,0,30.0
Laptops,Apple,"MacBook Air 11"" (2014)",A1465,https://www.sellcell.com/assets/images/devices/008/macbook-air-11-2014.jpg,,,8GB,i5 1.6GHz,POOR,0,0,0
Laptops,Apple,"MacBook Air 11"" (2014)",A1465,https://www.sellcell.com/assets/images/devices/008/macbook-air-11-2014.jpg,,,8GB,i5 1.6GHz,FAULTY,0,0,0
Laptops,Apple,"MacBook Air 11"" (2014)",A1465,https://www.sellcell.com/assets/images/devices/008/macbook-air-11-2014.jpg,,,8GB,i5 1.6GHz,GOOD,0,0,15.0
Laptops,Apple,"MacBook Air 11"" (2014)",A1465,https://www.sellcell.com/assets/images/devices/008/macbook-air-11-2014.jpg,,,8GB,i5 1.6GHz,MINT,0,0,30.0
Laptops,Apple,"MacBook Air 11"" (2014)",A1465,https://www.sellcell.com/assets/images/devices/008/macbook-air-11-2014.jpg,,,4GB,i5 1.6GHz,POOR,0,0,0
Laptops,Apple,"MacBook Air 11"" (2014)",A1465,https://www.sellcell.com/assets/images/devices/008/macbook-air-11-2014.jpg,,,4GB,i5 1.4GHz,MINT,0,0,15.0
Laptops,Apple,"MacBook Air 11"" (2014)",A1465,https://www.sellcell.com/assets/images/devices/008/macbook-air-11-2014.jpg,,,8GB,i5 1.4GHz,FAULTY,0,0,0
Laptops,Apple,"MacBook Air 11"" (2014)",A1465,https://www.sellcell.com/assets/images/devices/008/macbook-air-11-2014.jpg,,,4GB,i5 1.4GHz,GOOD,0,0,5.0
Laptops,Apple,"MacBook Air 11"" (2014)",A1465,https://www.sellcell.com/assets/images/devices/008/macbook-air-11-2014.jpg,,,4GB,i5 1.4GHz,POOR,0,0,0
Laptops,Apple,"MacBook Air 11"" (2014)",A1465,https://www.sellcell.com/assets/images/devices/008/macbook-air-11-2014.jpg,,,8GB,i5 1.4GHz,GOOD,0,0,15.0
Laptops,Apple,"MacBook Air 11"" (2014)",A1465,https://www.sellcell.com/assets/images/devices/008/macbook-air-11-2014.jpg,,,4GB,i5 1.4GHz,FAULTY,0,0,0
Laptops,Apple,"MacBook Air 11"" (2014)",A1465,https://www.sellcell.com/assets/images/devices/008/macbook-air-11-2014.jpg,,,4GB,i5 1.6GHz,MINT,0,0,20.0
Laptops,Apple,"MacBook Air 11"" (2014)",A1465,https://www.sellcell.com/assets/images/devices/008/macbook-air-11-2014.jpg,,,8GB,i5 1.4GHz,POOR,0,0,5.0
Laptops,Apple,"MacBook Air 11"" (2014)",A1465,https://www.sellcell.com/assets/images/devices/008/macbook-air-11-2014.jpg,,,8GB,i5 1.4GHz,MINT,0,0,25.0
Laptops,Apple,"MacBook Air 15"" (2024)",A3114,https://www.sellcell.com/assets/images/devices/009/macbook-air-15-2024.jpg,,,16GB,M3 8-Core CPU 10-Core GPU,MINT,0,0,620.0
Laptops,Apple,"MacBook Air 15"" (2024)",A3114,https://www.sellcell.com/assets/images/devices/009/macbook-air-15-2024.jpg,,,16GB,M3 8-Core CPU 10-Core GPU,GOOD,0,0,527.0
Laptops,Apple,"MacBook Air 15"" (2024)",A3114,https://www.sellcell.com/assets/images/devices/009/macbook-air-15-2024.jpg,,,16GB,M3 8-Core CPU 10-Core GPU,POOR,0,0,384.0
Laptops,Apple,"MacBook Air 15"" (2024)",A3114,https://www.sellcell.com/assets/images/devices/009/macbook-air-15-2024.jpg,,,8GB,M3 8-Core CPU 10-Core GPU,FAULTY,0,0,210.0
Laptops,Apple,"MacBook Air 15"" (2024)",A3114,https://www.sellcell.com/assets/images/devices/009/macbook-air-15-2024.jpg,,,24GB,M3 8-Core CPU 10-Core GPU,MINT,0,0,666.0
Laptops,Apple,"MacBook Air 11"" (2014)",A1465,https://www.sellcell.com/assets/images/devices/008/macbook-air-11-2014.jpg,,,4GB,i5 1.6GHz,GOOD,0,0,5.0
Laptops,Apple,"MacBook Air 13"" (2022)",A2681,https://www.sellcell.com/assets/images/devices/009/macbook-air-13-2022.jpg,,,24GB,M3 8-Core CPU 8-Core GPU,MINT,0,0,0
Laptops,Apple,"MacBook Air 15"" (2024)",A3114,https://www.sellcell.com/assets/images/devices/009/macbook-air-15-2024.jpg,,,8GB,M3 8-Core CPU 10-Core GPU,GOOD,0,0,527.0
Laptops,Apple,"MacBook Air 15"" (2024)",A3114,https://www.sellcell.com/assets/images/devices/009/macbook-air-15-2024.jpg,,,24GB,M3 8-Core CPU 10-Core GPU,GOOD,0,0,576.0
Laptops,Apple,"MacBook Air 15"" (2024)",A3114,https://www.sellcell.com/assets/images/devices/009/macbook-air-15-2024.jpg,,,16GB,M3 8-Core CPU 10-Core GPU,FAULTY,0,0,210.0
Laptops,Apple,"MacBook Air 15"" (2024)",A3114,https://www.sellcell.com/assets/images/devices/009/macbook-air-15-2024.jpg,,,8GB,M3 8-Core CPU 10-Core GPU,POOR,0,0,351.0
Laptops,Apple,"MacBook Air 15"" (2024)",A3114,https://www.sellcell.com/assets/images/devices/009/macbook-air-15-2024.jpg,,,8GB,M3 8-Core CPU 10-Core GPU,MINT,0,0,620.0
Laptops,Apple,"MacBook Air 13"" (2022)",A2681,https://www.sellcell.com/assets/images/devices/009/macbook-air-13-2022.jpg,,,16GB,M3 8-Core CPU 8-Core GPU,FAULTY,0,0,0
Laptops,Apple,"MacBook Air 13"" (2022)",A2681,https://www.sellcell.com/assets/images/devices/009/macbook-air-13-2022.jpg,,,24GB,M3 8-Core CPU 8-Core GPU,POOR,0,0,0
Laptops,Apple,"MacBook Air 11"" (2014)",A1465,https://www.sellcell.com/assets/images/devices/008/macbook-air-11-2014.jpg,,,4GB,i7 1.7GHz,GOOD,0,0,15.0
Laptops,Apple,"MacBook Air 13"" (2022)",A2681,https://www.sellcell.com/assets/images/devices/009/macbook-air-13-2022.jpg,,,8GB,M3 8-Core CPU 8-Core GPU,FAULTY,0,0,61.0
Laptops,Apple,"MacBook Air 13"" (2022)",A2681,https://www.sellcell.com/assets/images/devices/009/macbook-air-13-2022.jpg,,,24GB,M1 3.2GHz 8-Core GPU,GOOD,0,0,0
Laptops,Apple,"MacBook Air 13"" (2022)",A2681,https://www.sellcell.com/assets/images/devices/009/macbook-air-13-2022.jpg,,,8GB,M3 8-Core CPU 8-Core GPU,GOOD,0,0,372.0
Laptops,Apple,"MacBook Air 13"" (2022)",A2681,https://www.sellcell.com/assets/images/devices/009/macbook-air-13-2022.jpg,,,24GB,M3 8-Core CPU 8-Core GPU,GOOD,0,0,0
Laptops,Apple,"MacBook Air 11"" (2014)",A1465,https://www.sellcell.com/assets/images/devices/008/macbook-air-11-2014.jpg,,,8GB,i7 1.7GHz,GOOD,0,0,25.0
Laptops,Apple,"MacBook Air 13"" (2022)",A2681,https://www.sellcell.com/assets/images/devices/009/macbook-air-13-2022.jpg,,,8GB,M3 8-Core CPU 8-Core GPU,MINT,0,0,466.0
Laptops,Apple,"MacBook Air 13"" (2022)",A2681,https://www.sellcell.com/assets/images/devices/009/macbook-air-13-2022.jpg,,,8GB,M3 8-Core CPU 8-Core GPU,POOR,0,0,302.0
Laptops,Apple,"MacBook Air 11"" (2014)",A1465,https://www.sellcell.com/assets/images/devices/008/macbook-air-11-2014.jpg,,,4GB,i5 1.6GHz,FAULTY,0,0,0
Laptops,Apple,"MacBook Air 13"" (2022)",A2681,https://www.sellcell.com/assets/images/devices/009/macbook-air-13-2022.jpg,,,16GB,M3 8-Core CPU 8-Core GPU,POOR,0,0,0
Laptops,Apple,"MacBook Air 13"" (2022)",A2681,https://www.sellcell.com/assets/images/devices/009/macbook-air-13-2022.jpg,,,24GB,M1 3.2GHz 8-Core GPU,POOR,0,0,0
Laptops,Apple,"MacBook Air 13"" (2022)",A2681,https://www.sellcell.com/assets/images/devices/009/macbook-air-13-2022.jpg,,,8GB,M1 3.2GHz 8-Core GPU,FAULTY,0,0,50.0
Laptops,Apple,"MacBook Air 13"" (2022)",A2681,https://www.sellcell.com/assets/images/devices/009/macbook-air-13-2022.jpg,,,8GB,M1 3.2GHz 8-Core GPU,GOOD,0,0,235.0
Laptops,Apple,"MacBook Air 13"" (2022)",A2681,https://www.sellcell.com/assets/images/devices/009/macbook-air-13-2022.jpg,,,16GB,M1 3.2GHz 8-Core GPU,MINT,0,0,340.0
Laptops,Apple,"MacBook Air 13"" (2022)",A2681,https://www.sellcell.com/assets/images/devices/009/macbook-air-13-2022.jpg,,,24GB,M1 3.2GHz 8-Core GPU,MINT,0,0,0
Laptops,Apple,"MacBook Air 13"" (2022)",A2681,https://www.sellcell.com/assets/images/devices/009/macbook-air-13-2022.jpg,,,16GB,M1 3.2GHz 8-Core GPU,POOR,0,0,220.0
Laptops,Apple,"MacBook Air 13"" (2022)",A2681,https://www.sellcell.com/assets/images/devices/009/macbook-air-13-2022.jpg,,,16GB,M3 8-Core CPU 8-Core GPU,MINT,0,0,0
Laptops,Apple,"MacBook Air 13"" (2022)",A2681,https://www.sellcell.com/assets/images/devices/009/macbook-air-13-2022.jpg,,,16GB,M1 3.2GHz 8-Core GPU,FAULTY,0,0,50.0
Laptops,Apple,"MacBook Air 13"" (2022)",A2681,https://www.sellcell.com/assets/images/devices/009/macbook-air-13-2022.jpg,,,8GB,M1 3.2GHz 8-Core GPU,POOR,0,0,180.0
Laptops,Apple,"MacBook Air 13"" (2022)",A2681,https://www.sellcell.com/assets/images/devices/009/macbook-air-13-2022.jpg,,,24GB,M3 8-Core CPU 10-Core GPU,MINT,0,0,681.0
Laptops,Apple,"MacBook Air 13"" (2022)",A2681,https://www.sellcell.com/assets/images/devices/009/macbook-air-13-2022.jpg,,,24GB,M3 8-Core CPU 10-Core GPU,GOOD,0,0,544.0
Laptops,Apple,"MacBook Air 13"" (2022)",A2681,https://www.sellcell.com/assets/images/devices/009/macbook-air-13-2022.jpg,,,8GB,M1 3.2GHz 8-Core GPU,MINT,0,0,300.0
Laptops,Apple,"MacBook Air 13"" (2022)",A2681,https://www.sellcell.com/assets/images/devices/009/macbook-air-13-2022.jpg,,,16GB,M3 8-Core CPU 10-Core GPU,POOR,0,0,390.0
Laptops,Apple,"MacBook Air 13"" (2022)",A2681,https://www.sellcell.com/assets/images/devices/009/macbook-air-13-2022.jpg,,,24GB,M1 3.2GHz 8-Core GPU,FAULTY,0,0,0
Laptops,Apple,"MacBook Air 13"" (2022)",A2681,https://www.sellcell.com/assets/images/devices/009/macbook-air-13-2022.jpg,,,16GB,M1 3.2GHz 8-Core GPU,GOOD,0,0,275.0
Laptops,Apple,"MacBook Air 13"" (2022)",A2681,https://www.sellcell.com/assets/images/devices/009/macbook-air-13-2022.jpg,,,8GB,M3 8-Core CPU 10-Core GPU,FAULTY,0,0,69.0
Laptops,Apple,"MacBook Air 13"" (2022)",A2681,https://www.sellcell.com/assets/images/devices/009/macbook-air-13-2022.jpg,,,24GB,M2 8-Core CPU 10-Core GPU,FAULTY,0,0,160.0
Laptops,Apple,"MacBook Air 13"" (2022)",A2681,https://www.sellcell.com/assets/images/devices/009/macbook-air-13-2022.jpg,,,8GB,M3 8-Core CPU 10-Core GPU,MINT,0,0,526.0
Laptops,Apple,"MacBook Air 13"" (2022)",A2681,https://www.sellcell.com/assets/images/devices/009/macbook-air-13-2022.jpg,,,16GB,M3 8-Core CPU 10-Core GPU,GOOD,0,0,480.0
Laptops,Apple,"MacBook Air 13"" (2022)",A2681,https://www.sellcell.com/assets/images/devices/009/macbook-air-13-2022.jpg,,,8GB,M3 8-Core CPU 10-Core GPU,POOR,0,0,341.0
Laptops,Apple,"MacBook Air 13"" (2022)",A2681,https://www.sellcell.com/assets/images/devices/009/macbook-air-13-2022.jpg,,,16GB,M3 8-Core CPU 10-Core GPU,MINT,0,0,601.0
Laptops,Apple,"MacBook Air 13"" (2022)",A2681,https://www.sellcell.com/assets/images/devices/009/macbook-air-13-2022.jpg,,,24GB,M2 8-Core CPU 10-Core GPU,POOR,0,0,354.0
Laptops,Apple,"MacBook Air 13"" (2022)",A2681,https://www.sellcell.com/assets/images/devices/009/macbook-air-13-2022.jpg,,,8GB,M3 8-Core CPU 10-Core GPU,GOOD,0,0,420.0
Laptops,Apple,"MacBook Air 13"" (2022)",A2681,https://www.sellcell.com/assets/images/devices/009/macbook-air-13-2022.jpg,,,16GB,M3 8-Core CPU 10-Core GPU,FAULTY,0,0,79.0
Laptops,Apple,"MacBook Air 13"" (2022)",A2681,https://www.sellcell.com/assets/images/devices/009/macbook-air-13-2022.jpg,,,24GB,M2 8-Core CPU 10-Core GPU,MINT,0,0,546.0
Laptops,Apple,"MacBook Air 13"" (2022)",A2681,https://www.sellcell.com/assets/images/devices/009/macbook-air-13-2022.jpg,,,8GB,M2 8-Core CPU 10-Core GPU,POOR,0,0,257.0
Laptops,Apple,"MacBook Air 13"" (2022)",A2681,https://www.sellcell.com/assets/images/devices/009/macbook-air-13-2022.jpg,,,16GB,M2 8-Core CPU 10-Core GPU,MINT,0,0,446.0
Laptops,Apple,"MacBook Air 13"" (2022)",A2681,https://www.sellcell.com/assets/images/devices/009/macbook-air-13-2022.jpg,,,24GB,M2 8-Core CPU 10-Core GPU,GOOD,0,0,485.0
Laptops,Apple,"MacBook Air 13"" (2022)",A2681,https://www.sellcell.com/assets/images/devices/009/macbook-air-13-2022.jpg,,,16GB,M2 8-Core CPU 10-Core GPU,POOR,0,0,289.0
Laptops,Apple,"MacBook Air 13"" (2022)",A2681,https://www.sellcell.com/assets/images/devices/009/macbook-air-13-2022.jpg,,,16GB,M2 8-Core CPU 10-Core GPU,GOOD,0,0,385.0
Laptops,Apple,"MacBook Air 13"" (2022)",A2681,https://www.sellcell.com/assets/images/devices/009/macbook-air-13-2022.jpg,,,8GB,M2 8-Core CPU 10-Core GPU,MINT,0,0,396.0
Laptops,Apple,"MacBook Air 13"" (2022)",A2681,https://www.sellcell.com/assets/images/devices/009/macbook-air-13-2022.jpg,,,24GB,M3 8-Core CPU 10-Core GPU,POOR,0,0,442.0
Laptops,Apple,"MacBook Air 13"" (2022)",A2681,https://www.sellcell.com/assets/images/devices/009/macbook-air-13-2022.jpg,,,24GB,M2 8-Core CPU 8-Core GPU,POOR,0,0,320.0
Laptops,Apple,"MacBook Air 13"" (2022)",A2681,https://www.sellcell.com/assets/images/devices/009/macbook-air-13-2022.jpg,,,16GB,M3 8-Core CPU 8-Core GPU,GOOD,0,0,0
Laptops,Apple,"MacBook Air 13"" (2022)",A2681,https://www.sellcell.com/assets/images/devices/009/macbook-air-13-2022.jpg,,,16GB,M2 8-Core CPU 8-Core GPU,POOR,0,0,273.0
Laptops,Apple,"MacBook Air 13"" (2022)",A2681,https://www.sellcell.com/assets/images/devices/009/macbook-air-13-2022.jpg,,,8GB,M2 8-Core CPU 10-Core GPU,GOOD,0,0,345.0
Laptops,Apple,"MacBook Air 13"" (2022)",A2681,https://www.sellcell.com/assets/images/devices/009/macbook-air-13-2022.jpg,,,16GB,M2 8-Core CPU 8-Core GPU,FAULTY,0,0,160.0
Laptops,Apple,"MacBook Air 13"" (2022)",A2681,https://www.sellcell.com/assets/images/devices/009/macbook-air-13-2022.jpg,,,24GB,M2 8-Core CPU 8-Core GPU,FAULTY,0,0,160.0
Laptops,Apple,"MacBook Air 13"" (2022)",A2681,https://www.sellcell.com/assets/images/devices/009/macbook-air-13-2022.jpg,,,8GB,M2 8-Core CPU 8-Core GPU,GOOD,0,0,331.5
Laptops,Apple,"MacBook Air 13"" (2022)",A2681,https://www.sellcell.com/assets/images/devices/009/macbook-air-13-2022.jpg,,,16GB,M2 8-Core CPU 8-Core GPU,MINT,0,0,421.0
Laptops,Apple,"MacBook Air 13"" (2022)",A2681,https://www.sellcell.com/assets/images/devices/009/macbook-air-13-2022.jpg,,,24GB,M2 8-Core CPU 8-Core GPU,GOOD,0,0,430.0
Laptops,Apple,"MacBook Air 13"" (2022)",A2681,https://www.sellcell.com/assets/images/devices/009/macbook-air-13-2022.jpg,,,16GB,M2 8-Core CPU 10-Core GPU,FAULTY,0,0,160.0
Laptops,Apple,"MacBook Air 13"" (2022)",A2681,https://www.sellcell.com/assets/images/devices/009/macbook-air-13-2022.jpg,,,8GB,M2 8-Core CPU 8-Core GPU,MINT,0,0,390.0
Laptops,Apple,"MacBook Air 13"" (2022)",A2681,https://www.sellcell.com/assets/images/devices/009/macbook-air-13-2022.jpg,,,24GB,M2 8-Core CPU 8-Core GPU,MINT,0,0,471.0
Laptops,Apple,"MacBook Pro 13"" (2018)",A1989,https://www.sellcell.com/assets/images/devices/008/macbook-pro-13-2018.jpg,,,16GB,i7 2.7GHz,POOR,0,0,126.0
Laptops,Apple,"MacBook Air 13"" (2022)",A2681,https://www.sellcell.com/assets/images/devices/009/macbook-air-13-2022.jpg,,,8GB,M2 8-Core CPU 8-Core GPU,FAULTY,0,0,160.0
Laptops,Apple,"MacBook Air 13"" (2022)",A2681,https://www.sellcell.com/assets/images/devices/009/macbook-air-13-2022.jpg,,,16GB,M2 8-Core CPU 8-Core GPU,GOOD,0,0,380.0
Laptops,Apple,"MacBook Pro 13"" (2018)",A1989,https://www.sellcell.com/assets/images/devices/008/macbook-pro-13-2018.jpg,,,16GB,i7 2.7GHz,FAULTY,0,0,28.0
Laptops,Apple,"MacBook Air 13"" (2022)",A2681,https://www.sellcell.com/assets/images/devices/009/macbook-air-13-2022.jpg,,,8GB,M2 8-Core CPU 8-Core GPU,POOR,0,0,241.0
Laptops,Apple,"MacBook Pro 13"" (2018)",A1989,https://www.sellcell.com/assets/images/devices/008/macbook-pro-13-2018.jpg,,,8GB,i7 2.7GHz,MINT,0,0,191.0
Laptops,Apple,"MacBook Air 13"" (2022)",A2681,https://www.sellcell.com/assets/images/devices/009/macbook-air-13-2022.jpg,,,8GB,M2 8-Core CPU 10-Core GPU,FAULTY,0,0,160.0
Laptops,Apple,"MacBook Pro 13"" (2018)",A1989,https://www.sellcell.com/assets/images/devices/008/macbook-pro-13-2018.jpg,,,8GB,i7 2.7GHz,GOOD,0,0,157.25
Laptops,Apple,"MacBook Pro 13"" (2018)",A1989,https://www.sellcell.com/assets/images/devices/008/macbook-pro-13-2018.jpg,,,16GB,i7 2.7GHz,MINT,0,0,211.0
Laptops,Apple,"MacBook Pro 13"" (2018)",A1989,https://www.sellcell.com/assets/images/devices/008/macbook-pro-13-2018.jpg,,,16GB,i5 2.3GHz,POOR,0,0,114.0
Laptops,Apple,"MacBook Pro 13"" (2018)",A1989,https://www.sellcell.com/assets/images/devices/008/macbook-pro-13-2018.jpg,,,8GB,i7 2.7GHz,FAULTY,0,0,25.0
Laptops,Apple,"MacBook Air 13"" (2022)",A2681,https://www.sellcell.com/assets/images/devices/009/macbook-air-13-2022.jpg,,,24GB,M3 8-Core CPU 10-Core GPU,FAULTY,0,0,89.0
Laptops,Apple,"MacBook Pro 13"" (2018)",A1989,https://www.sellcell.com/assets/images/devices/008/macbook-pro-13-2018.jpg,,,8GB,i5 2.3GHz,MINT,0,0,171.0
Laptops,Apple,"MacBook Pro 13"" (2018)",A1989,https://www.sellcell.com/assets/images/devices/008/macbook-pro-13-2018.jpg,,,8GB,i5 2.3GHz,FAULTY,0,0,23.0
Laptops,Apple,"MacBook Pro 13"" (2018)",A1989,https://www.sellcell.com/assets/images/devices/008/macbook-pro-13-2018.jpg,,,16GB,i7 2.7GHz,GOOD,0,0,170.0
Laptops,Apple,"MacBook Pro 15"" (2019)",A1990,https://www.sellcell.com/assets/images/devices/008/macbook-pro-15-2019.jpg,,,32GB,i9 2.4GHz,GOOD,0,0,265.0
Laptops,Apple,"MacBook Pro 13"" (2018)",A1989,https://www.sellcell.com/assets/images/devices/008/macbook-pro-13-2018.jpg,,,16GB,i5 2.3GHz,GOOD,0,0,150.0
Laptops,Apple,"MacBook Pro 13"" (2018)",A1989,https://www.sellcell.com/assets/images/devices/008/macbook-pro-13-2018.jpg,,,8GB,i7 2.7GHz,POOR,0,0,114.0
Laptops,Apple,"MacBook Pro 13"" (2018)",A1989,https://www.sellcell.com/assets/images/devices/008/macbook-pro-13-2018.jpg,,,16GB,i5 2.3GHz,MINT,0,0,191.0
Laptops,Apple,"MacBook Pro 13"" (2018)",A1989,https://www.sellcell.com/assets/images/devices/008/macbook-pro-13-2018.jpg,,,8GB,i5 2.3GHz,POOR,0,0,102.0
Laptops,Apple,"MacBook Pro 15"" (2019)",A1990,https://www.sellcell.com/assets/images/devices/008/macbook-pro-15-2019.jpg,,,16GB,i9 2.4GHz,MINT,0,0,291.0
Laptops,Apple,"MacBook Pro 15"" (2019)",A1990,https://www.sellcell.com/assets/images/devices/008/macbook-pro-15-2019.jpg,,,32GB,i9 2.3GHz,FAULTY,0,0,40.0
Laptops,Apple,"MacBook Pro 15"" (2019)",A1990,https://www.sellcell.com/assets/images/devices/008/macbook-pro-15-2019.jpg,,,16GB,i9 2.4GHz,FAULTY,0,0,38.0
Laptops,Apple,"MacBook Pro 15"" (2019)",A1990,https://www.sellcell.com/assets/images/devices/008/macbook-pro-15-2019.jpg,,,32GB,i9 2.4GHz,MINT,0,0,326.0
Laptops,Apple,"MacBook Pro 15"" (2019)",A1990,https://www.sellcell.com/assets/images/devices/008/macbook-pro-15-2019.jpg,,,16GB,i9 2.4GHz,POOR,0,0,174.0
Laptops,Apple,"MacBook Pro 15"" (2019)",A1990,https://www.sellcell.com/assets/images/devices/008/macbook-pro-15-2019.jpg,,,32GB,i9 2.3GHz,MINT,0,0,306.0
Laptops,Apple,"MacBook Pro 15"" (2019)",A1990,https://www.sellcell.com/assets/images/devices/008/macbook-pro-15-2019.jpg,,,32GB,i9 2.3GHz,POOR,0,0,183.0
Laptops,Apple,"MacBook Pro 15"" (2019)",A1990,https://www.sellcell.com/assets/images/devices/008/macbook-pro-15-2019.jpg,,,16GB,i9 2.4GHz,GOOD,0,0,230.0
Laptops,Apple,"MacBook Pro 15"" (2019)",A1990,https://www.sellcell.com/assets/images/devices/008/macbook-pro-15-2019.jpg,,,32GB,i7 2.6GHz,FAULTY,0,0,35.0
Laptops,Apple,"MacBook Pro 15"" (2019)",A1990,https://www.sellcell.com/assets/images/devices/008/macbook-pro-15-2019.jpg,,,32GB,i7 2.6GHz,MINT,0,0,266.0
Laptops,Apple,"MacBook Pro 15"" (2019)",A1990,https://www.sellcell.com/assets/images/devices/008/macbook-pro-15-2019.jpg,,,32GB,i7 2.6GHz,POOR,0,0,159.0
Laptops,Apple,"MacBook Pro 15"" (2019)",A1990,https://www.sellcell.com/assets/images/devices/008/macbook-pro-15-2019.jpg,,,16GB,i9 2.3GHz,FAULTY,0,0,37.0
Laptops,Apple,"MacBook Pro 15"" (2019)",A1990,https://www.sellcell.com/assets/images/devices/008/macbook-pro-15-2019.jpg,,,32GB,i9 2.3GHz,GOOD,0,0,256.0
Laptops,Apple,"MacBook Pro 15"" (2019)",A1990,https://www.sellcell.com/assets/images/devices/008/macbook-pro-15-2019.jpg,,,16GB,i9 2.3GHz,MINT,0,0,281.0
Laptops,Apple,"MacBook Pro 15"" (2019)",A1990,https://www.sellcell.com/assets/images/devices/008/macbook-pro-15-2019.jpg,,,32GB,i7 2.6GHz,GOOD,0,0,205.0
Laptops,Apple,"MacBook Pro 13"" (2018)",A1989,https://www.sellcell.com/assets/images/devices/008/macbook-pro-13-2018.jpg,,,8GB,i5 2.3GHz,GOOD,0,0,144.5
Laptops,Apple,"MacBook Pro 15"" (2019)",A1990,https://www.sellcell.com/assets/images/devices/008/macbook-pro-15-2019.jpg,,,16GB,i9 2.3GHz,GOOD,0,0,221.0
Laptops,Apple,"MacBook Pro 15"" (2019)",A1990,https://www.sellcell.com/assets/images/devices/008/macbook-pro-15-2019.jpg,,,16GB,i9 2.3GHz,POOR,0,0,168.0
Laptops,Apple,"MacBook Pro 15"" (2019)",A1990,https://www.sellcell.com/assets/images/devices/008/macbook-pro-15-2019.jpg,,,16GB,i7 2.6GHz,MINT,0,0,231.0
Laptops,Apple,"MacBook Pro 15"" (2019)",A1990,https://www.sellcell.com/assets/images/devices/008/macbook-pro-15-2019.jpg,,,16GB,i7 2.6GHz,POOR,0,0,138.0
Laptops,Apple,"MacBook Pro 15"" (2019)",A1990,https://www.sellcell.com/assets/images/devices/008/macbook-pro-15-2019.jpg,,,16GB,i7 2.6GHz,GOOD,0,0,195.5
Laptops,Apple,"MacBook Air 13"" (2025)",A3240,https://www.sellcell.com/assets/images/devices/009/macbook-air-13-2025.jpg,,,32GB,M4 10-Core CPU 10-Core GPU,POOR,0,0,605.0
Laptops,Apple,"MacBook Air 13"" (2025)",A3240,https://www.sellcell.com/assets/images/devices/009/macbook-air-13-2025.jpg,,,32GB,M4 10-Core CPU 10-Core GPU,MINT,0,0,896.0
Laptops,Apple,"MacBook Air 13"" (2025)",A3240,https://www.sellcell.com/assets/images/devices/009/macbook-air-13-2025.jpg,,,32GB,M4 10-Core CPU 10-Core GPU,GOOD,0,0,725.0
Laptops,Apple,"MacBook Air 13"" (2025)",A3240,https://www.sellcell.com/assets/images/devices/009/macbook-air-13-2025.jpg,,,24GB,M4 10-Core CPU 10-Core GPU,GOOD,0,0,630.0
Laptops,Apple,"MacBook Air 13"" (2025)",A3240,https://www.sellcell.com/assets/images/devices/009/macbook-air-13-2025.jpg,,,24GB,M4 10-Core CPU 10-Core GPU,FAULTY,0,0,210.0
Laptops,Apple,"MacBook Air 13"" (2025)",A3240,https://www.sellcell.com/assets/images/devices/009/macbook-air-13-2025.jpg,,,16GB,M4 10-Core CPU 10-Core GPU,GOOD,0,0,525.0
Laptops,Apple,"MacBook Pro 15"" (2019)",A1990,https://www.sellcell.com/assets/images/devices/008/macbook-pro-15-2019.jpg,,,16GB,i7 2.6GHz,FAULTY,0,0,31.0
Laptops,Apple,"MacBook Air 13"" (2025)",A3240,https://www.sellcell.com/assets/images/devices/009/macbook-air-13-2025.jpg,,,24GB,M4 10-Core CPU 10-Core GPU,MINT,0,0,746.0
Laptops,Apple,"MacBook Air 13"" (2025)",A3240,https://www.sellcell.com/assets/images/devices/009/macbook-air-13-2025.jpg,,,16GB,M4 10-Core CPU 10-Core GPU,FAULTY,0,0,210.0
Laptops,Apple,"MacBook Air 13"" (2025)",A3240,https://www.sellcell.com/assets/images/devices/009/macbook-air-13-2025.jpg,,,32GB,M4 10-Core CPU 8-Core GPU,FAULTY,0,0,0
Laptops,Apple,"MacBook Air 13"" (2025)",A3240,https://www.sellcell.com/assets/images/devices/009/macbook-air-13-2025.jpg,,,16GB,M4 10-Core CPU 8-Core GPU,FAULTY,0,0,200.0
Laptops,Apple,"MacBook Air 13"" (2025)",A3240,https://www.sellcell.com/assets/images/devices/009/macbook-air-13-2025.jpg,,,24GB,M4 10-Core CPU 10-Core GPU,POOR,0,0,520.0
Laptops,Apple,"MacBook Air 13"" (2025)",A3240,https://www.sellcell.com/assets/images/devices/009/macbook-air-13-2025.jpg,,,16GB,M4 10-Core CPU 10-Core GPU,MINT,0,0,641.0
Laptops,Apple,"MacBook Air 13"" (2025)",A3240,https://www.sellcell.com/assets/images/devices/009/macbook-air-13-2025.jpg,,,24GB,M4 10-Core CPU 8-Core GPU,MINT,0,0,565.0
Laptops,Apple,"MacBook Pro 13"" (2018)",A1989,https://www.sellcell.com/assets/images/devices/008/macbook-pro-13-2018.jpg,,,16GB,i5 2.3GHz,FAULTY,0,0,25.0
Laptops,Apple,"MacBook Air 13"" (2025)",A3240,https://www.sellcell.com/assets/images/devices/009/macbook-air-13-2025.jpg,,,24GB,M4 10-Core CPU 8-Core GPU,FAULTY,0,0,0
Laptops,Apple,"MacBook Air 13"" (2025)",A3240,https://www.sellcell.com/assets/images/devices/009/macbook-air-13-2025.jpg,,,32GB,M4 10-Core CPU 8-Core GPU,MINT,0,0,565.0
Laptops,Apple,"MacBook Air 13"" (2025)",A3240,https://www.sellcell.com/assets/images/devices/009/macbook-air-13-2025.jpg,,,24GB,M4 10-Core CPU 8-Core GPU,GOOD,0,0,480.25
Laptops,Apple,"MacBook Air 13"" (2025)",A3240,https://www.sellcell.com/assets/images/devices/009/macbook-air-13-2025.jpg,,,16GB,M4 10-Core CPU 8-Core GPU,GOOD,0,0,495.0
Laptops,Apple,"MacBook Pro 16"" (2021)",A2485,https://www.sellcell.com/assets/images/devices/009/macbook-pro-16-2021.jpg,,,64GB,M1 Max 10-Core CPU 32-Core GPU,FAULTY,0,0,131.0
Laptops,Apple,"MacBook Air 13"" (2025)",A3240,https://www.sellcell.com/assets/images/devices/009/macbook-air-13-2025.jpg,,,32GB,M4 10-Core CPU 8-Core GPU,GOOD,0,0,480.25
Laptops,Apple,"MacBook Pro 16"" (2021)",A2485,https://www.sellcell.com/assets/images/devices/009/macbook-pro-16-2021.jpg,,,64GB,M1 Max 10-Core CPU 32-Core GPU,GOOD,0,0,875.0
Laptops,Apple,"MacBook Pro 16"" (2021)",A2485,https://www.sellcell.com/assets/images/devices/009/macbook-pro-16-2021.jpg,,,64GB,M1 Max 10-Core CPU 32-Core GPU,POOR,0,0,750.0
Laptops,Apple,"MacBook Air 13"" (2025)",A3240,https://www.sellcell.com/assets/images/devices/009/macbook-air-13-2025.jpg,,,16GB,M4 10-Core CPU 8-Core GPU,POOR,0,0,405.0
Laptops,Apple,"MacBook Pro 16"" (2021)",A2485,https://www.sellcell.com/assets/images/devices/009/macbook-pro-16-2021.jpg,,,64GB,M1 Max 10-Core CPU 32-Core GPU,MINT,0,0,1001.0
Laptops,Apple,"MacBook Pro 16"" (2021)",A2485,https://www.sellcell.com/assets/images/devices/009/macbook-pro-16-2021.jpg,,,32GB,M1 Max 10-Core CPU 32-Core GPU,FAULTY,0,0,104.0
Laptops,Apple,"MacBook Pro 16"" (2021)",A2485,https://www.sellcell.com/assets/images/devices/009/macbook-pro-16-2021.jpg,,,16GB,M1 Max 10-Core CPU 32-Core GPU,POOR,0,0,0
Laptops,Apple,"MacBook Pro 16"" (2021)",A2485,https://www.sellcell.com/assets/images/devices/009/macbook-pro-16-2021.jpg,,,16GB,M1 Max 10-Core CPU 32-Core GPU,MINT,0,0,0
Laptops,Apple,"MacBook Air 13"" (2025)",A3240,https://www.sellcell.com/assets/images/devices/009/macbook-air-13-2025.jpg,,,16GB,M4 10-Core CPU 8-Core GPU,MINT,0,0,591.0
Laptops,Apple,"MacBook Pro 16"" (2021)",A2485,https://www.sellcell.com/assets/images/devices/009/macbook-pro-16-2021.jpg,,,32GB,M1 Max 10-Core CPU 32-Core GPU,MINT,0,0,796.0
Laptops,Apple,"MacBook Pro 16"" (2021)",A2485,https://www.sellcell.com/assets/images/devices/009/macbook-pro-16-2021.jpg,,,32GB,M1 Max 10-Core CPU 32-Core GPU,GOOD,0,0,670.0
Laptops,Apple,"MacBook Pro 16"" (2021)",A2485,https://www.sellcell.com/assets/images/devices/009/macbook-pro-16-2021.jpg,,,16GB,M1 Max 10-Core CPU 32-Core GPU,FAULTY,0,0,0
Laptops,Apple,"MacBook Pro 16"" (2021)",A2485,https://www.sellcell.com/assets/images/devices/009/macbook-pro-16-2021.jpg,,,64GB,M1 Max 10-Core CPU 24-Core GPU,FAULTY,0,0,127.0
Laptops,Apple,"MacBook Pro 16"" (2021)",A2485,https://www.sellcell.com/assets/images/devices/009/macbook-pro-16-2021.jpg,,,32GB,M1 Max 10-Core CPU 32-Core GPU,POOR,0,0,545.0
Laptops,Apple,"MacBook Air 13"" (2025)",A3240,https://www.sellcell.com/assets/images/devices/009/macbook-air-13-2025.jpg,,,24GB,M4 10-Core CPU 8-Core GPU,POOR,0,0,0
Laptops,Apple,"MacBook Pro 16"" (2021)",A2485,https://www.sellcell.com/assets/images/devices/009/macbook-pro-16-2021.jpg,,,16GB,M1 Max 10-Core CPU 32-Core GPU,GOOD,0,0,0
Laptops,Apple,"MacBook Pro 16"" (2021)",A2485,https://www.sellcell.com/assets/images/devices/009/macbook-pro-16-2021.jpg,,,64GB,M1 Max 10-Core CPU 24-Core GPU,POOR,0,0,720.0
Laptops,Apple,"MacBook Pro 16"" (2021)",A2485,https://www.sellcell.com/assets/images/devices/009/macbook-pro-16-2021.jpg,,,32GB,M1 Max 10-Core CPU 24-Core GPU,POOR,0,0,515.0
Laptops,Apple,"MacBook Pro 16"" (2021)",A2485,https://www.sellcell.com/assets/images/devices/009/macbook-pro-16-2021.jpg,,,16GB,M1 Max 10-Core CPU 24-Core GPU,FAULTY,0,0,0
Laptops,Apple,"MacBook Pro 16"" (2021)",A2485,https://www.sellcell.com/assets/images/devices/009/macbook-pro-16-2021.jpg,,,64GB,M1 Max 10-Core CPU 24-Core GPU,GOOD,0,0,845.0
Laptops,Apple,"MacBook Pro 16"" (2021)",A2485,https://www.sellcell.com/assets/images/devices/009/macbook-pro-16-2021.jpg,,,32GB,M1 Max 10-Core CPU 24-Core GPU,FAULTY,0,0,100.0
Laptops,Apple,"MacBook Pro 16"" (2021)",A2485,https://www.sellcell.com/assets/images/devices/009/macbook-pro-16-2021.jpg,,,64GB,M1 Pro 10-Core CPU 16-Core GPU,FAULTY,0,0,0
Laptops,Apple,"MacBook Pro 16"" (2021)",A2485,https://www.sellcell.com/assets/images/devices/009/macbook-pro-16-2021.jpg,,,16GB,M1 Max 10-Core CPU 24-Core GPU,MINT,0,0,610.0
Laptops,Apple,"MacBook Pro 16"" (2021)",A2485,https://www.sellcell.com/assets/images/devices/009/macbook-pro-16-2021.jpg,,,32GB,M1 Max 10-Core CPU 24-Core GPU,GOOD,0,0,640.0
Laptops,Apple,"MacBook Air 13"" (2025)",A3240,https://www.sellcell.com/assets/images/devices/009/macbook-air-13-2025.jpg,,,32GB,M4 10-Core CPU 8-Core GPU,POOR,0,0,0
Laptops,Apple,"MacBook Pro 16"" (2021)",A2485,https://www.sellcell.com/assets/images/devices/009/macbook-pro-16-2021.jpg,,,32GB,M1 Pro 10-Core CPU 16-Core GPU,FAULTY,0,0,89.0
Laptops,Apple,"MacBook Air 13"" (2025)",A3240,https://www.sellcell.com/assets/images/devices/009/macbook-air-13-2025.jpg,,,16GB,M4 10-Core CPU 10-Core GPU,POOR,0,0,420.0
Laptops,Apple,"MacBook Pro 16"" (2021)",A2485,https://www.sellcell.com/assets/images/devices/009/macbook-pro-16-2021.jpg,,,16GB,M1 Max 10-Core CPU 24-Core GPU,POOR,0,0,0
Laptops,Apple,"MacBook Pro 16"" (2021)",A2485,https://www.sellcell.com/assets/images/devices/009/macbook-pro-16-2021.jpg,,,16GB,M1 Max 10-Core CPU 24-Core GPU,GOOD,0,0,518.5
Laptops,Apple,"MacBook Pro 16"" (2021)",A2485,https://www.sellcell.com/assets/images/devices/009/macbook-pro-16-2021.jpg,,,64GB,M1 Pro 10-Core CPU 16-Core GPU,MINT,0,0,530.0
Laptops,Apple,"MacBook Pro 16"" (2021)",A2485,https://www.sellcell.com/assets/images/devices/009/macbook-pro-16-2021.jpg,,,64GB,M1 Pro 10-Core CPU 16-Core GPU,GOOD,0,0,450.5
Laptops,Apple,"MacBook Pro 16"" (2021)",A2485,https://www.sellcell.com/assets/images/devices/009/macbook-pro-16-2021.jpg,,,32GB,M1 Max 10-Core CPU 24-Core GPU,MINT,0,0,766.0
Laptops,Apple,"MacBook Pro 15"" (2016)",A1707,https://www.sellcell.com/assets/images/devices/008/macbook-pro-15-2016.jpg,,,16GB,i7 2.9GHz,FAULTY,0,0,21.0
Laptops,Apple,"MacBook Pro 16"" (2021)",A2485,https://www.sellcell.com/assets/images/devices/009/macbook-pro-16-2021.jpg,,,16GB,M1 Pro 10-Core CPU 16-Core GPU,GOOD,0,0,470.0
Laptops,Apple,"MacBook Pro 16"" (2021)",A2485,https://www.sellcell.com/assets/images/devices/009/macbook-pro-16-2021.jpg,,,32GB,M1 Pro 10-Core CPU 16-Core GPU,GOOD,0,0,595.0
Laptops,Apple,"MacBook Pro 16"" (2021)",A2485,https://www.sellcell.com/assets/images/devices/009/macbook-pro-16-2021.jpg,,,16GB,M1 Pro 10-Core CPU 16-Core GPU,FAULTY,0,0,73.0
Laptops,Apple,"MacBook Pro 16"" (2021)",A2485,https://www.sellcell.com/assets/images/devices/009/macbook-pro-16-2021.jpg,,,16GB,M1 Pro 10-Core CPU 16-Core GPU,MINT,0,0,556.0
Laptops,Apple,"MacBook Pro 16"" (2021)",A2485,https://www.sellcell.com/assets/images/devices/009/macbook-pro-16-2021.jpg,,,16GB,M1 Pro 10-Core CPU 16-Core GPU,POOR,0,0,365.0
Laptops,Apple,"MacBook Pro 16"" (2021)",A2485,https://www.sellcell.com/assets/images/devices/009/macbook-pro-16-2021.jpg,,,32GB,M1 Pro 10-Core CPU 16-Core GPU,POOR,0,0,490.0
Laptops,Apple,"MacBook Pro 16"" (2021)",A2485,https://www.sellcell.com/assets/images/devices/009/macbook-pro-16-2021.jpg,,,32GB,M1 Pro 10-Core CPU 16-Core GPU,MINT,0,0,681.0
Laptops,Apple,"MacBook Pro 16"" (2021)",A2485,https://www.sellcell.com/assets/images/devices/009/macbook-pro-16-2021.jpg,,,64GB,M1 Max 10-Core CPU 24-Core GPU,MINT,0,0,971.0
Laptops,Apple,"MacBook Pro 15"" (2016)",A1707,https://www.sellcell.com/assets/images/devices/008/macbook-pro-15-2016.jpg,,,16GB,i7 2.9GHz,GOOD,0,0,135.0
Laptops,Apple,"MacBook Pro 15"" (2016)",A1707,https://www.sellcell.com/assets/images/devices/008/macbook-pro-15-2016.jpg,,,16GB,i7 2.7GHz,POOR,0,0,102.0
Laptops,Apple,"MacBook Pro 15"" (2016)",A1707,https://www.sellcell.com/assets/images/devices/008/macbook-pro-15-2016.jpg,,,16GB,i7 2.7GHz,MINT,0,0,171.0
Laptops,Apple,"MacBook Pro 15"" (2016)",A1707,https://www.sellcell.com/assets/images/devices/008/macbook-pro-15-2016.jpg,,,16GB,i7 2.7GHz,GOOD,0,0,135.0
Laptops,Apple,"MacBook Pro 15"" (2016)",A1707,https://www.sellcell.com/assets/images/devices/008/macbook-pro-15-2016.jpg,,,16GB,i7 2.9GHz,POOR,0,0,96.0
Laptops,Apple,"MacBook Pro 15"" (2016)",A1707,https://www.sellcell.com/assets/images/devices/008/macbook-pro-15-2016.jpg,,,16GB,i7 2.9GHz,MINT,0,0,170.0
Laptops,Apple,"MacBook Neo 13"" (2026)",A3404,https://www.sellcell.com/assets/images/devices/009/macbook-neo-13-2026.jpg,,,8GB,A18 Pro 6-Core CPU 5-Core GPU,MINT,0,0,360.0
Laptops,Apple,"MacBook Pro 14"" (2025)",A3434,https://www.sellcell.com/assets/images/devices/009/macbook-pro-14-2025.jpg,,,128GB,M5 Max 18-Core CPU 32-Core GPU,FAULTY,0,0,0
Laptops,Apple,"MacBook Pro 15"" (2016)",A1707,https://www.sellcell.com/assets/images/devices/008/macbook-pro-15-2016.jpg,,,16GB,i7 2.6GHz,MINT,0,0,141.0
Laptops,Apple,"MacBook Pro 15"" (2016)",A1707,https://www.sellcell.com/assets/images/devices/008/macbook-pro-15-2016.jpg,,,16GB,i7 2.6GHz,GOOD,0,0,110.0
Laptops,Apple,"MacBook Pro 14"" (2025)",A3434,https://www.sellcell.com/assets/images/devices/009/macbook-pro-14-2025.jpg,,,128GB,M5 Max 18-Core CPU 32-Core GPU,POOR,0,0,0
Laptops,Apple,"MacBook Pro 14"" (2025)",A3434,https://www.sellcell.com/assets/images/devices/009/macbook-pro-14-2025.jpg,,,128GB,M5 Max 18-Core CPU 32-Core GPU,MINT,0,0,0
Laptops,Apple,"MacBook Pro 15"" (2016)",A1707,https://www.sellcell.com/assets/images/devices/008/macbook-pro-15-2016.jpg,,,16GB,i7 2.7GHz,FAULTY,0,0,23.0
Laptops,Apple,"MacBook Pro 14"" (2025)",A3434,https://www.sellcell.com/assets/images/devices/009/macbook-pro-14-2025.jpg,,,128GB,M5 Max 18-Core CPU 32-Core GPU,GOOD,0,0,0
Laptops,Apple,"MacBook Pro 14"" (2025)",A3434,https://www.sellcell.com/assets/images/devices/009/macbook-pro-14-2025.jpg,,,64GB,M5 Max 18-Core CPU 32-Core GPU,POOR,0,0,0
Laptops,Apple,"MacBook Pro 14"" (2025)",A3434,https://www.sellcell.com/assets/images/devices/009/macbook-pro-14-2025.jpg,,,48GB,M5 Max 18-Core CPU 32-Core GPU,GOOD,0,0,0
Laptops,Apple,"MacBook Pro 14"" (2025)",A3434,https://www.sellcell.com/assets/images/devices/009/macbook-pro-14-2025.jpg,,,64GB,M5 Max 18-Core CPU 32-Core GPU,GOOD,0,0,0
Laptops,Apple,"MacBook Pro 15"" (2016)",A1707,https://www.sellcell.com/assets/images/devices/008/macbook-pro-15-2016.jpg,,,16GB,i7 2.6GHz,POOR,0,0,84.0
Laptops,Apple,"MacBook Pro 14"" (2025)",A3434,https://www.sellcell.com/assets/images/devices/009/macbook-pro-14-2025.jpg,,,48GB,M5 Max 18-Core CPU 32-Core GPU,MINT,0,0,0
Laptops,Apple,"MacBook Pro 14"" (2025)",A3434,https://www.sellcell.com/assets/images/devices/009/macbook-pro-14-2025.jpg,,,64GB,M5 Max 18-Core CPU 32-Core GPU,MINT,0,0,0
Laptops,Apple,"MacBook Pro 14"" (2025)",A3434,https://www.sellcell.com/assets/images/devices/009/macbook-pro-14-2025.jpg,,,48GB,M5 Max 18-Core CPU 32-Core GPU,POOR,0,0,0
Laptops,Apple,"MacBook Pro 14"" (2025)",A3434,https://www.sellcell.com/assets/images/devices/009/macbook-pro-14-2025.jpg,,,48GB,M5 Max 18-Core CPU 32-Core GPU,FAULTY,0,0,0
Laptops,Apple,"MacBook Pro 14"" (2025)",A3434,https://www.sellcell.com/assets/images/devices/009/macbook-pro-14-2025.jpg,,,32GB,M5 Max 18-Core CPU 32-Core GPU,FAULTY,0,0,0
Laptops,Apple,"MacBook Pro 14"" (2025)",A3434,https://www.sellcell.com/assets/images/devices/009/macbook-pro-14-2025.jpg,,,32GB,M5 Max 18-Core CPU 32-Core GPU,POOR,0,0,0
Laptops,Apple,"MacBook Pro 14"" (2025)",A3434,https://www.sellcell.com/assets/images/devices/009/macbook-pro-14-2025.jpg,,,36GB,M5 Max 18-Core CPU 32-Core GPU,FAULTY,0,0,500.0
Laptops,Apple,"MacBook Pro 14"" (2025)",A3434,https://www.sellcell.com/assets/images/devices/009/macbook-pro-14-2025.jpg,,,64GB,M5 Max 18-Core CPU 32-Core GPU,FAULTY,0,0,0
Laptops,Apple,"MacBook Pro 14"" (2025)",A3434,https://www.sellcell.com/assets/images/devices/009/macbook-pro-14-2025.jpg,,,36GB,M5 Max 18-Core CPU 32-Core GPU,POOR,0,0,1900.0
Laptops,Apple,"MacBook Pro 14"" (2025)",A3434,https://www.sellcell.com/assets/images/devices/009/macbook-pro-14-2025.jpg,,,36GB,M5 Max 18-Core CPU 32-Core GPU,MINT,0,0,2351.0
Laptops,Apple,"MacBook Pro 14"" (2025)",A3434,https://www.sellcell.com/assets/images/devices/009/macbook-pro-14-2025.jpg,,,16GB,M5 Max 18-Core CPU 32-Core GPU,POOR,0,0,0
Laptops,Apple,"MacBook Pro 14"" (2025)",A3434,https://www.sellcell.com/assets/images/devices/009/macbook-pro-14-2025.jpg,,,16GB,M5 Max 18-Core CPU 32-Core GPU,MINT,0,0,0
Laptops,Apple,"MacBook Pro 14"" (2025)",A3434,https://www.sellcell.com/assets/images/devices/009/macbook-pro-14-2025.jpg,,,32GB,M5 Max 18-Core CPU 32-Core GPU,MINT,0,0,0
Laptops,Apple,"MacBook Pro 16"" (2021)",A2485,https://www.sellcell.com/assets/images/devices/009/macbook-pro-16-2021.jpg,,,64GB,M1 Pro 10-Core CPU 16-Core GPU,POOR,0,0,0
Laptops,Apple,"MacBook Pro 14"" (2025)",A3434,https://www.sellcell.com/assets/images/devices/009/macbook-pro-14-2025.jpg,,,36GB,M5 Max 18-Core CPU 32-Core GPU,GOOD,0,0,2110.0
Laptops,Apple,"MacBook Pro 14"" (2025)",A3434,https://www.sellcell.com/assets/images/devices/009/macbook-pro-14-2025.jpg,,,16GB,M5 Max 18-Core CPU 32-Core GPU,FAULTY,0,0,0
Laptops,Apple,"MacBook Pro 14"" (2025)",A3434,https://www.sellcell.com/assets/images/devices/009/macbook-pro-14-2025.jpg,,,16GB,M5 Max 18-Core CPU 32-Core GPU,GOOD,0,0,0
Laptops,Apple,"MacBook Pro 15"" (2016)",A1707,https://www.sellcell.com/assets/images/devices/008/macbook-pro-15-2016.jpg,,,16GB,i7 2.6GHz,FAULTY,0,0,19.0
Laptops,Apple,"MacBook Pro 14"" (2025)",A3434,https://www.sellcell.com/assets/images/devices/009/macbook-pro-14-2025.jpg,,,24GB,M5 Max 18-Core CPU 32-Core GPU,FAULTY,0,0,0
Laptops,Apple,"MacBook Pro 14"" (2025)",A3434,https://www.sellcell.com/assets/images/devices/009/macbook-pro-14-2025.jpg,,,32GB,M5 Max 18-Core CPU 32-Core GPU,GOOD,0,0,0
Laptops,Apple,"MacBook Pro 14"" (2025)",A3434,https://www.sellcell.com/assets/images/devices/009/macbook-pro-14-2025.jpg,,,64GB,M5 Pro 18-Core CPU 20-Core GPU,POOR,0,0,1900.0
Laptops,Apple,"MacBook Pro 14"" (2025)",A3434,https://www.sellcell.com/assets/images/devices/009/macbook-pro-14-2025.jpg,,,128GB,M5 Pro 18-Core CPU 20-Core GPU,MINT,0,0,0
Laptops,Apple,"MacBook Pro 14"" (2025)",A3434,https://www.sellcell.com/assets/images/devices/009/macbook-pro-14-2025.jpg,,,128GB,M5 Pro 18-Core CPU 20-Core GPU,FAULTY,0,0,0
Laptops,Apple,"MacBook Pro 14"" (2025)",A3434,https://www.sellcell.com/assets/images/devices/009/macbook-pro-14-2025.jpg,,,64GB,M5 Pro 18-Core CPU 20-Core GPU,MINT,0,0,2250.0
Laptops,Apple,"MacBook Pro 14"" (2025)",A3434,https://www.sellcell.com/assets/images/devices/009/macbook-pro-14-2025.jpg,,,64GB,M5 Pro 18-Core CPU 20-Core GPU,FAULTY,0,0,300.0
Laptops,Apple,"MacBook Pro 14"" (2025)",A3434,https://www.sellcell.com/assets/images/devices/009/macbook-pro-14-2025.jpg,,,24GB,M5 Max 18-Core CPU 32-Core GPU,POOR,0,0,0
Laptops,Apple,"MacBook Pro 14"" (2025)",A3434,https://www.sellcell.com/assets/images/devices/009/macbook-pro-14-2025.jpg,,,128GB,M5 Pro 18-Core CPU 20-Core GPU,GOOD,0,0,0
Laptops,Apple,"MacBook Pro 14"" (2025)",A3434,https://www.sellcell.com/assets/images/devices/009/macbook-pro-14-2025.jpg,,,64GB,M5 Pro 18-Core CPU 20-Core GPU,GOOD,0,0,2075.0
Laptops,Apple,"MacBook Pro 14"" (2025)",A3434,https://www.sellcell.com/assets/images/devices/009/macbook-pro-14-2025.jpg,,,48GB,M5 Pro 18-Core CPU 20-Core GPU,MINT,0,0,2000.0
Laptops,Apple,"MacBook Pro 14"" (2025)",A3434,https://www.sellcell.com/assets/images/devices/009/macbook-pro-14-2025.jpg,,,36GB,M5 Pro 18-Core CPU 20-Core GPU,GOOD,0,0,0
Laptops,Apple,"MacBook Pro 14"" (2025)",A3434,https://www.sellcell.com/assets/images/devices/009/macbook-pro-14-2025.jpg,,,36GB,M5 Pro 18-Core CPU 20-Core GPU,MINT,0,0,0
Laptops,Apple,"MacBook Pro 14"" (2025)",A3434,https://www.sellcell.com/assets/images/devices/009/macbook-pro-14-2025.jpg,,,24GB,M5 Max 18-Core CPU 32-Core GPU,GOOD,0,0,0
Laptops,Apple,"MacBook Pro 14"" (2025)",A3434,https://www.sellcell.com/assets/images/devices/009/macbook-pro-14-2025.jpg,,,128GB,M5 Pro 18-Core CPU 20-Core GPU,POOR,0,0,0
Laptops,Apple,"MacBook Pro 14"" (2025)",A3434,https://www.sellcell.com/assets/images/devices/009/macbook-pro-14-2025.jpg,,,48GB,M5 Pro 18-Core CPU 20-Core GPU,FAULTY,0,0,300.0
Laptops,Apple,"MacBook Pro 14"" (2025)",A3434,https://www.sellcell.com/assets/images/devices/009/macbook-pro-14-2025.jpg,,,36GB,M5 Pro 18-Core CPU 20-Core GPU,POOR,0,0,0
Laptops,Apple,"MacBook Pro 14"" (2025)",A3434,https://www.sellcell.com/assets/images/devices/009/macbook-pro-14-2025.jpg,,,24GB,M5 Pro 18-Core CPU 20-Core GPU,FAULTY,0,0,300.0
Laptops,Apple,"MacBook Pro 14"" (2025)",A3434,https://www.sellcell.com/assets/images/devices/009/macbook-pro-14-2025.jpg,,,32GB,M5 Pro 18-Core CPU 20-Core GPU,FAULTY,0,0,0
Laptops,Apple,"MacBook Pro 14"" (2025)",A3434,https://www.sellcell.com/assets/images/devices/009/macbook-pro-14-2025.jpg,,,24GB,M5 Pro 18-Core CPU 20-Core GPU,MINT,0,0,1650.0
Laptops,Apple,"MacBook Pro 14"" (2025)",A3434,https://www.sellcell.com/assets/images/devices/009/macbook-pro-14-2025.jpg,,,32GB,M5 Pro 18-Core CPU 20-Core GPU,MINT,0,0,0
Laptops,Apple,"MacBook Pro 14"" (2025)",A3434,https://www.sellcell.com/assets/images/devices/009/macbook-pro-14-2025.jpg,,,24GB,M5 Pro 18-Core CPU 20-Core GPU,GOOD,0,0,1475.0
Laptops,Apple,"MacBook Pro 14"" (2025)",A3434,https://www.sellcell.com/assets/images/devices/009/macbook-pro-14-2025.jpg,,,48GB,M5 Pro 18-Core CPU 20-Core GPU,GOOD,0,0,1825.0
Laptops,Apple,"MacBook Pro 14"" (2025)",A3434,https://www.sellcell.com/assets/images/devices/009/macbook-pro-14-2025.jpg,,,24GB,M5 Pro 18-Core CPU 20-Core GPU,POOR,0,0,1300.0
Laptops,Apple,"MacBook Pro 14"" (2025)",A3434,https://www.sellcell.com/assets/images/devices/009/macbook-pro-14-2025.jpg,,,48GB,M5 Pro 18-Core CPU 20-Core GPU,POOR,0,0,1650.0
Laptops,Apple,"MacBook Pro 14"" (2025)",A3434,https://www.sellcell.com/assets/images/devices/009/macbook-pro-14-2025.jpg,,,32GB,M5 Pro 18-Core CPU 20-Core GPU,GOOD,0,0,0
Laptops,Apple,"MacBook Pro 14"" (2025)",A3434,https://www.sellcell.com/assets/images/devices/009/macbook-pro-14-2025.jpg,,,32GB,M5 Pro 18-Core CPU 20-Core GPU,POOR,0,0,0
Laptops,Apple,"MacBook Pro 14"" (2025)",A3434,https://www.sellcell.com/assets/images/devices/009/macbook-pro-14-2025.jpg,,,128GB,M5 Max 18-Core CPU 40-Core GPU,MINT,0,0,3975.0
Laptops,Apple,"MacBook Pro 14"" (2025)",A3434,https://www.sellcell.com/assets/images/devices/009/macbook-pro-14-2025.jpg,,,16GB,M5 Pro 18-Core CPU 20-Core GPU,FAULTY,0,0,0
Laptops,Apple,"MacBook Pro 14"" (2025)",A3434,https://www.sellcell.com/assets/images/devices/009/macbook-pro-14-2025.jpg,,,16GB,M5 Pro 18-Core CPU 20-Core GPU,POOR,0,0,0
Laptops,Apple,"MacBook Pro 14"" (2025)",A3434,https://www.sellcell.com/assets/images/devices/009/macbook-pro-14-2025.jpg,,,128GB,M5 Max 18-Core CPU 40-Core GPU,GOOD,0,0,3685.0
Laptops,Apple,"MacBook Pro 14"" (2025)",A3434,https://www.sellcell.com/assets/images/devices/009/macbook-pro-14-2025.jpg,,,16GB,M5 Pro 18-Core CPU 20-Core GPU,GOOD,0,0,0
Laptops,Apple,"MacBook Pro 14"" (2025)",A3434,https://www.sellcell.com/assets/images/devices/009/macbook-pro-14-2025.jpg,,,128GB,M5 Max 18-Core CPU 40-Core GPU,POOR,0,0,3425.0
Laptops,Apple,"MacBook Pro 14"" (2025)",A3434,https://www.sellcell.com/assets/images/devices/009/macbook-pro-14-2025.jpg,,,128GB,M5 Max 18-Core CPU 40-Core GPU,FAULTY,0,0,500.0
Laptops,Apple,"MacBook Pro 14"" (2025)",A3434,https://www.sellcell.com/assets/images/devices/009/macbook-pro-14-2025.jpg,,,64GB,M5 Max 18-Core CPU 40-Core GPU,MINT,0,0,3475.0
Laptops,Apple,"MacBook Pro 14"" (2025)",A3434,https://www.sellcell.com/assets/images/devices/009/macbook-pro-14-2025.jpg,,,64GB,M5 Max 18-Core CPU 40-Core GPU,GOOD,0,0,3185.0
Laptops,Apple,"MacBook Pro 14"" (2025)",A3434,https://www.sellcell.com/assets/images/devices/009/macbook-pro-14-2025.jpg,,,48GB,M5 Max 18-Core CPU 40-Core GPU,FAULTY,0,0,500.0
Laptops,Apple,"MacBook Pro 14"" (2025)",A3434,https://www.sellcell.com/assets/images/devices/009/macbook-pro-14-2025.jpg,,,48GB,M5 Max 18-Core CPU 40-Core GPU,POOR,0,0,2525.0
Laptops,Apple,"MacBook Pro 14"" (2025)",A3434,https://www.sellcell.com/assets/images/devices/009/macbook-pro-14-2025.jpg,,,64GB,M5 Max 18-Core CPU 40-Core GPU,POOR,0,0,2925.0
Laptops,Apple,"MacBook Pro 14"" (2025)",A3434,https://www.sellcell.com/assets/images/devices/009/macbook-pro-14-2025.jpg,,,36GB,M5 Pro 18-Core CPU 20-Core GPU,FAULTY,0,0,0
Laptops,Apple,"MacBook Pro 14"" (2025)",A3434,https://www.sellcell.com/assets/images/devices/009/macbook-pro-14-2025.jpg,,,64GB,M5 Max 18-Core CPU 40-Core GPU,FAULTY,0,0,500.0
Laptops,Apple,"MacBook Pro 14"" (2025)",A3434,https://www.sellcell.com/assets/images/devices/009/macbook-pro-14-2025.jpg,,,48GB,M5 Max 18-Core CPU 40-Core GPU,MINT,0,0,3075.0
Laptops,Apple,"MacBook Pro 14"" (2025)",A3434,https://www.sellcell.com/assets/images/devices/009/macbook-pro-14-2025.jpg,,,48GB,M5 Max 18-Core CPU 40-Core GPU,GOOD,0,0,2785.0
Laptops,Apple,"MacBook Pro 14"" (2025)",A3434,https://www.sellcell.com/assets/images/devices/009/macbook-pro-14-2025.jpg,,,32GB,M5 Max 18-Core CPU 40-Core GPU,MINT,0,0,0
Laptops,Apple,"MacBook Pro 14"" (2025)",A3434,https://www.sellcell.com/assets/images/devices/009/macbook-pro-14-2025.jpg,,,16GB,M5 Pro 18-Core CPU 20-Core GPU,MINT,0,0,0
Laptops,Apple,"MacBook Pro 14"" (2025)",A3434,https://www.sellcell.com/assets/images/devices/009/macbook-pro-14-2025.jpg,,,36GB,M5 Max 18-Core CPU 40-Core GPU,MINT,0,0,0
Laptops,Apple,"MacBook Pro 14"" (2025)",A3434,https://www.sellcell.com/assets/images/devices/009/macbook-pro-14-2025.jpg,,,32GB,M5 Max 18-Core CPU 40-Core GPU,FAULTY,0,0,0
Laptops,Apple,"MacBook Pro 14"" (2025)",A3434,https://www.sellcell.com/assets/images/devices/009/macbook-pro-14-2025.jpg,,,32GB,M5 Max 18-Core CPU 40-Core GPU,POOR,0,0,0
Laptops,Apple,"MacBook Pro 14"" (2025)",A3434,https://www.sellcell.com/assets/images/devices/009/macbook-pro-14-2025.jpg,,,32GB,M5 Max 18-Core CPU 40-Core GPU,GOOD,0,0,0
Laptops,Apple,"MacBook Pro 14"" (2025)",A3434,https://www.sellcell.com/assets/images/devices/009/macbook-pro-14-2025.jpg,,,36GB,M5 Max 18-Core CPU 40-Core GPU,POOR,0,0,0
Laptops,Apple,"MacBook Pro 14"" (2025)",A3434,https://www.sellcell.com/assets/images/devices/009/macbook-pro-14-2025.jpg,,,24GB,M5 Max 18-Core CPU 40-Core GPU,POOR,0,0,0
Laptops,Apple,"MacBook Pro 14"" (2025)",A3434,https://www.sellcell.com/assets/images/devices/009/macbook-pro-14-2025.jpg,,,16GB,M5 Max 18-Core CPU 40-Core GPU,FAULTY,0,0,0
Laptops,Apple,"MacBook Pro 14"" (2025)",A3434,https://www.sellcell.com/assets/images/devices/009/macbook-pro-14-2025.jpg,,,24GB,M5 Max 18-Core CPU 40-Core GPU,GOOD,0,0,0
Laptops,Apple,"MacBook Pro 14"" (2025)",A3434,https://www.sellcell.com/assets/images/devices/009/macbook-pro-14-2025.jpg,,,24GB,M5 Max 18-Core CPU 40-Core GPU,FAULTY,0,0,0
Laptops,Apple,"MacBook Pro 14"" (2025)",A3434,https://www.sellcell.com/assets/images/devices/009/macbook-pro-14-2025.jpg,,,16GB,M5 Max 18-Core CPU 40-Core GPU,MINT,0,0,0
Laptops,Apple,"MacBook Pro 14"" (2025)",A3434,https://www.sellcell.com/assets/images/devices/009/macbook-pro-14-2025.jpg,,,24GB,M5 Max 18-Core CPU 40-Core GPU,MINT,0,0,0
Laptops,Apple,"MacBook Pro 14"" (2025)",A3434,https://www.sellcell.com/assets/images/devices/009/macbook-pro-14-2025.jpg,,,128GB,M5 Pro 15-Core CPU 16-Core GPU,MINT,0,0,0
Laptops,Apple,"MacBook Pro 14"" (2025)",A3434,https://www.sellcell.com/assets/images/devices/009/macbook-pro-14-2025.jpg,,,16GB,M5 Max 18-Core CPU 40-Core GPU,POOR,0,0,0
Laptops,Apple,"MacBook Pro 14"" (2025)",A3434,https://www.sellcell.com/assets/images/devices/009/macbook-pro-14-2025.jpg,,,64GB,M5 Pro 15-Core CPU 16-Core GPU,MINT,0,0,0
Laptops,Apple,"MacBook Pro 14"" (2025)",A3434,https://www.sellcell.com/assets/images/devices/009/macbook-pro-14-2025.jpg,,,64GB,M5 Pro 15-Core CPU 16-Core GPU,POOR,0,0,0
Laptops,Apple,"MacBook Pro 14"" (2025)",A3434,https://www.sellcell.com/assets/images/devices/009/macbook-pro-14-2025.jpg,,,16GB,M5 Max 18-Core CPU 40-Core GPU,GOOD,0,0,0
Laptops,Apple,"MacBook Pro 14"" (2025)",A3434,https://www.sellcell.com/assets/images/devices/009/macbook-pro-14-2025.jpg,,,64GB,M5 Pro 15-Core CPU 16-Core GPU,FAULTY,0,0,0
Laptops,Apple,"MacBook Pro 14"" (2025)",A3434,https://www.sellcell.com/assets/images/devices/009/macbook-pro-14-2025.jpg,,,128GB,M5 Pro 15-Core CPU 16-Core GPU,POOR,0,0,0
Laptops,Apple,"MacBook Pro 14"" (2025)",A3434,https://www.sellcell.com/assets/images/devices/009/macbook-pro-14-2025.jpg,,,64GB,M5 Pro 15-Core CPU 16-Core GPU,GOOD,0,0,0
Laptops,Apple,"MacBook Pro 14"" (2025)",A3434,https://www.sellcell.com/assets/images/devices/009/macbook-pro-14-2025.jpg,,,128GB,M5 Pro 15-Core CPU 16-Core GPU,GOOD,0,0,0
Laptops,Apple,"MacBook Pro 14"" (2025)",A3434,https://www.sellcell.com/assets/images/devices/009/macbook-pro-14-2025.jpg,,,24GB,M5 Max 18-Core CPU 32-Core GPU,MINT,0,0,0
Laptops,Apple,"MacBook Pro 14"" (2025)",A3434,https://www.sellcell.com/assets/images/devices/009/macbook-pro-14-2025.jpg,,,48GB,M5 Pro 15-Core CPU 16-Core GPU,POOR,0,0,1450.0
Laptops,Apple,"MacBook Pro 14"" (2025)",A3434,https://www.sellcell.com/assets/images/devices/009/macbook-pro-14-2025.jpg,,,36GB,M5 Pro 15-Core CPU 16-Core GPU,FAULTY,0,0,0
Laptops,Apple,"MacBook Pro 14"" (2025)",A3434,https://www.sellcell.com/assets/images/devices/009/macbook-pro-14-2025.jpg,,,36GB,M5 Pro 15-Core CPU 16-Core GPU,GOOD,0,0,0
Laptops,Apple,"MacBook Pro 14"" (2025)",A3434,https://www.sellcell.com/assets/images/devices/009/macbook-pro-14-2025.jpg,,,36GB,M5 Pro 15-Core CPU 16-Core GPU,MINT,0,0,0
Laptops,Apple,"MacBook Pro 14"" (2025)",A3434,https://www.sellcell.com/assets/images/devices/009/macbook-pro-14-2025.jpg,,,48GB,M5 Pro 15-Core CPU 16-Core GPU,FAULTY,0,0,300.0
Laptops,Apple,"MacBook Pro 14"" (2025)",A3434,https://www.sellcell.com/assets/images/devices/009/macbook-pro-14-2025.jpg,,,36GB,M5 Pro 15-Core CPU 16-Core GPU,POOR,0,0,0
Laptops,Apple,"MacBook Pro 14"" (2025)",A3434,https://www.sellcell.com/assets/images/devices/009/macbook-pro-14-2025.jpg,,,48GB,M5 Pro 15-Core CPU 16-Core GPU,MINT,0,0,1800.0
Laptops,Apple,"MacBook Pro 14"" (2025)",A3434,https://www.sellcell.com/assets/images/devices/009/macbook-pro-14-2025.jpg,,,24GB,M5 Pro 15-Core CPU 16-Core GPU,GOOD,0,0,1280.0
Laptops,Apple,"MacBook Pro 14"" (2025)",A3434,https://www.sellcell.com/assets/images/devices/009/macbook-pro-14-2025.jpg,,,24GB,M5 Pro 15-Core CPU 16-Core GPU,POOR,0,0,1100.0
Laptops,Apple,"MacBook Pro 14"" (2025)",A3434,https://www.sellcell.com/assets/images/devices/009/macbook-pro-14-2025.jpg,,,128GB,M5 Pro 15-Core CPU 16-Core GPU,FAULTY,0,0,0
Laptops,Apple,"MacBook Pro 14"" (2025)",A3434,https://www.sellcell.com/assets/images/devices/009/macbook-pro-14-2025.jpg,,,36GB,M5 Max 18-Core CPU 40-Core GPU,GOOD,0,0,0
Laptops,Apple,"MacBook Pro 14"" (2025)",A3434,https://www.sellcell.com/assets/images/devices/009/macbook-pro-14-2025.jpg,,,32GB,M5 Pro 15-Core CPU 16-Core GPU,FAULTY,0,0,0
Laptops,Apple,"MacBook Pro 14"" (2025)",A3434,https://www.sellcell.com/assets/images/devices/009/macbook-pro-14-2025.jpg,,,24GB,M5 Pro 15-Core CPU 16-Core GPU,FAULTY,0,0,300.0
Laptops,Apple,"MacBook Pro 14"" (2025)",A3434,https://www.sellcell.com/assets/images/devices/009/macbook-pro-14-2025.jpg,,,32GB,M5 Pro 15-Core CPU 16-Core GPU,MINT,0,0,0
Laptops,Apple,"MacBook Pro 14"" (2025)",A3434,https://www.sellcell.com/assets/images/devices/009/macbook-pro-14-2025.jpg,,,32GB,M5 Pro 15-Core CPU 16-Core GPU,POOR,0,0,0
Laptops,Apple,"MacBook Pro 14"" (2025)",A3434,https://www.sellcell.com/assets/images/devices/009/macbook-pro-14-2025.jpg,,,24GB,M5 Pro 15-Core CPU 16-Core GPU,MINT,0,0,1450.0
Laptops,Apple,"MacBook Pro 14"" (2025)",A3434,https://www.sellcell.com/assets/images/devices/009/macbook-pro-14-2025.jpg,,,48GB,M5 Pro 15-Core CPU 16-Core GPU,GOOD,0,0,1630.0
Laptops,Apple,"MacBook Pro 14"" (2025)",A3434,https://www.sellcell.com/assets/images/devices/009/macbook-pro-14-2025.jpg,,,32GB,M5 Pro 15-Core CPU 16-Core GPU,GOOD,0,0,0
Laptops,Apple,"MacBook Pro 14"" (2025)",A3434,https://www.sellcell.com/assets/images/devices/009/macbook-pro-14-2025.jpg,,,128GB,M5 10-Core CPU 10-Core GPU,MINT,0,0,925.0
Laptops,Apple,"MacBook Pro 14"" (2025)",A3434,https://www.sellcell.com/assets/images/devices/009/macbook-pro-14-2025.jpg,,,128GB,M5 10-Core CPU 10-Core GPU,FAULTY,0,0,0
Laptops,Apple,"MacBook Pro 14"" (2025)",A3434,https://www.sellcell.com/assets/images/devices/009/macbook-pro-14-2025.jpg,,,16GB,M5 Pro 15-Core CPU 16-Core GPU,POOR,0,0,0
Laptops,Apple,"MacBook Pro 14"" (2025)",A3434,https://www.sellcell.com/assets/images/devices/009/macbook-pro-14-2025.jpg,,,128GB,M5 10-Core CPU 10-Core GPU,POOR,0,0,0
Laptops,Apple,"MacBook Pro 14"" (2025)",A3434,https://www.sellcell.com/assets/images/devices/009/macbook-pro-14-2025.jpg,,,16GB,M5 Pro 15-Core CPU 16-Core GPU,GOOD,0,0,0
Laptops,Apple,"MacBook Pro 14"" (2025)",A3434,https://www.sellcell.com/assets/images/devices/009/macbook-pro-14-2025.jpg,,,16GB,M5 Pro 15-Core CPU 16-Core GPU,FAULTY,0,0,0
Laptops,Apple,"MacBook Pro 14"" (2025)",A3434,https://www.sellcell.com/assets/images/devices/009/macbook-pro-14-2025.jpg,,,128GB,M5 10-Core CPU 10-Core GPU,GOOD,0,0,786.25
Laptops,Apple,"MacBook Pro 14"" (2025)",A3434,https://www.sellcell.com/assets/images/devices/009/macbook-pro-14-2025.jpg,,,48GB,M5 10-Core CPU 10-Core GPU,MINT,0,0,925.0
Laptops,Apple,"MacBook Pro 14"" (2025)",A3434,https://www.sellcell.com/assets/images/devices/009/macbook-pro-14-2025.jpg,,,64GB,M5 10-Core CPU 10-Core GPU,GOOD,0,0,786.25
Laptops,Apple,"MacBook Pro 14"" (2025)",A3434,https://www.sellcell.com/assets/images/devices/009/macbook-pro-14-2025.jpg,,,64GB,M5 10-Core CPU 10-Core GPU,POOR,0,0,0
Laptops,Apple,"MacBook Pro 14"" (2025)",A3434,https://www.sellcell.com/assets/images/devices/009/macbook-pro-14-2025.jpg,,,48GB,M5 10-Core CPU 10-Core GPU,FAULTY,0,0,0
Laptops,Apple,"MacBook Pro 14"" (2025)",A3434,https://www.sellcell.com/assets/images/devices/009/macbook-pro-14-2025.jpg,,,64GB,M5 10-Core CPU 10-Core GPU,MINT,0,0,925.0
Laptops,Apple,"MacBook Pro 14"" (2025)",A3434,https://www.sellcell.com/assets/images/devices/009/macbook-pro-14-2025.jpg,,,16GB,M5 Pro 15-Core CPU 16-Core GPU,MINT,0,0,0
Laptops,Apple,"MacBook Pro 14"" (2025)",A3434,https://www.sellcell.com/assets/images/devices/009/macbook-pro-14-2025.jpg,,,48GB,M5 10-Core CPU 10-Core GPU,GOOD,0,0,786.25
Laptops,Apple,"MacBook Pro 14"" (2025)",A3434,https://www.sellcell.com/assets/images/devices/009/macbook-pro-14-2025.jpg,,,48GB,M5 10-Core CPU 10-Core GPU,POOR,0,0,0
Laptops,Apple,"MacBook Pro 14"" (2025)",A3434,https://www.sellcell.com/assets/images/devices/009/macbook-pro-14-2025.jpg,,,36GB,M5 10-Core CPU 10-Core GPU,GOOD,0,0,786.25
Laptops,Apple,"MacBook Pro 14"" (2025)",A3434,https://www.sellcell.com/assets/images/devices/009/macbook-pro-14-2025.jpg,,,32GB,M5 10-Core CPU 10-Core GPU,MINT,0,0,1450.0
Laptops,Apple,"MacBook Pro 14"" (2025)",A3434,https://www.sellcell.com/assets/images/devices/009/macbook-pro-14-2025.jpg,,,36GB,M5 10-Core CPU 10-Core GPU,POOR,0,0,0
Laptops,Apple,"MacBook Pro 14"" (2025)",A3434,https://www.sellcell.com/assets/images/devices/009/macbook-pro-14-2025.jpg,,,36GB,M5 10-Core CPU 10-Core GPU,FAULTY,0,0,0
Laptops,Apple,"MacBook Pro 14"" (2025)",A3434,https://www.sellcell.com/assets/images/devices/009/macbook-pro-14-2025.jpg,,,36GB,M5 10-Core CPU 10-Core GPU,MINT,0,0,925.0
Laptops,Apple,"MacBook Pro 14"" (2025)",A3434,https://www.sellcell.com/assets/images/devices/009/macbook-pro-14-2025.jpg,,,32GB,M5 10-Core CPU 10-Core GPU,GOOD,0,0,1340.0
Laptops,Apple,"MacBook Pro 14"" (2025)",A3434,https://www.sellcell.com/assets/images/devices/009/macbook-pro-14-2025.jpg,,,16GB,M5 10-Core CPU 10-Core GPU,GOOD,0,0,1040.0
Laptops,Apple,"MacBook Pro 14"" (2025)",A3434,https://www.sellcell.com/assets/images/devices/009/macbook-pro-14-2025.jpg,,,24GB,M5 10-Core CPU 10-Core GPU,POOR,0,0,1075.0
Laptops,Apple,"MacBook Pro 14"" (2025)",A3434,https://www.sellcell.com/assets/images/devices/009/macbook-pro-14-2025.jpg,,,24GB,M5 10-Core CPU 10-Core GPU,GOOD,0,0,1190.0
Laptops,Apple,"MacBook Pro 14"" (2025)",A3434,https://www.sellcell.com/assets/images/devices/009/macbook-pro-14-2025.jpg,,,24GB,M5 10-Core CPU 10-Core GPU,MINT,0,0,1300.0
Laptops,Apple,"MacBook Pro 14"" (2025)",A3434,https://www.sellcell.com/assets/images/devices/009/macbook-pro-14-2025.jpg,,,16GB,M5 10-Core CPU 10-Core GPU,FAULTY,0,0,300.0
Laptops,Apple,"MacBook Pro 14"" (2025)",A3434,https://www.sellcell.com/assets/images/devices/009/macbook-pro-14-2025.jpg,,,16GB,M5 10-Core CPU 10-Core GPU,POOR,0,0,925.0
Laptops,Apple,"MacBook Pro 14"" (2025)",A3434,https://www.sellcell.com/assets/images/devices/009/macbook-pro-14-2025.jpg,,,32GB,M5 10-Core CPU 10-Core GPU,POOR,0,0,1225.0
Laptops,Apple,"MacBook Pro 14"" (2025)",A3434,https://www.sellcell.com/assets/images/devices/009/macbook-pro-14-2025.jpg,,,24GB,M5 10-Core CPU 10-Core GPU,FAULTY,0,0,300.0
Laptops,Apple,"MacBook Pro 14"" (2025)",A3434,https://www.sellcell.com/assets/images/devices/009/macbook-pro-14-2025.jpg,,,16GB,M5 10-Core CPU 10-Core GPU,MINT,0,0,1150.0
Laptops,Apple,"MacBook Pro 14"" (2025)",A3434,https://www.sellcell.com/assets/images/devices/009/macbook-pro-14-2025.jpg,,,36GB,M5 Max 18-Core CPU 40-Core GPU,FAULTY,0,0,0
Laptops,Apple,"MacBook Pro 15"" (2017)",A1707,https://www.sellcell.com/assets/images/devices/008/macbook-pro-15-2017.jpg,,,16GB,i7 3.1GHz,POOR,0,0,120.0
Laptops,Apple,"MacBook Pro 15"" (2017)",A1707,https://www.sellcell.com/assets/images/devices/008/macbook-pro-15-2017.jpg,,,16GB,i7 3.1GHz,FAULTY,0,0,27.0
Laptops,Apple,"MacBook Pro 14"" (2025)",A3434,https://www.sellcell.com/assets/images/devices/009/macbook-pro-14-2025.jpg,,,64GB,M5 10-Core CPU 10-Core GPU,FAULTY,0,0,0
Laptops,Apple,"MacBook Pro 13"" (2013)","A1425, A1502",https://www.sellcell.com/assets/images/devices/008/macbook-pro-13-2013.jpg,,,16GB,i7 2.8GHz,FAULTY,0,0,0
Laptops,Apple,"MacBook Air 15"" (2023)",A2941,https://www.sellcell.com/assets/images/devices/009/macbook-air-15-2023.jpg,,,24GB,M2 8-Core CPU 10-Core GPU,FAULTY,0,0,210.0
Laptops,Apple,"MacBook Pro 13"" (2019)","A1989, A2159",https://www.sellcell.com/assets/images/devices/008/macbook-pro-13-2019.jpg,,,16GB,i7 2.8GHz,FAULTY,0,0,28.0
Laptops,Apple,"MacBook Air 15"" (2023)",A2941,https://www.sellcell.com/assets/images/devices/009/macbook-air-15-2023.jpg,,,24GB,M2 8-Core CPU 10-Core GPU,POOR,0,0,415.0
Laptops,Apple,"MacBook 12"" (2016)",A1534,https://www.sellcell.com/assets/images/devices/008/macbook-12-2016.jpg,,,8GB,m7 1.3GHz,FAULTY,0,0,0
Laptops,Apple,"MacBook Pro 15"" (2015)",A1398,https://www.sellcell.com/assets/images/devices/008/macbook-pro-15-2015.jpg,,,16GB,i7 2.8GHz,FAULTY,0,0,1.0
Laptops,Apple,"MacBook Pro 15"" (2015)",A1398,https://www.sellcell.com/assets/images/devices/008/macbook-pro-15-2015.jpg,,,16GB,i7 2.8GHz,POOR,0,0,75.0
Laptops,Apple,"MacBook Pro 14"" (2026)","A3426, A3427",https://www.sellcell.com/assets/images/devices/009/macbook-pro-14-2026.jpg,,,128GB,M5 Max 18-Core CPU 40-Core GPU,FAULTY,0,0,520.0
Laptops,Apple,"MacBook Pro 13"" (2014)",A1502,https://www.sellcell.com/assets/images/devices/008/macbook-pro-13-2014.jpg,,,16GB,i7 3.0GHz,GOOD,0,0,50.0
Laptops,Apple,"MacBook Pro 15"" (2015)",A1398,https://www.sellcell.com/assets/images/devices/008/macbook-pro-15-2015.jpg,,,16GB,i7 2.8GHz,GOOD,0,0,100.0
Laptops,Apple,"MacBook Pro 13"" (2014)",A1502,https://www.sellcell.com/assets/images/devices/008/macbook-pro-13-2014.jpg,,,16GB,i7 3.0GHz,POOR,0,0,30.0
Laptops,Apple,"MacBook Pro 15"" (2015)",A1398,https://www.sellcell.com/assets/images/devices/008/macbook-pro-15-2015.jpg,,,16GB,i7 2.8GHz,MINT,0,0,125.0
Laptops,Apple,"MacBook Pro 13"" (2014)",A1502,https://www.sellcell.com/assets/images/devices/008/macbook-pro-13-2014.jpg,,,16GB,i7 3.0GHz,FAULTY,0,0,0
Laptops,Apple,"MacBook Pro 13"" (2014)",A1502,https://www.sellcell.com/assets/images/devices/008/macbook-pro-13-2014.jpg,,,8GB,i7 3.0GHz,FAULTY,0,0,0
Laptops,Apple,"MacBook Pro 14"" (2025)",A3434,https://www.sellcell.com/assets/images/devices/009/macbook-pro-14-2025.jpg,,,32GB,M5 10-Core CPU 10-Core GPU,FAULTY,0,0,300.0
Laptops,Apple,"MacBook Pro 16"" (2023)","A2780, A2991",https://www.sellcell.com/assets/images/devices/009/macbook-pro-16-2023.jpg,,,128GB,M3 Max 14-Core CPU 30-Core GPU,FAULTY,0,0,0
Laptops,Apple,"MacBook Pro 13"" (2015)",A1502,https://www.sellcell.com/assets/images/devices/008/macbook-pro-13-2015.jpg,,,16GB,i7 3.1GHz,GOOD,0,0,100.0
Laptops,Apple,"MacBook Pro 13"" (2015)",A1502,https://www.sellcell.com/assets/images/devices/008/macbook-pro-13-2015.jpg,,,16GB,i7 3.1GHz,POOR,0,0,75.0
Laptops,Apple,"MacBook Pro 13"" (2014)",A1502,https://www.sellcell.com/assets/images/devices/008/macbook-pro-13-2014.jpg,,,8GB,i7 3.0GHz,GOOD,0,0,40.0
Laptops,Apple,"MacBook Pro 13"" (2015)",A1502,https://www.sellcell.com/assets/images/devices/008/macbook-pro-13-2015.jpg,,,16GB,i7 3.1GHz,FAULTY,0,0,0
Laptops,Apple,"MacBook Pro 13"" (2017)","A1706, A1708",https://www.sellcell.com/assets/images/devices/008/macbook-pro-13-2017.jpg,,,16GB,i7 3.5GHz,FAULTY,0,0,24.0
Laptops,Apple,"MacBook Pro 13"" (2015)",A1502,https://www.sellcell.com/assets/images/devices/008/macbook-pro-13-2015.jpg,,,16GB,i7 3.1GHz,MINT,0,0,125.0
Laptops,Apple,"MacBook Pro 13"" (2017)","A1706, A1708",https://www.sellcell.com/assets/images/devices/008/macbook-pro-13-2017.jpg,,,8GB,i7 3.5GHz,GOOD,0,0,140.25
Laptops,Apple,"MacBook Pro 13"" (2014)",A1502,https://www.sellcell.com/assets/images/devices/008/macbook-pro-13-2014.jpg,,,8GB,i7 3.0GHz,POOR,0,0,20.0
Laptops,Apple,"MacBook Pro 13"" (2017)","A1706, A1708",https://www.sellcell.com/assets/images/devices/008/macbook-pro-13-2017.jpg,,,16GB,i7 3.5GHz,MINT,0,0,190.0
Laptops,Apple,"MacBook Pro 13"" (2014)",A1502,https://www.sellcell.com/assets/images/devices/008/macbook-pro-13-2014.jpg,,,16GB,i7 3.0GHz,MINT,0,0,70.0
Laptops,Apple,"MacBook Pro 13"" (2017)","A1706, A1708",https://www.sellcell.com/assets/images/devices/008/macbook-pro-13-2017.jpg,,,8GB,i7 3.5GHz,FAULTY,0,0,21.0
Laptops,Apple,"MacBook Pro 13"" (2017)","A1706, A1708",https://www.sellcell.com/assets/images/devices/008/macbook-pro-13-2017.jpg,,,16GB,i7 2.9GHz,FAULTY,0,0,0
Laptops,Apple,"MacBook Pro 13"" (2017)","A1706, A1708",https://www.sellcell.com/assets/images/devices/008/macbook-pro-13-2017.jpg,,,16GB,i7 3.5GHz,POOR,0,0,108.0
Laptops,Apple,"MacBook 12"" (2016)",A1534,https://www.sellcell.com/assets/images/devices/008/macbook-12-2016.jpg,,,8GB,m7 1.3GHz,POOR,0,0,55.0
Laptops,Apple,"MacBook Pro 13"" (2017)","A1706, A1708",https://www.sellcell.com/assets/images/devices/008/macbook-pro-13-2017.jpg,,,16GB,i7 2.5GHz,FAULTY,0,0,19.0
Laptops,Apple,"MacBook Pro 13"" (2017)","A1706, A1708",https://www.sellcell.com/assets/images/devices/008/macbook-pro-13-2017.jpg,,,8GB,i7 3.5GHz,MINT,0,0,170.0
Laptops,Apple,"MacBook Pro 13"" (2017)","A1706, A1708",https://www.sellcell.com/assets/images/devices/008/macbook-pro-13-2017.jpg,,,8GB,i7 3.5GHz,POOR,0,0,96.0
Laptops,Apple,"MacBook Pro 13"" (2017)","A1706, A1708",https://www.sellcell.com/assets/images/devices/008/macbook-pro-13-2017.jpg,,,8GB,i7 2.9GHz,MINT,0,0,0
Laptops,Apple,"MacBook Pro 13"" (2017)","A1706, A1708",https://www.sellcell.com/assets/images/devices/008/macbook-pro-13-2017.jpg,,,16GB,i7 3.5GHz,GOOD,0,0,145.0
Laptops,Apple,"MacBook Pro 13"" (2017)","A1706, A1708",https://www.sellcell.com/assets/images/devices/008/macbook-pro-13-2017.jpg,,,8GB,i7 2.9GHz,FAULTY,0,0,0
Laptops,Apple,"MacBook Pro 13"" (2017)","A1706, A1708",https://www.sellcell.com/assets/images/devices/008/macbook-pro-13-2017.jpg,,,8GB,i7 2.9GHz,GOOD,0,0,0
Laptops,Apple,"MacBook Pro 13"" (2017)","A1706, A1708",https://www.sellcell.com/assets/images/devices/008/macbook-pro-13-2017.jpg,,,8GB,i7 2.9GHz,POOR,0,0,0
Laptops,Apple,"MacBook Pro 13"" (2017)","A1706, A1708",https://www.sellcell.com/assets/images/devices/008/macbook-pro-13-2017.jpg,,,16GB,i7 2.9GHz,POOR,0,0,80.0
Laptops,Apple,"MacBook Pro 13"" (2017)","A1706, A1708",https://www.sellcell.com/assets/images/devices/008/macbook-pro-13-2017.jpg,,,16GB,i7 2.5GHz,GOOD,0,0,105.0
Laptops,Apple,"MacBook Pro 13"" (2017)","A1706, A1708",https://www.sellcell.com/assets/images/devices/008/macbook-pro-13-2017.jpg,,,8GB,i7 2.5GHz,MINT,0,0,121.0
Laptops,Apple,"MacBook Pro 13"" (2017)","A1706, A1708",https://www.sellcell.com/assets/images/devices/008/macbook-pro-13-2017.jpg,,,8GB,i7 2.5GHz,POOR,0,0,72.0
Laptops,Apple,"MacBook Pro 13"" (2017)","A1706, A1708",https://www.sellcell.com/assets/images/devices/008/macbook-pro-13-2017.jpg,,,16GB,i7 2.5GHz,MINT,0,0,141.0
Laptops,Apple,"MacBook Pro 13"" (2017)","A1706, A1708",https://www.sellcell.com/assets/images/devices/008/macbook-pro-13-2017.jpg,,,16GB,i7 2.5GHz,POOR,0,0,84.0
Laptops,Apple,"MacBook Pro 13"" (2017)","A1706, A1708",https://www.sellcell.com/assets/images/devices/008/macbook-pro-13-2017.jpg,,,16GB,i5 3.3GHz,FAULTY,0,0,21.0
Laptops,Apple,"MacBook Pro 13"" (2017)","A1706, A1708",https://www.sellcell.com/assets/images/devices/008/macbook-pro-13-2017.jpg,,,8GB,i7 2.5GHz,FAULTY,0,0,16.0
Laptops,Apple,"MacBook Pro 13"" (2017)","A1706, A1708",https://www.sellcell.com/assets/images/devices/008/macbook-pro-13-2017.jpg,,,16GB,i7 2.9GHz,MINT,0,0,180.0
Laptops,Apple,"MacBook Pro 13"" (2017)","A1706, A1708",https://www.sellcell.com/assets/images/devices/008/macbook-pro-13-2017.jpg,,,8GB,i7 2.5GHz,GOOD,0,0,97.75
Laptops,Apple,"MacBook Pro 13"" (2017)","A1706, A1708",https://www.sellcell.com/assets/images/devices/008/macbook-pro-13-2017.jpg,,,16GB,i5 3.1GHz,FAULTY,0,0,20.0
Laptops,Apple,"MacBook Pro 13"" (2017)","A1706, A1708",https://www.sellcell.com/assets/images/devices/008/macbook-pro-13-2017.jpg,,,8GB,i5 3.3GHz,POOR,0,0,84.0
Laptops,Apple,"MacBook Pro 13"" (2017)","A1706, A1708",https://www.sellcell.com/assets/images/devices/008/macbook-pro-13-2017.jpg,,,16GB,i5 3.3GHz,MINT,0,0,170.0
Laptops,Apple,"MacBook Pro 13"" (2017)","A1706, A1708",https://www.sellcell.com/assets/images/devices/008/macbook-pro-13-2017.jpg,,,8GB,i5 3.3GHz,FAULTY,0,0,19.0
Laptops,Apple,"MacBook Pro 13"" (2017)","A1706, A1708",https://www.sellcell.com/assets/images/devices/008/macbook-pro-13-2017.jpg,,,16GB,i5 3.3GHz,POOR,0,0,96.0
Laptops,Apple,"MacBook Pro 13"" (2017)","A1706, A1708",https://www.sellcell.com/assets/images/devices/008/macbook-pro-13-2017.jpg,,,16GB,i5 2.3GHz,FAULTY,0,0,18.0
Laptops,Apple,"MacBook Pro 13"" (2017)","A1706, A1708",https://www.sellcell.com/assets/images/devices/008/macbook-pro-13-2017.jpg,,,16GB,i5 3.3GHz,GOOD,0,0,125.0
Laptops,Apple,"MacBook Pro 13"" (2017)","A1706, A1708",https://www.sellcell.com/assets/images/devices/008/macbook-pro-13-2017.jpg,,,16GB,i5 3.1GHz,MINT,0,0,160.0
Laptops,Apple,"MacBook Pro 13"" (2017)","A1706, A1708",https://www.sellcell.com/assets/images/devices/008/macbook-pro-13-2017.jpg,,,16GB,i5 3.1GHz,GOOD,0,0,115.0
Laptops,Apple,"MacBook Pro 13"" (2017)","A1706, A1708",https://www.sellcell.com/assets/images/devices/008/macbook-pro-13-2017.jpg,,,8GB,i5 3.1GHz,FAULTY,0,0,18.0
Laptops,Apple,"MacBook Pro 13"" (2017)","A1706, A1708",https://www.sellcell.com/assets/images/devices/008/macbook-pro-13-2017.jpg,,,8GB,i5 3.3GHz,GOOD,0,0,123.25
Laptops,Apple,"MacBook Pro 13"" (2017)","A1706, A1708",https://www.sellcell.com/assets/images/devices/008/macbook-pro-13-2017.jpg,,,8GB,i5 3.1GHz,POOR,0,0,78.0
Laptops,Apple,"MacBook Pro 13"" (2017)","A1706, A1708",https://www.sellcell.com/assets/images/devices/008/macbook-pro-13-2017.jpg,,,16GB,i5 3.1GHz,POOR,0,0,90.0
Laptops,Apple,"MacBook Pro 13"" (2017)","A1706, A1708",https://www.sellcell.com/assets/images/devices/008/macbook-pro-13-2017.jpg,,,8GB,i5 3.1GHz,GOOD,0,0,114.75
Laptops,Apple,"MacBook Pro 13"" (2017)","A1706, A1708",https://www.sellcell.com/assets/images/devices/008/macbook-pro-13-2017.jpg,,,8GB,i5 2.3GHz,FAULTY,0,0,15.0
Laptops,Apple,"MacBook Pro 13"" (2017)","A1706, A1708",https://www.sellcell.com/assets/images/devices/008/macbook-pro-13-2017.jpg,,,16GB,i5 2.3GHz,GOOD,0,0,98.0
Laptops,Apple,"MacBook Pro 13"" (2017)","A1706, A1708",https://www.sellcell.com/assets/images/devices/008/macbook-pro-13-2017.jpg,,,16GB,i5 2.3GHz,MINT,0,0,131.0
Laptops,Apple,"MacBook Pro 13"" (2017)","A1706, A1708",https://www.sellcell.com/assets/images/devices/008/macbook-pro-13-2017.jpg,,,8GB,i5 2.3GHz,GOOD,0,0,89.25
Laptops,Apple,"MacBook Pro 13"" (2017)","A1706, A1708",https://www.sellcell.com/assets/images/devices/008/macbook-pro-13-2017.jpg,,,16GB,i5 2.3GHz,POOR,0,0,78.0
Laptops,Apple,"MacBook Pro 13"" (2017)","A1706, A1708",https://www.sellcell.com/assets/images/devices/008/macbook-pro-13-2017.jpg,,,8GB,i5 2.3GHz,MINT,0,0,111.0
Laptops,Apple,"MacBook Pro 13"" (2017)","A1706, A1708",https://www.sellcell.com/assets/images/devices/008/macbook-pro-13-2017.jpg,,,16GB,i7 2.9GHz,GOOD,0,0,125.0
Laptops,Apple,"MacBook Pro 13"" (2017)","A1706, A1708",https://www.sellcell.com/assets/images/devices/008/macbook-pro-13-2017.jpg,,,8GB,i5 2.3GHz,POOR,0,0,66.0
Laptops,Apple,"MacBook Pro 13"" (2017)","A1706, A1708",https://www.sellcell.com/assets/images/devices/008/macbook-pro-13-2017.jpg,,,8GB,i5 3.1GHz,MINT,0,0,140.0
Laptops,Apple,"MacBook Pro 13"" (2015)",A1502,https://www.sellcell.com/assets/images/devices/008/macbook-pro-13-2015.jpg,,,16GB,i5 2.9GHz,GOOD,0,0,70.0
Laptops,Apple,"MacBook Pro 13"" (2017)","A1706, A1708",https://www.sellcell.com/assets/images/devices/008/macbook-pro-13-2017.jpg,,,8GB,i5 3.3GHz,MINT,0,0,150.0
Laptops,Apple,"MacBook Pro 13"" (2015)",A1502,https://www.sellcell.com/assets/images/devices/008/macbook-pro-13-2015.jpg,,,8GB,i5 2.9GHz,FAULTY,0,0,0
Laptops,Apple,"MacBook Pro 13"" (2015)",A1502,https://www.sellcell.com/assets/images/devices/008/macbook-pro-13-2015.jpg,,,16GB,i5 2.9GHz,MINT,0,0,95.0
Laptops,Apple,"MacBook Pro 13"" (2015)",A1502,https://www.sellcell.com/assets/images/devices/008/macbook-pro-13-2015.jpg,,,8GB,i7 3.1GHz,FAULTY,0,0,0
Laptops,Apple,"MacBook Pro 13"" (2015)",A1502,https://www.sellcell.com/assets/images/devices/008/macbook-pro-13-2015.jpg,,,16GB,i5 2.7GHz,GOOD,0,0,60.0
Laptops,Apple,"MacBook Pro 13"" (2015)",A1502,https://www.sellcell.com/assets/images/devices/008/macbook-pro-13-2015.jpg,,,16GB,i5 2.7GHz,MINT,0,0,85.0
Laptops,Apple,"MacBook Pro 13"" (2015)",A1502,https://www.sellcell.com/assets/images/devices/008/macbook-pro-13-2015.jpg,,,16GB,i5 2.9GHz,POOR,0,0,45.0
Laptops,Apple,"MacBook Pro 13"" (2015)",A1502,https://www.sellcell.com/assets/images/devices/008/macbook-pro-13-2015.jpg,,,8GB,i5 2.7GHz,FAULTY,0,0,0
Laptops,Apple,"MacBook Pro 13"" (2015)",A1502,https://www.sellcell.com/assets/images/devices/008/macbook-pro-13-2015.jpg,,,16GB,i5 2.7GHz,FAULTY,0,0,0
Laptops,Apple,"MacBook Pro 13"" (2015)",A1502,https://www.sellcell.com/assets/images/devices/008/macbook-pro-13-2015.jpg,,,8GB,i5 2.9GHz,GOOD,0,0,55.0
Laptops,Apple,"MacBook Pro 13"" (2015)",A1502,https://www.sellcell.com/assets/images/devices/008/macbook-pro-13-2015.jpg,,,16GB,i5 2.7GHz,POOR,0,0,35.0
Laptops,Apple,"MacBook Pro 13"" (2015)",A1502,https://www.sellcell.com/assets/images/devices/008/macbook-pro-13-2015.jpg,,,8GB,i5 2.9GHz,POOR,0,0,30.0
Laptops,Apple,"MacBook Pro 13"" (2015)",A1502,https://www.sellcell.com/assets/images/devices/008/macbook-pro-13-2015.jpg,,,8GB,i7 3.1GHz,MINT,0,0,110.0
Laptops,Apple,"MacBook Pro 13"" (2015)",A1502,https://www.sellcell.com/assets/images/devices/008/macbook-pro-13-2015.jpg,,,8GB,i5 2.7GHz,POOR,0,0,26.0
Laptops,Apple,"MacBook Pro 13"" (2015)",A1502,https://www.sellcell.com/assets/images/devices/008/macbook-pro-13-2015.jpg,,,8GB,i5 2.7GHz,GOOD,0,0,45.0
Laptops,Apple,"MacBook Pro 16"" (2023)","A2780, A2991",https://www.sellcell.com/assets/images/devices/009/macbook-pro-16-2023.jpg,,,96GB,M3 Max 14-Core CPU 30-Core GPU,POOR,0,0,1595.0
Laptops,Apple,"MacBook Pro 13"" (2015)",A1502,https://www.sellcell.com/assets/images/devices/008/macbook-pro-13-2015.jpg,,,8GB,i7 3.1GHz,GOOD,0,0,85.0
Laptops,Apple,"MacBook Pro 16"" (2023)","A2780, A2991",https://www.sellcell.com/assets/images/devices/009/macbook-pro-16-2023.jpg,,,128GB,M3 Max 14-Core CPU 30-Core GPU,POOR,0,0,0
Laptops,Apple,"MacBook Pro 16"" (2023)","A2780, A2991",https://www.sellcell.com/assets/images/devices/009/macbook-pro-16-2023.jpg,,,128GB,M3 Max 14-Core CPU 30-Core GPU,GOOD,0,0,1338.75
Laptops,Apple,"MacBook Pro 16"" (2023)","A2780, A2991",https://www.sellcell.com/assets/images/devices/009/macbook-pro-16-2023.jpg,,,128GB,M3 Max 14-Core CPU 30-Core GPU,MINT,0,0,1575.0
Laptops,Apple,"MacBook Pro 16"" (2023)","A2780, A2991",https://www.sellcell.com/assets/images/devices/009/macbook-pro-16-2023.jpg,,,64GB,M3 Max 14-Core CPU 30-Core GPU,GOOD,0,0,1338.75
Laptops,Apple,"MacBook Pro 16"" (2023)","A2780, A2991",https://www.sellcell.com/assets/images/devices/009/macbook-pro-16-2023.jpg,,,96GB,M3 Max 14-Core CPU 30-Core GPU,MINT,0,0,1946.0
Laptops,Apple,"MacBook Pro 16"" (2023)","A2780, A2991",https://www.sellcell.com/assets/images/devices/009/macbook-pro-16-2023.jpg,,,64GB,M3 Max 14-Core CPU 30-Core GPU,POOR,0,0,0
Laptops,Apple,"MacBook Pro 13"" (2015)",A1502,https://www.sellcell.com/assets/images/devices/008/macbook-pro-13-2015.jpg,,,8GB,i5 2.7GHz,MINT,0,0,70.0
Laptops,Apple,"MacBook Pro 13"" (2015)",A1502,https://www.sellcell.com/assets/images/devices/008/macbook-pro-13-2015.jpg,,,8GB,i7 3.1GHz,POOR,0,0,60.0
Laptops,Apple,"MacBook Pro 16"" (2023)","A2780, A2991",https://www.sellcell.com/assets/images/devices/009/macbook-pro-16-2023.jpg,,,48GB,M3 Max 14-Core CPU 30-Core GPU,FAULTY,0,0,0
Laptops,Apple,"MacBook Pro 16"" (2023)","A2780, A2991",https://www.sellcell.com/assets/images/devices/009/macbook-pro-16-2023.jpg,,,64GB,M3 Max 14-Core CPU 30-Core GPU,FAULTY,0,0,0
Laptops,Apple,"MacBook Pro 16"" (2023)","A2780, A2991",https://www.sellcell.com/assets/images/devices/009/macbook-pro-16-2023.jpg,,,48GB,M3 Max 14-Core CPU 30-Core GPU,POOR,0,0,0
Laptops,Apple,"MacBook Pro 16"" (2023)","A2780, A2991",https://www.sellcell.com/assets/images/devices/009/macbook-pro-16-2023.jpg,,,96GB,M3 Max 14-Core CPU 30-Core GPU,FAULTY,0,0,500.0
Laptops,Apple,"MacBook Pro 13"" (2015)",A1502,https://www.sellcell.com/assets/images/devices/008/macbook-pro-13-2015.jpg,,,16GB,i5 2.9GHz,FAULTY,0,0,0
Laptops,Apple,"MacBook Pro 16"" (2023)","A2780, A2991",https://www.sellcell.com/assets/images/devices/009/macbook-pro-16-2023.jpg,,,36GB,M3 Max 14-Core CPU 30-Core GPU,POOR,0,0,1190.0
Laptops,Apple,"MacBook Pro 16"" (2023)","A2780, A2991",https://www.sellcell.com/assets/images/devices/009/macbook-pro-16-2023.jpg,,,64GB,M3 Max 14-Core CPU 30-Core GPU,MINT,0,0,1575.0
Laptops,Apple,"MacBook Pro 16"" (2023)","A2780, A2991",https://www.sellcell.com/assets/images/devices/009/macbook-pro-16-2023.jpg,,,32GB,M3 Max 14-Core CPU 30-Core GPU,POOR,0,0,0
Laptops,Apple,"MacBook Pro 16"" (2023)","A2780, A2991",https://www.sellcell.com/assets/images/devices/009/macbook-pro-16-2023.jpg,,,48GB,M3 Max 14-Core CPU 30-Core GPU,GOOD,0,0,1338.75
Laptops,Apple,"MacBook Pro 16"" (2023)","A2780, A2991",https://www.sellcell.com/assets/images/devices/009/macbook-pro-16-2023.jpg,,,32GB,M3 Max 14-Core CPU 30-Core GPU,FAULTY,0,0,0
Laptops,Apple,"MacBook Pro 16"" (2023)","A2780, A2991",https://www.sellcell.com/assets/images/devices/009/macbook-pro-16-2023.jpg,,,48GB,M3 Max 14-Core CPU 30-Core GPU,MINT,0,0,1575.0
Laptops,Apple,"MacBook Pro 16"" (2023)","A2780, A2991",https://www.sellcell.com/assets/images/devices/009/macbook-pro-16-2023.jpg,,,96GB,M3 Max 14-Core CPU 30-Core GPU,GOOD,0,0,1800.0
Laptops,Apple,"MacBook Pro 16"" (2023)","A2780, A2991",https://www.sellcell.com/assets/images/devices/009/macbook-pro-16-2023.jpg,,,16GB,M3 Max 14-Core CPU 30-Core GPU,POOR,0,0,0
Laptops,Apple,"MacBook Pro 16"" (2023)","A2780, A2991",https://www.sellcell.com/assets/images/devices/009/macbook-pro-16-2023.jpg,,,16GB,M3 Max 14-Core CPU 30-Core GPU,FAULTY,0,0,0
Laptops,Apple,"MacBook Pro 16"" (2023)","A2780, A2991",https://www.sellcell.com/assets/images/devices/009/macbook-pro-16-2023.jpg,,,18GB,M3 Max 14-Core CPU 30-Core GPU,MINT,0,0,1575.0
Laptops,Apple,"MacBook Pro 16"" (2023)","A2780, A2991",https://www.sellcell.com/assets/images/devices/009/macbook-pro-16-2023.jpg,,,36GB,M3 Max 14-Core CPU 30-Core GPU,GOOD,0,0,1400.0
Laptops,Apple,"MacBook Pro 16"" (2023)","A2780, A2991",https://www.sellcell.com/assets/images/devices/009/macbook-pro-16-2023.jpg,,,18GB,M3 Max 14-Core CPU 30-Core GPU,FAULTY,0,0,0
Laptops,Apple,"MacBook Pro 16"" (2023)","A2780, A2991",https://www.sellcell.com/assets/images/devices/009/macbook-pro-16-2023.jpg,,,32GB,M3 Max 14-Core CPU 30-Core GPU,MINT,0,0,1575.0
Laptops,Apple,"MacBook Pro 16"" (2023)","A2780, A2991",https://www.sellcell.com/assets/images/devices/009/macbook-pro-16-2023.jpg,,,32GB,M3 Max 14-Core CPU 30-Core GPU,GOOD,0,0,1338.75
Laptops,Apple,"MacBook Pro 16"" (2023)","A2780, A2991",https://www.sellcell.com/assets/images/devices/009/macbook-pro-16-2023.jpg,,,18GB,M3 Max 14-Core CPU 30-Core GPU,GOOD,0,0,1338.75
Laptops,Apple,"MacBook Pro 16"" (2023)","A2780, A2991",https://www.sellcell.com/assets/images/devices/009/macbook-pro-16-2023.jpg,,,36GB,M3 Max 14-Core CPU 30-Core GPU,FAULTY,0,0,300.0
Laptops,Apple,"MacBook Pro 16"" (2023)","A2780, A2991",https://www.sellcell.com/assets/images/devices/009/macbook-pro-16-2023.jpg,,,128GB,M2 Pro 12-Core CPU 19-Core GPU,FAULTY,0,0,0
Laptops,Apple,"MacBook Pro 16"" (2023)","A2780, A2991",https://www.sellcell.com/assets/images/devices/009/macbook-pro-16-2023.jpg,,,96GB,M2 Pro 12-Core CPU 19-Core GPU,POOR,0,0,0
Laptops,Apple,"MacBook Pro 16"" (2023)","A2780, A2991",https://www.sellcell.com/assets/images/devices/009/macbook-pro-16-2023.jpg,,,128GB,M2 Pro 12-Core CPU 19-Core GPU,GOOD,0,0,0
Laptops,Apple,"MacBook Pro 16"" (2023)","A2780, A2991",https://www.sellcell.com/assets/images/devices/009/macbook-pro-16-2023.jpg,,,128GB,M2 Pro 12-Core CPU 19-Core GPU,POOR,0,0,0
Laptops,Apple,"MacBook Pro 16"" (2023)","A2780, A2991",https://www.sellcell.com/assets/images/devices/009/macbook-pro-16-2023.jpg,,,16GB,M3 Max 14-Core CPU 30-Core GPU,GOOD,0,0,1338.75
Laptops,Apple,"MacBook Pro 16"" (2023)","A2780, A2991",https://www.sellcell.com/assets/images/devices/009/macbook-pro-16-2023.jpg,,,16GB,M3 Max 14-Core CPU 30-Core GPU,MINT,0,0,1575.0
Laptops,Apple,"MacBook Pro 16"" (2023)","A2780, A2991",https://www.sellcell.com/assets/images/devices/009/macbook-pro-16-2023.jpg,,,128GB,M2 Pro 12-Core CPU 19-Core GPU,MINT,0,0,0
Laptops,Apple,"MacBook Pro 16"" (2023)","A2780, A2991",https://www.sellcell.com/assets/images/devices/009/macbook-pro-16-2023.jpg,,,64GB,M2 Pro 12-Core CPU 19-Core GPU,MINT,0,0,0
Laptops,Apple,"MacBook Pro 16"" (2023)","A2780, A2991",https://www.sellcell.com/assets/images/devices/009/macbook-pro-16-2023.jpg,,,64GB,M2 Pro 12-Core CPU 19-Core GPU,FAULTY,0,0,0
Laptops,Apple,"MacBook Pro 16"" (2023)","A2780, A2991",https://www.sellcell.com/assets/images/devices/009/macbook-pro-16-2023.jpg,,,48GB,M2 Pro 12-Core CPU 19-Core GPU,FAULTY,0,0,0
Laptops,Apple,"MacBook Pro 16"" (2023)","A2780, A2991",https://www.sellcell.com/assets/images/devices/009/macbook-pro-16-2023.jpg,,,96GB,M2 Pro 12-Core CPU 19-Core GPU,GOOD,0,0,0
Laptops,Apple,"MacBook Pro 16"" (2023)","A2780, A2991",https://www.sellcell.com/assets/images/devices/009/macbook-pro-16-2023.jpg,,,18GB,M3 Max 14-Core CPU 30-Core GPU,POOR,0,0,0
Laptops,Apple,"MacBook Pro 16"" (2023)","A2780, A2991",https://www.sellcell.com/assets/images/devices/009/macbook-pro-16-2023.jpg,,,48GB,M2 Pro 12-Core CPU 19-Core GPU,POOR,0,0,0
Laptops,Apple,"MacBook Pro 16"" (2023)","A2780, A2991",https://www.sellcell.com/assets/images/devices/009/macbook-pro-16-2023.jpg,,,64GB,M2 Pro 12-Core CPU 19-Core GPU,POOR,0,0,0
Laptops,Apple,"MacBook Pro 16"" (2023)","A2780, A2991",https://www.sellcell.com/assets/images/devices/009/macbook-pro-16-2023.jpg,,,32GB,M2 Pro 12-Core CPU 19-Core GPU,FAULTY,0,0,300.0
Laptops,Apple,"MacBook Pro 16"" (2023)","A2780, A2991",https://www.sellcell.com/assets/images/devices/009/macbook-pro-16-2023.jpg,,,32GB,M2 Pro 12-Core CPU 19-Core GPU,POOR,0,0,618.0
Laptops,Apple,"MacBook Pro 16"" (2023)","A2780, A2991",https://www.sellcell.com/assets/images/devices/009/macbook-pro-16-2023.jpg,,,48GB,M2 Pro 12-Core CPU 19-Core GPU,GOOD,0,0,0
Laptops,Apple,"MacBook Pro 16"" (2023)","A2780, A2991",https://www.sellcell.com/assets/images/devices/009/macbook-pro-16-2023.jpg,,,36GB,M2 Pro 12-Core CPU 19-Core GPU,POOR,0,0,0
Laptops,Apple,"MacBook Pro 16"" (2023)","A2780, A2991",https://www.sellcell.com/assets/images/devices/009/macbook-pro-16-2023.jpg,,,36GB,M2 Pro 12-Core CPU 19-Core GPU,MINT,0,0,0
Laptops,Apple,"MacBook Pro 16"" (2023)","A2780, A2991",https://www.sellcell.com/assets/images/devices/009/macbook-pro-16-2023.jpg,,,48GB,M2 Pro 12-Core CPU 19-Core GPU,MINT,0,0,0
Laptops,Apple,"MacBook Pro 16"" (2023)","A2780, A2991",https://www.sellcell.com/assets/images/devices/009/macbook-pro-16-2023.jpg,,,64GB,M2 Pro 12-Core CPU 19-Core GPU,GOOD,0,0,0
Laptops,Apple,"MacBook Pro 16"" (2023)","A2780, A2991",https://www.sellcell.com/assets/images/devices/009/macbook-pro-16-2023.jpg,,,36GB,M3 Max 14-Core CPU 30-Core GPU,MINT,0,0,1575.0
Laptops,Apple,"MacBook Pro 16"" (2023)","A2780, A2991",https://www.sellcell.com/assets/images/devices/009/macbook-pro-16-2023.jpg,,,36GB,M2 Pro 12-Core CPU 19-Core GPU,GOOD,0,0,0
Laptops,Apple,"MacBook Pro 16"" (2023)","A2780, A2991",https://www.sellcell.com/assets/images/devices/009/macbook-pro-16-2023.jpg,,,36GB,M2 Pro 12-Core CPU 19-Core GPU,FAULTY,0,0,0
Laptops,Apple,"MacBook Pro 16"" (2023)","A2780, A2991",https://www.sellcell.com/assets/images/devices/009/macbook-pro-16-2023.jpg,,,16GB,M2 Pro 12-Core CPU 19-Core GPU,FAULTY,0,0,101.0
Laptops,Apple,"MacBook Pro 16"" (2023)","A2780, A2991",https://www.sellcell.com/assets/images/devices/009/macbook-pro-16-2023.jpg,,,16GB,M2 Pro 12-Core CPU 19-Core GPU,POOR,0,0,501.0
Laptops,Apple,"MacBook Pro 16"" (2023)","A2780, A2991",https://www.sellcell.com/assets/images/devices/009/macbook-pro-16-2023.jpg,,,96GB,M2 Pro 12-Core CPU 19-Core GPU,FAULTY,0,0,0
Laptops,Apple,"MacBook Pro 16"" (2023)","A2780, A2991",https://www.sellcell.com/assets/images/devices/009/macbook-pro-16-2023.jpg,,,96GB,M2 Pro 12-Core CPU 19-Core GPU,MINT,0,0,0
Laptops,Apple,"MacBook Pro 16"" (2023)","A2780, A2991",https://www.sellcell.com/assets/images/devices/009/macbook-pro-16-2023.jpg,,,18GB,M2 Pro 12-Core CPU 19-Core GPU,GOOD,0,0,0
Laptops,Apple,"MacBook Pro 16"" (2023)","A2780, A2991",https://www.sellcell.com/assets/images/devices/009/macbook-pro-16-2023.jpg,,,32GB,M2 Pro 12-Core CPU 19-Core GPU,MINT,0,0,951.0
Laptops,Apple,"MacBook Pro 16"" (2023)","A2780, A2991",https://www.sellcell.com/assets/images/devices/009/macbook-pro-16-2023.jpg,,,32GB,M2 Pro 12-Core CPU 19-Core GPU,GOOD,0,0,775.0
Laptops,Apple,"MacBook Pro 16"" (2023)","A2780, A2991",https://www.sellcell.com/assets/images/devices/009/macbook-pro-16-2023.jpg,,,18GB,M2 Pro 12-Core CPU 19-Core GPU,POOR,0,0,0
Laptops,Apple,"MacBook Pro 16"" (2023)","A2780, A2991",https://www.sellcell.com/assets/images/devices/009/macbook-pro-16-2023.jpg,,,16GB,M2 Pro 12-Core CPU 19-Core GPU,MINT,0,0,850.0
Laptops,Apple,"MacBook Pro 16"" (2023)","A2780, A2991",https://www.sellcell.com/assets/images/devices/009/macbook-pro-16-2023.jpg,,,96GB,M2 Max 12-Core CPU 30-Core GPU,POOR,0,0,0
Laptops,Apple,"MacBook Pro 16"" (2023)","A2780, A2991",https://www.sellcell.com/assets/images/devices/009/macbook-pro-16-2023.jpg,,,128GB,M2 Max 12-Core CPU 30-Core GPU,FAULTY,0,0,0
Laptops,Apple,"MacBook Pro 16"" (2023)","A2780, A2991",https://www.sellcell.com/assets/images/devices/009/macbook-pro-16-2023.jpg,,,128GB,M2 Max 12-Core CPU 30-Core GPU,POOR,0,0,0
Laptops,Apple,"MacBook Pro 16"" (2023)","A2780, A2991",https://www.sellcell.com/assets/images/devices/009/macbook-pro-16-2023.jpg,,,18GB,M2 Pro 12-Core CPU 19-Core GPU,MINT,0,0,0
Laptops,Apple,"MacBook Pro 16"" (2023)","A2780, A2991",https://www.sellcell.com/assets/images/devices/009/macbook-pro-16-2023.jpg,,,128GB,M2 Max 12-Core CPU 30-Core GPU,GOOD,0,0,0
Laptops,Apple,"MacBook Pro 16"" (2023)","A2780, A2991",https://www.sellcell.com/assets/images/devices/009/macbook-pro-16-2023.jpg,,,96GB,M2 Max 12-Core CPU 30-Core GPU,FAULTY,0,0,0
Laptops,Apple,"MacBook Pro 16"" (2023)","A2780, A2991",https://www.sellcell.com/assets/images/devices/009/macbook-pro-16-2023.jpg,,,128GB,M2 Max 12-Core CPU 30-Core GPU,MINT,0,0,0
Laptops,Apple,"MacBook Pro 16"" (2023)","A2780, A2991",https://www.sellcell.com/assets/images/devices/009/macbook-pro-16-2023.jpg,,,16GB,M2 Pro 12-Core CPU 19-Core GPU,GOOD,0,0,722.5
Laptops,Apple,"MacBook Pro 16"" (2023)","A2780, A2991",https://www.sellcell.com/assets/images/devices/009/macbook-pro-16-2023.jpg,,,64GB,M2 Max 12-Core CPU 30-Core GPU,MINT,0,0,1435.0
Laptops,Apple,"MacBook Pro 16"" (2023)","A2780, A2991",https://www.sellcell.com/assets/images/devices/009/macbook-pro-16-2023.jpg,,,48GB,M2 Max 12-Core CPU 30-Core GPU,POOR,0,0,0
Laptops,Apple,"MacBook Pro 16"" (2023)","A2780, A2991",https://www.sellcell.com/assets/images/devices/009/macbook-pro-16-2023.jpg,,,64GB,M2 Max 12-Core CPU 30-Core GPU,FAULTY,0,0,300.0
Laptops,Apple,"MacBook Pro 16"" (2023)","A2780, A2991",https://www.sellcell.com/assets/images/devices/009/macbook-pro-16-2023.jpg,,,48GB,M2 Max 12-Core CPU 30-Core GPU,FAULTY,0,0,0
Laptops,Apple,"MacBook Pro 16"" (2023)","A2780, A2991",https://www.sellcell.com/assets/images/devices/009/macbook-pro-16-2023.jpg,,,96GB,M2 Max 12-Core CPU 30-Core GPU,MINT,0,0,0
Laptops,Apple,"MacBook Pro 16"" (2023)","A2780, A2991",https://www.sellcell.com/assets/images/devices/009/macbook-pro-16-2023.jpg,,,64GB,M2 Max 12-Core CPU 30-Core GPU,GOOD,0,0,1200.0
Laptops,Apple,"MacBook Pro 16"" (2023)","A2780, A2991",https://www.sellcell.com/assets/images/devices/009/macbook-pro-16-2023.jpg,,,96GB,M2 Max 12-Core CPU 30-Core GPU,GOOD,0,0,0
Laptops,Apple,"MacBook Pro 16"" (2023)","A2780, A2991",https://www.sellcell.com/assets/images/devices/009/macbook-pro-16-2023.jpg,,,36GB,M2 Max 12-Core CPU 30-Core GPU,GOOD,0,0,0
Laptops,Apple,"MacBook Pro 16"" (2023)","A2780, A2991",https://www.sellcell.com/assets/images/devices/009/macbook-pro-16-2023.jpg,,,64GB,M2 Max 12-Core CPU 30-Core GPU,POOR,0,0,985.0
Laptops,Apple,"MacBook Pro 16"" (2023)","A2780, A2991",https://www.sellcell.com/assets/images/devices/009/macbook-pro-16-2023.jpg,,,36GB,M2 Max 12-Core CPU 30-Core GPU,MINT,0,0,0
Laptops,Apple,"MacBook Pro 16"" (2023)","A2780, A2991",https://www.sellcell.com/assets/images/devices/009/macbook-pro-16-2023.jpg,,,36GB,M2 Max 12-Core CPU 30-Core GPU,POOR,0,0,0
Laptops,Apple,"MacBook Pro 16"" (2023)","A2780, A2991",https://www.sellcell.com/assets/images/devices/009/macbook-pro-16-2023.jpg,,,48GB,M2 Max 12-Core CPU 30-Core GPU,GOOD,0,0,0
Laptops,Apple,"MacBook Pro 16"" (2023)","A2780, A2991",https://www.sellcell.com/assets/images/devices/009/macbook-pro-16-2023.jpg,,,18GB,M2 Pro 12-Core CPU 19-Core GPU,FAULTY,0,0,0
Laptops,Apple,"MacBook Pro 16"" (2023)","A2780, A2991",https://www.sellcell.com/assets/images/devices/009/macbook-pro-16-2023.jpg,,,32GB,M2 Max 12-Core CPU 30-Core GPU,FAULTY,0,0,300.0
Laptops,Apple,"MacBook Pro 16"" (2023)","A2780, A2991",https://www.sellcell.com/assets/images/devices/009/macbook-pro-16-2023.jpg,,,48GB,M2 Max 12-Core CPU 30-Core GPU,MINT,0,0,0
Laptops,Apple,"MacBook Pro 16"" (2023)","A2780, A2991",https://www.sellcell.com/assets/images/devices/009/macbook-pro-16-2023.jpg,,,32GB,M2 Max 12-Core CPU 30-Core GPU,POOR,0,0,880.0
Laptops,Apple,"MacBook Pro 16"" (2023)","A2780, A2991",https://www.sellcell.com/assets/images/devices/009/macbook-pro-16-2023.jpg,,,16GB,M2 Max 12-Core CPU 30-Core GPU,FAULTY,0,0,0
Laptops,Apple,"MacBook Pro 16"" (2023)","A2780, A2991",https://www.sellcell.com/assets/images/devices/009/macbook-pro-16-2023.jpg,,,16GB,M2 Max 12-Core CPU 30-Core GPU,POOR,0,0,0
Laptops,Apple,"MacBook Pro 16"" (2023)","A2780, A2991",https://www.sellcell.com/assets/images/devices/009/macbook-pro-16-2023.jpg,,,18GB,M2 Max 12-Core CPU 30-Core GPU,GOOD,0,0,0
Laptops,Apple,"MacBook Pro 16"" (2023)","A2780, A2991",https://www.sellcell.com/assets/images/devices/009/macbook-pro-16-2023.jpg,,,32GB,M2 Max 12-Core CPU 30-Core GPU,MINT,0,0,1230.0
Laptops,Apple,"MacBook Pro 16"" (2023)","A2780, A2991",https://www.sellcell.com/assets/images/devices/009/macbook-pro-16-2023.jpg,,,18GB,M2 Max 12-Core CPU 30-Core GPU,FAULTY,0,0,0
Laptops,Apple,"MacBook Pro 16"" (2023)","A2780, A2991",https://www.sellcell.com/assets/images/devices/009/macbook-pro-16-2023.jpg,,,36GB,M2 Max 12-Core CPU 30-Core GPU,FAULTY,0,0,0
Laptops,Apple,"MacBook Pro 16"" (2023)","A2780, A2991",https://www.sellcell.com/assets/images/devices/009/macbook-pro-16-2023.jpg,,,96GB,M2 Max 12-Core CPU 38-Core GPU,FAULTY,0,0,300.0
Laptops,Apple,"MacBook Pro 16"" (2023)","A2780, A2991",https://www.sellcell.com/assets/images/devices/009/macbook-pro-16-2023.jpg,,,128GB,M2 Max 12-Core CPU 38-Core GPU,FAULTY,0,0,0
Laptops,Apple,"MacBook Pro 16"" (2023)","A2780, A2991",https://www.sellcell.com/assets/images/devices/009/macbook-pro-16-2023.jpg,,,16GB,M2 Max 12-Core CPU 30-Core GPU,MINT,0,0,0
Laptops,Apple,"MacBook Pro 16"" (2023)","A2780, A2991",https://www.sellcell.com/assets/images/devices/009/macbook-pro-16-2023.jpg,,,32GB,M2 Max 12-Core CPU 30-Core GPU,GOOD,0,0,1055.0
Laptops,Apple,"MacBook Pro 16"" (2023)","A2780, A2991",https://www.sellcell.com/assets/images/devices/009/macbook-pro-16-2023.jpg,,,128GB,M2 Max 12-Core CPU 38-Core GPU,GOOD,0,0,0
Laptops,Apple,"MacBook Pro 16"" (2023)","A2780, A2991",https://www.sellcell.com/assets/images/devices/009/macbook-pro-16-2023.jpg,,,128GB,M2 Max 12-Core CPU 38-Core GPU,MINT,0,0,0
Laptops,Apple,"MacBook Pro 16"" (2023)","A2780, A2991",https://www.sellcell.com/assets/images/devices/009/macbook-pro-16-2023.jpg,,,18GB,M2 Max 12-Core CPU 30-Core GPU,MINT,0,0,0
Laptops,Apple,"MacBook Pro 16"" (2023)","A2780, A2991",https://www.sellcell.com/assets/images/devices/009/macbook-pro-16-2023.jpg,,,16GB,M2 Max 12-Core CPU 30-Core GPU,GOOD,0,0,0
Laptops,Apple,"MacBook Pro 16"" (2023)","A2780, A2991",https://www.sellcell.com/assets/images/devices/009/macbook-pro-16-2023.jpg,,,64GB,M2 Max 12-Core CPU 38-Core GPU,POOR,0,0,1085.0
Laptops,Apple,"MacBook Pro 16"" (2023)","A2780, A2991",https://www.sellcell.com/assets/images/devices/009/macbook-pro-16-2023.jpg,,,64GB,M2 Max 12-Core CPU 38-Core GPU,FAULTY,0,0,300.0
Laptops,Apple,"MacBook Pro 16"" (2023)","A2780, A2991",https://www.sellcell.com/assets/images/devices/009/macbook-pro-16-2023.jpg,,,64GB,M2 Max 12-Core CPU 38-Core GPU,GOOD,0,0,1300.0
Laptops,Apple,"MacBook Pro 16"" (2023)","A2780, A2991",https://www.sellcell.com/assets/images/devices/009/macbook-pro-16-2023.jpg,,,64GB,M2 Max 12-Core CPU 38-Core GPU,MINT,0,0,1535.0
Laptops,Apple,"MacBook Pro 16"" (2023)","A2780, A2991",https://www.sellcell.com/assets/images/devices/009/macbook-pro-16-2023.jpg,,,128GB,M2 Max 12-Core CPU 38-Core GPU,POOR,0,0,0
Laptops,Apple,"MacBook Pro 16"" (2023)","A2780, A2991",https://www.sellcell.com/assets/images/devices/009/macbook-pro-16-2023.jpg,,,18GB,M2 Max 12-Core CPU 30-Core GPU,POOR,0,0,0
Laptops,Apple,"MacBook Pro 16"" (2023)","A2780, A2991",https://www.sellcell.com/assets/images/devices/009/macbook-pro-16-2023.jpg,,,48GB,M2 Max 12-Core CPU 38-Core GPU,FAULTY,0,0,0
Laptops,Apple,"MacBook Pro 16"" (2023)","A2780, A2991",https://www.sellcell.com/assets/images/devices/009/macbook-pro-16-2023.jpg,,,96GB,M2 Max 12-Core CPU 38-Core GPU,GOOD,0,0,1470.0
Laptops,Apple,"MacBook Pro 16"" (2023)","A2780, A2991",https://www.sellcell.com/assets/images/devices/009/macbook-pro-16-2023.jpg,,,32GB,M2 Max 12-Core CPU 38-Core GPU,FAULTY,0,0,300.0
Laptops,Apple,"MacBook Pro 16"" (2023)","A2780, A2991",https://www.sellcell.com/assets/images/devices/009/macbook-pro-16-2023.jpg,,,48GB,M2 Max 12-Core CPU 38-Core GPU,POOR,0,0,0
Laptops,Apple,"MacBook Pro 16"" (2023)","A2780, A2991",https://www.sellcell.com/assets/images/devices/009/macbook-pro-16-2023.jpg,,,36GB,M2 Max 12-Core CPU 38-Core GPU,POOR,0,0,0
Laptops,Apple,"MacBook Pro 16"" (2023)","A2780, A2991",https://www.sellcell.com/assets/images/devices/009/macbook-pro-16-2023.jpg,,,96GB,M2 Max 12-Core CPU 38-Core GPU,MINT,0,0,1740.0
Laptops,Apple,"MacBook Pro 16"" (2023)","A2780, A2991",https://www.sellcell.com/assets/images/devices/009/macbook-pro-16-2023.jpg,,,32GB,M2 Max 12-Core CPU 38-Core GPU,POOR,0,0,885.0
Laptops,Apple,"MacBook Pro 16"" (2023)","A2780, A2991",https://www.sellcell.com/assets/images/devices/009/macbook-pro-16-2023.jpg,,,36GB,M2 Max 12-Core CPU 38-Core GPU,GOOD,0,0,0
Laptops,Apple,"MacBook Pro 16"" (2023)","A2780, A2991",https://www.sellcell.com/assets/images/devices/009/macbook-pro-16-2023.jpg,,,36GB,M2 Max 12-Core CPU 38-Core GPU,FAULTY,0,0,0
Laptops,Apple,"MacBook Pro 13"" (2015)",A1502,https://www.sellcell.com/assets/images/devices/008/macbook-pro-13-2015.jpg,,,8GB,i5 2.9GHz,MINT,0,0,80.0
Laptops,Apple,"MacBook Pro 16"" (2023)","A2780, A2991",https://www.sellcell.com/assets/images/devices/009/macbook-pro-16-2023.jpg,,,18GB,M2 Max 12-Core CPU 38-Core GPU,POOR,0,0,0
Laptops,Apple,"MacBook Pro 16"" (2023)","A2780, A2991",https://www.sellcell.com/assets/images/devices/009/macbook-pro-16-2023.jpg,,,18GB,M2 Max 12-Core CPU 38-Core GPU,GOOD,0,0,0
Laptops,Apple,"MacBook Pro 16"" (2023)","A2780, A2991",https://www.sellcell.com/assets/images/devices/009/macbook-pro-16-2023.jpg,,,48GB,M2 Max 12-Core CPU 38-Core GPU,GOOD,0,0,0
Laptops,Apple,"MacBook Pro 16"" (2023)","A2780, A2991",https://www.sellcell.com/assets/images/devices/009/macbook-pro-16-2023.jpg,,,32GB,M2 Max 12-Core CPU 38-Core GPU,GOOD,0,0,1100.0
Laptops,Apple,"MacBook Pro 16"" (2023)","A2780, A2991",https://www.sellcell.com/assets/images/devices/009/macbook-pro-16-2023.jpg,,,16GB,M2 Max 12-Core CPU 38-Core GPU,POOR,0,0,0
Laptops,Apple,"MacBook Pro 16"" (2023)","A2780, A2991",https://www.sellcell.com/assets/images/devices/009/macbook-pro-16-2023.jpg,,,18GB,M2 Max 12-Core CPU 38-Core GPU,MINT,0,0,0
Laptops,Apple,"MacBook Pro 16"" (2023)","A2780, A2991",https://www.sellcell.com/assets/images/devices/009/macbook-pro-16-2023.jpg,,,18GB,M2 Max 12-Core CPU 38-Core GPU,FAULTY,0,0,0
Laptops,Apple,"MacBook Pro 16"" (2023)","A2780, A2991",https://www.sellcell.com/assets/images/devices/009/macbook-pro-16-2023.jpg,,,32GB,M2 Max 12-Core CPU 38-Core GPU,MINT,0,0,1335.0
Laptops,Apple,"MacBook Pro 16"" (2023)","A2780, A2991",https://www.sellcell.com/assets/images/devices/009/macbook-pro-16-2023.jpg,,,128GB,M3 Max 16-Core CPU 40-Core GPU,MINT,0,0,2246.0
Laptops,Apple,"MacBook Pro 16"" (2023)","A2780, A2991",https://www.sellcell.com/assets/images/devices/009/macbook-pro-16-2023.jpg,,,128GB,M3 Max 16-Core CPU 40-Core GPU,FAULTY,0,0,500.0
Laptops,Apple,"MacBook Pro 16"" (2023)","A2780, A2991",https://www.sellcell.com/assets/images/devices/009/macbook-pro-16-2023.jpg,,,16GB,M2 Max 12-Core CPU 38-Core GPU,FAULTY,0,0,0
Laptops,Apple,"MacBook Pro 16"" (2023)","A2780, A2991",https://www.sellcell.com/assets/images/devices/009/macbook-pro-16-2023.jpg,,,128GB,M3 Max 16-Core CPU 40-Core GPU,GOOD,0,0,2050.0
Laptops,Apple,"MacBook Pro 16"" (2023)","A2780, A2991",https://www.sellcell.com/assets/images/devices/009/macbook-pro-16-2023.jpg,,,96GB,M3 Max 16-Core CPU 40-Core GPU,POOR,0,0,0
Laptops,Apple,"MacBook Pro 16"" (2023)","A2780, A2991",https://www.sellcell.com/assets/images/devices/009/macbook-pro-16-2023.jpg,,,96GB,M3 Max 16-Core CPU 40-Core GPU,FAULTY,0,0,0
Laptops,Apple,"MacBook Pro 16"" (2023)","A2780, A2991",https://www.sellcell.com/assets/images/devices/009/macbook-pro-16-2023.jpg,,,36GB,M2 Max 12-Core CPU 38-Core GPU,MINT,0,0,0
Laptops,Apple,"MacBook Pro 16"" (2023)","A2780, A2991",https://www.sellcell.com/assets/images/devices/009/macbook-pro-16-2023.jpg,,,48GB,M3 Max 16-Core CPU 40-Core GPU,POOR,0,0,1290.0
Laptops,Apple,"MacBook Pro 16"" (2023)","A2780, A2991",https://www.sellcell.com/assets/images/devices/009/macbook-pro-16-2023.jpg,,,64GB,M3 Max 16-Core CPU 40-Core GPU,GOOD,0,0,1700.0
Laptops,Apple,"MacBook Pro 16"" (2023)","A2780, A2991",https://www.sellcell.com/assets/images/devices/009/macbook-pro-16-2023.jpg,,,64GB,M3 Max 16-Core CPU 40-Core GPU,POOR,0,0,1495.0
Laptops,Apple,"MacBook Pro 16"" (2023)","A2780, A2991",https://www.sellcell.com/assets/images/devices/009/macbook-pro-16-2023.jpg,,,128GB,M3 Max 16-Core CPU 40-Core GPU,POOR,0,0,1745.0
Laptops,Apple,"MacBook Pro 16"" (2023)","A2780, A2991",https://www.sellcell.com/assets/images/devices/009/macbook-pro-16-2023.jpg,,,96GB,M3 Max 16-Core CPU 40-Core GPU,GOOD,0,0,1445.0
Laptops,Apple,"MacBook Pro 16"" (2023)","A2780, A2991",https://www.sellcell.com/assets/images/devices/009/macbook-pro-16-2023.jpg,,,96GB,M3 Max 16-Core CPU 40-Core GPU,MINT,0,0,1700.0
Laptops,Apple,"MacBook Pro 16"" (2023)","A2780, A2991",https://www.sellcell.com/assets/images/devices/009/macbook-pro-16-2023.jpg,,,16GB,M2 Max 12-Core CPU 38-Core GPU,MINT,0,0,0
Laptops,Apple,"MacBook Pro 16"" (2023)","A2780, A2991",https://www.sellcell.com/assets/images/devices/009/macbook-pro-16-2023.jpg,,,16GB,M2 Max 12-Core CPU 38-Core GPU,GOOD,0,0,0
Laptops,Apple,"MacBook Pro 16"" (2023)","A2780, A2991",https://www.sellcell.com/assets/images/devices/009/macbook-pro-16-2023.jpg,,,48GB,M3 Max 16-Core CPU 40-Core GPU,FAULTY,0,0,500.0
Laptops,Apple,"MacBook Pro 16"" (2023)","A2780, A2991",https://www.sellcell.com/assets/images/devices/009/macbook-pro-16-2023.jpg,,,64GB,M3 Max 16-Core CPU 40-Core GPU,FAULTY,0,0,500.0
Laptops,Apple,"MacBook Pro 16"" (2023)","A2780, A2991",https://www.sellcell.com/assets/images/devices/009/macbook-pro-16-2023.jpg,,,36GB,M3 Max 16-Core CPU 40-Core GPU,MINT,0,0,1700.0
Laptops,Apple,"MacBook Pro 16"" (2023)","A2780, A2991",https://www.sellcell.com/assets/images/devices/009/macbook-pro-16-2023.jpg,,,32GB,M3 Max 16-Core CPU 40-Core GPU,FAULTY,0,0,0
Laptops,Apple,"MacBook Pro 16"" (2023)","A2780, A2991",https://www.sellcell.com/assets/images/devices/009/macbook-pro-16-2023.jpg,,,36GB,M3 Max 16-Core CPU 40-Core GPU,FAULTY,0,0,0
Laptops,Apple,"MacBook Pro 16"" (2023)","A2780, A2991",https://www.sellcell.com/assets/images/devices/009/macbook-pro-16-2023.jpg,,,36GB,M3 Max 16-Core CPU 40-Core GPU,POOR,0,0,0
Laptops,Apple,"MacBook Pro 16"" (2023)","A2780, A2991",https://www.sellcell.com/assets/images/devices/009/macbook-pro-16-2023.jpg,,,48GB,M3 Max 16-Core CPU 40-Core GPU,GOOD,0,0,1500.0
Laptops,Apple,"MacBook Pro 16"" (2023)","A2780, A2991",https://www.sellcell.com/assets/images/devices/009/macbook-pro-16-2023.jpg,,,36GB,M3 Max 16-Core CPU 40-Core GPU,GOOD,0,0,1445.0
Laptops,Apple,"MacBook Pro 16"" (2023)","A2780, A2991",https://www.sellcell.com/assets/images/devices/009/macbook-pro-16-2023.jpg,,,32GB,M3 Max 16-Core CPU 40-Core GPU,GOOD,0,0,1445.0
Laptops,Apple,"MacBook Pro 16"" (2023)","A2780, A2991",https://www.sellcell.com/assets/images/devices/009/macbook-pro-16-2023.jpg,,,18GB,M3 Max 16-Core CPU 40-Core GPU,MINT,0,0,1700.0
Laptops,Apple,"MacBook Pro 16"" (2023)","A2780, A2991",https://www.sellcell.com/assets/images/devices/009/macbook-pro-16-2023.jpg,,,16GB,M3 Max 16-Core CPU 40-Core GPU,POOR,0,0,0
Laptops,Apple,"MacBook Pro 16"" (2023)","A2780, A2991",https://www.sellcell.com/assets/images/devices/009/macbook-pro-16-2023.jpg,,,18GB,M3 Max 16-Core CPU 40-Core GPU,FAULTY,0,0,0
Laptops,Apple,"MacBook Pro 16"" (2023)","A2780, A2991",https://www.sellcell.com/assets/images/devices/009/macbook-pro-16-2023.jpg,,,32GB,M3 Max 16-Core CPU 40-Core GPU,MINT,0,0,1700.0
Laptops,Apple,"MacBook Pro 16"" (2023)","A2780, A2991",https://www.sellcell.com/assets/images/devices/009/macbook-pro-16-2023.jpg,,,18GB,M3 Max 16-Core CPU 40-Core GPU,GOOD,0,0,1445.0
Laptops,Apple,"MacBook Pro 16"" (2023)","A2780, A2991",https://www.sellcell.com/assets/images/devices/009/macbook-pro-16-2023.jpg,,,48GB,M3 Max 16-Core CPU 40-Core GPU,MINT,0,0,1700.0
Laptops,Apple,"MacBook Pro 16"" (2023)","A2780, A2991",https://www.sellcell.com/assets/images/devices/009/macbook-pro-16-2023.jpg,,,32GB,M3 Max 16-Core CPU 40-Core GPU,POOR,0,0,0
Laptops,Apple,"MacBook Pro 16"" (2023)","A2780, A2991",https://www.sellcell.com/assets/images/devices/009/macbook-pro-16-2023.jpg,,,128GB,M3 Pro 12-Core CPU 18-Core GPU,MINT,0,0,1100.0
Laptops,Apple,"MacBook Pro 16"" (2023)","A2780, A2991",https://www.sellcell.com/assets/images/devices/009/macbook-pro-16-2023.jpg,,,128GB,M3 Pro 12-Core CPU 18-Core GPU,GOOD,0,0,935.0
Laptops,Apple,"MacBook Pro 16"" (2023)","A2780, A2991",https://www.sellcell.com/assets/images/devices/009/macbook-pro-16-2023.jpg,,,48GB,M2 Max 12-Core CPU 38-Core GPU,MINT,0,0,0
Laptops,Apple,"MacBook Pro 16"" (2023)","A2780, A2991",https://www.sellcell.com/assets/images/devices/009/macbook-pro-16-2023.jpg,,,128GB,M3 Pro 12-Core CPU 18-Core GPU,FAULTY,0,0,0
Laptops,Apple,"MacBook Pro 16"" (2023)","A2780, A2991",https://www.sellcell.com/assets/images/devices/009/macbook-pro-16-2023.jpg,,,128GB,M3 Pro 12-Core CPU 18-Core GPU,POOR,0,0,0
Laptops,Apple,"MacBook Pro 16"" (2023)","A2780, A2991",https://www.sellcell.com/assets/images/devices/009/macbook-pro-16-2023.jpg,,,96GB,M3 Pro 12-Core CPU 18-Core GPU,POOR,0,0,0
Laptops,Apple,"MacBook Pro 16"" (2023)","A2780, A2991",https://www.sellcell.com/assets/images/devices/009/macbook-pro-16-2023.jpg,,,16GB,M3 Max 16-Core CPU 40-Core GPU,GOOD,0,0,1445.0
Laptops,Apple,"MacBook Pro 16"" (2023)","A2780, A2991",https://www.sellcell.com/assets/images/devices/009/macbook-pro-16-2023.jpg,,,96GB,M3 Pro 12-Core CPU 18-Core GPU,FAULTY,0,0,0
Laptops,Apple,"MacBook Pro 16"" (2023)","A2780, A2991",https://www.sellcell.com/assets/images/devices/009/macbook-pro-16-2023.jpg,,,18GB,M3 Max 16-Core CPU 40-Core GPU,POOR,0,0,0
Laptops,Apple,"MacBook Pro 16"" (2023)","A2780, A2991",https://www.sellcell.com/assets/images/devices/009/macbook-pro-16-2023.jpg,,,16GB,M3 Max 16-Core CPU 40-Core GPU,FAULTY,0,0,0
Laptops,Apple,"MacBook Pro 16"" (2023)","A2780, A2991",https://www.sellcell.com/assets/images/devices/009/macbook-pro-16-2023.jpg,,,48GB,M3 Pro 12-Core CPU 18-Core GPU,FAULTY,0,0,0
Laptops,Apple,"MacBook Pro 16"" (2023)","A2780, A2991",https://www.sellcell.com/assets/images/devices/009/macbook-pro-16-2023.jpg,,,96GB,M3 Pro 12-Core CPU 18-Core GPU,MINT,0,0,1100.0
Laptops,Apple,"MacBook Pro 16"" (2023)","A2780, A2991",https://www.sellcell.com/assets/images/devices/009/macbook-pro-16-2023.jpg,,,64GB,M3 Pro 12-Core CPU 18-Core GPU,MINT,0,0,1100.0
Laptops,Apple,"MacBook Pro 16"" (2023)","A2780, A2991",https://www.sellcell.com/assets/images/devices/009/macbook-pro-16-2023.jpg,,,64GB,M3 Pro 12-Core CPU 18-Core GPU,FAULTY,0,0,0
Laptops,Apple,"MacBook Pro 16"" (2023)","A2780, A2991",https://www.sellcell.com/assets/images/devices/009/macbook-pro-16-2023.jpg,,,48GB,M3 Pro 12-Core CPU 18-Core GPU,POOR,0,0,0
Laptops,Apple,"MacBook Pro 16"" (2023)","A2780, A2991",https://www.sellcell.com/assets/images/devices/009/macbook-pro-16-2023.jpg,,,64GB,M3 Pro 12-Core CPU 18-Core GPU,POOR,0,0,0
Laptops,Apple,"MacBook Pro 16"" (2023)","A2780, A2991",https://www.sellcell.com/assets/images/devices/009/macbook-pro-16-2023.jpg,,,36GB,M3 Pro 12-Core CPU 18-Core GPU,MINT,0,0,1286.0
Laptops,Apple,"MacBook Pro 16"" (2023)","A2780, A2991",https://www.sellcell.com/assets/images/devices/009/macbook-pro-16-2023.jpg,,,32GB,M3 Pro 12-Core CPU 18-Core GPU,POOR,0,0,0
Laptops,Apple,"MacBook Pro 16"" (2023)","A2780, A2991",https://www.sellcell.com/assets/images/devices/009/macbook-pro-16-2023.jpg,,,48GB,M3 Pro 12-Core CPU 18-Core GPU,MINT,0,0,1100.0
Laptops,Apple,"MacBook Pro 16"" (2023)","A2780, A2991",https://www.sellcell.com/assets/images/devices/009/macbook-pro-16-2023.jpg,,,64GB,M3 Max 16-Core CPU 40-Core GPU,MINT,0,0,1846.0
Laptops,Apple,"MacBook Pro 16"" (2023)","A2780, A2991",https://www.sellcell.com/assets/images/devices/009/macbook-pro-16-2023.jpg,,,48GB,M3 Pro 12-Core CPU 18-Core GPU,GOOD,0,0,935.0
Laptops,Apple,"MacBook Pro 16"" (2023)","A2780, A2991",https://www.sellcell.com/assets/images/devices/009/macbook-pro-16-2023.jpg,,,36GB,M3 Pro 12-Core CPU 18-Core GPU,POOR,0,0,935.0
Laptops,Apple,"MacBook Pro 16"" (2023)","A2780, A2991",https://www.sellcell.com/assets/images/devices/009/macbook-pro-16-2023.jpg,,,36GB,M3 Pro 12-Core CPU 18-Core GPU,FAULTY,0,0,300.0
Laptops,Apple,"MacBook Pro 16"" (2023)","A2780, A2991",https://www.sellcell.com/assets/images/devices/009/macbook-pro-16-2023.jpg,,,32GB,M3 Pro 12-Core CPU 18-Core GPU,FAULTY,0,0,0
Laptops,Apple,"MacBook Pro 16"" (2023)","A2780, A2991",https://www.sellcell.com/assets/images/devices/009/macbook-pro-16-2023.jpg,,,36GB,M3 Pro 12-Core CPU 18-Core GPU,GOOD,0,0,1150.0
Laptops,Apple,"MacBook Pro 16"" (2023)","A2780, A2991",https://www.sellcell.com/assets/images/devices/009/macbook-pro-16-2023.jpg,,,96GB,M3 Pro 12-Core CPU 18-Core GPU,GOOD,0,0,935.0
Laptops,Apple,"MacBook Pro 16"" (2023)","A2780, A2991",https://www.sellcell.com/assets/images/devices/009/macbook-pro-16-2023.jpg,,,18GB,M3 Pro 12-Core CPU 18-Core GPU,MINT,0,0,1100.0
Laptops,Apple,"MacBook Pro 16"" (2023)","A2780, A2991",https://www.sellcell.com/assets/images/devices/009/macbook-pro-16-2023.jpg,,,16GB,M3 Pro 12-Core CPU 18-Core GPU,POOR,0,0,0
Laptops,Apple,"MacBook Pro 16"" (2023)","A2780, A2991",https://www.sellcell.com/assets/images/devices/009/macbook-pro-16-2023.jpg,,,18GB,M3 Pro 12-Core CPU 18-Core GPU,POOR,0,0,805.0
Laptops,Apple,"MacBook Pro 16"" (2023)","A2780, A2991",https://www.sellcell.com/assets/images/devices/009/macbook-pro-16-2023.jpg,,,32GB,M3 Pro 12-Core CPU 18-Core GPU,GOOD,0,0,935.0
Laptops,Apple,"MacBook Pro 16"" (2023)","A2780, A2991",https://www.sellcell.com/assets/images/devices/009/macbook-pro-16-2023.jpg,,,16GB,M3 Max 16-Core CPU 40-Core GPU,MINT,0,0,1700.0
Laptops,Apple,"MacBook Pro 16"" (2023)","A2780, A2991",https://www.sellcell.com/assets/images/devices/009/macbook-pro-16-2023.jpg,,,16GB,M3 Pro 12-Core CPU 18-Core GPU,FAULTY,0,0,0
Laptops,Apple,"MacBook Pro 16"" (2023)","A2780, A2991",https://www.sellcell.com/assets/images/devices/009/macbook-pro-16-2023.jpg,,,32GB,M3 Pro 12-Core CPU 18-Core GPU,MINT,0,0,1100.0
Laptops,Apple,"MacBook Pro 16"" (2023)","A2780, A2991",https://www.sellcell.com/assets/images/devices/009/macbook-pro-16-2023.jpg,,,18GB,M3 Pro 12-Core CPU 18-Core GPU,GOOD,0,0,975.0
Laptops,Apple,"MacBook Pro 13"" (2014)",A1502,https://www.sellcell.com/assets/images/devices/008/macbook-pro-13-2014.jpg,,,8GB,i5 2.8GHz,FAULTY,0,0,0
Laptops,Apple,"MacBook Pro 16"" (2023)","A2780, A2991",https://www.sellcell.com/assets/images/devices/009/macbook-pro-16-2023.jpg,,,16GB,M3 Pro 12-Core CPU 18-Core GPU,GOOD,0,0,935.0
Laptops,Apple,"MacBook Pro 13"" (2014)",A1502,https://www.sellcell.com/assets/images/devices/008/macbook-pro-13-2014.jpg,,,16GB,i5 2.8GHz,POOR,0,0,15.0
Laptops,Apple,"MacBook Pro 16"" (2023)","A2780, A2991",https://www.sellcell.com/assets/images/devices/009/macbook-pro-16-2023.jpg,,,64GB,M3 Pro 12-Core CPU 18-Core GPU,GOOD,0,0,935.0
Laptops,Apple,"MacBook Pro 16"" (2023)","A2780, A2991",https://www.sellcell.com/assets/images/devices/009/macbook-pro-16-2023.jpg,,,18GB,M3 Pro 12-Core CPU 18-Core GPU,FAULTY,0,0,141.0
Laptops,Apple,"MacBook Pro 13"" (2014)",A1502,https://www.sellcell.com/assets/images/devices/008/macbook-pro-13-2014.jpg,,,16GB,i5 2.8GHz,GOOD,0,0,35.0
Laptops,Apple,"MacBook Pro 16"" (2023)","A2780, A2991",https://www.sellcell.com/assets/images/devices/009/macbook-pro-16-2023.jpg,,,16GB,M3 Pro 12-Core CPU 18-Core GPU,MINT,0,0,1100.0
Laptops,Apple,"MacBook Pro 13"" (2014)",A1502,https://www.sellcell.com/assets/images/devices/008/macbook-pro-13-2014.jpg,,,16GB,i5 2.8GHz,MINT,0,0,55.0
Laptops,Apple,"MacBook Pro 13"" (2014)",A1502,https://www.sellcell.com/assets/images/devices/008/macbook-pro-13-2014.jpg,,,16GB,i5 2.8GHz,FAULTY,0,0,0
Laptops,Apple,"MacBook Pro 13"" (2014)",A1502,https://www.sellcell.com/assets/images/devices/008/macbook-pro-13-2014.jpg,,,16GB,i5 2.6GHz,POOR,0,0,10.0
Laptops,Apple,"MacBook Pro 13"" (2014)",A1502,https://www.sellcell.com/assets/images/devices/008/macbook-pro-13-2014.jpg,,,8GB,i7 3.0GHz,MINT,0,0,60.0
Laptops,Apple,"MacBook Pro 13"" (2014)",A1502,https://www.sellcell.com/assets/images/devices/008/macbook-pro-13-2014.jpg,,,8GB,i5 2.8GHz,GOOD,0,0,25.0
Laptops,Apple,"MacBook Pro 13"" (2014)",A1502,https://www.sellcell.com/assets/images/devices/008/macbook-pro-13-2014.jpg,,,16GB,i5 2.6GHz,FAULTY,0,0,0
Laptops,Apple,"MacBook Pro 13"" (2014)",A1502,https://www.sellcell.com/assets/images/devices/008/macbook-pro-13-2014.jpg,,,16GB,i5 2.6GHz,GOOD,0,0,30.0
Laptops,Apple,"MacBook Pro 13"" (2014)",A1502,https://www.sellcell.com/assets/images/devices/008/macbook-pro-13-2014.jpg,,,16GB,i5 2.6GHz,MINT,0,0,50.0
Laptops,Apple,"MacBook Pro 13"" (2014)",A1502,https://www.sellcell.com/assets/images/devices/008/macbook-pro-13-2014.jpg,,,8GB,i5 2.8GHz,POOR,0,0,9.0
Laptops,Apple,"MacBook Pro 13"" (2014)",A1502,https://www.sellcell.com/assets/images/devices/008/macbook-pro-13-2014.jpg,,,8GB,i5 2.8GHz,MINT,0,0,45.0
Laptops,Apple,"MacBook Pro 13"" (2014)",A1502,https://www.sellcell.com/assets/images/devices/008/macbook-pro-13-2014.jpg,,,8GB,i5 2.6GHz,MINT,0,0,40.0
Laptops,Apple,"MacBook Pro 13"" (2014)",A1502,https://www.sellcell.com/assets/images/devices/008/macbook-pro-13-2014.jpg,,,8GB,i5 2.6GHz,POOR,0,0,6.0
Laptops,Apple,"MacBook Pro 14"" (2026)","A3426, A3427",https://www.sellcell.com/assets/images/devices/009/macbook-pro-14-2026.jpg,,,128GB,M5 Max 18-Core CPU 40-Core GPU,MINT,0,0,4035.0
Laptops,Apple,"MacBook Pro 13"" (2014)",A1502,https://www.sellcell.com/assets/images/devices/008/macbook-pro-13-2014.jpg,,,8GB,i5 2.6GHz,FAULTY,0,0,0
Laptops,Apple,"MacBook Pro 14"" (2026)","A3426, A3427",https://www.sellcell.com/assets/images/devices/009/macbook-pro-14-2026.jpg,,,128GB,M5 Max 18-Core CPU 40-Core GPU,POOR,0,0,3485.0
Laptops,Apple,"MacBook Pro 14"" (2026)","A3426, A3427",https://www.sellcell.com/assets/images/devices/009/macbook-pro-14-2026.jpg,,,64GB,M5 Max 18-Core CPU 40-Core GPU,POOR,0,0,2980.0
Laptops,Apple,"MacBook Pro 14"" (2026)","A3426, A3427",https://www.sellcell.com/assets/images/devices/009/macbook-pro-14-2026.jpg,,,48GB,M5 Max 18-Core CPU 40-Core GPU,FAULTY,0,0,520.0
Laptops,Apple,"MacBook Pro 14"" (2026)","A3426, A3427",https://www.sellcell.com/assets/images/devices/009/macbook-pro-14-2026.jpg,,,48GB,M5 Max 18-Core CPU 40-Core GPU,GOOD,0,0,2835.0
Laptops,Apple,"MacBook Pro 14"" (2026)","A3426, A3427",https://www.sellcell.com/assets/images/devices/009/macbook-pro-14-2026.jpg,,,64GB,M5 Max 18-Core CPU 40-Core GPU,FAULTY,0,0,520.0
Laptops,Apple,"MacBook Pro 14"" (2026)","A3426, A3427",https://www.sellcell.com/assets/images/devices/009/macbook-pro-14-2026.jpg,,,36GB,M5 Max 18-Core CPU 40-Core GPU,POOR,0,0,0
Laptops,Apple,"MacBook Pro 14"" (2026)","A3426, A3427",https://www.sellcell.com/assets/images/devices/009/macbook-pro-14-2026.jpg,,,36GB,M5 Max 18-Core CPU 40-Core GPU,FAULTY,0,0,0
Laptops,Apple,"MacBook Pro 14"" (2026)","A3426, A3427",https://www.sellcell.com/assets/images/devices/009/macbook-pro-14-2026.jpg,,,64GB,M5 Max 18-Core CPU 40-Core GPU,GOOD,0,0,3240.0
Laptops,Apple,"MacBook Pro 14"" (2026)","A3426, A3427",https://www.sellcell.com/assets/images/devices/009/macbook-pro-14-2026.jpg,,,48GB,M5 Max 18-Core CPU 40-Core GPU,MINT,0,0,3125.0
Laptops,Apple,"MacBook Pro 13"" (2014)",A1502,https://www.sellcell.com/assets/images/devices/008/macbook-pro-13-2014.jpg,,,8GB,i5 2.6GHz,GOOD,0,0,20.0
Laptops,Apple,"MacBook Pro 14"" (2026)","A3426, A3427",https://www.sellcell.com/assets/images/devices/009/macbook-pro-14-2026.jpg,,,48GB,M5 Max 18-Core CPU 40-Core GPU,POOR,0,0,2575.0
Laptops,Apple,"MacBook Pro 14"" (2026)","A3426, A3427",https://www.sellcell.com/assets/images/devices/009/macbook-pro-14-2026.jpg,,,32GB,M5 Max 18-Core CPU 40-Core GPU,POOR,0,0,0
Laptops,Apple,"MacBook Pro 14"" (2026)","A3426, A3427",https://www.sellcell.com/assets/images/devices/009/macbook-pro-14-2026.jpg,,,32GB,M5 Max 18-Core CPU 40-Core GPU,GOOD,0,0,0
Laptops,Apple,"MacBook Pro 14"" (2026)","A3426, A3427",https://www.sellcell.com/assets/images/devices/009/macbook-pro-14-2026.jpg,,,36GB,M5 Max 18-Core CPU 40-Core GPU,MINT,0,0,0
Laptops,Apple,"MacBook Pro 14"" (2026)","A3426, A3427",https://www.sellcell.com/assets/images/devices/009/macbook-pro-14-2026.jpg,,,24GB,M5 Max 18-Core CPU 40-Core GPU,POOR,0,0,0
Laptops,Apple,"MacBook Pro 14"" (2026)","A3426, A3427",https://www.sellcell.com/assets/images/devices/009/macbook-pro-14-2026.jpg,,,36GB,M5 Max 18-Core CPU 40-Core GPU,GOOD,0,0,0
Laptops,Apple,"MacBook Pro 14"" (2026)","A3426, A3427",https://www.sellcell.com/assets/images/devices/009/macbook-pro-14-2026.jpg,,,32GB,M5 Max 18-Core CPU 40-Core GPU,FAULTY,0,0,0
Laptops,Apple,"MacBook Pro 14"" (2026)","A3426, A3427",https://www.sellcell.com/assets/images/devices/009/macbook-pro-14-2026.jpg,,,24GB,M5 Max 18-Core CPU 40-Core GPU,FAULTY,0,0,0
Laptops,Apple,"MacBook Pro 14"" (2026)","A3426, A3427",https://www.sellcell.com/assets/images/devices/009/macbook-pro-14-2026.jpg,,,32GB,M5 Max 18-Core CPU 40-Core GPU,MINT,0,0,0
Laptops,Apple,"MacBook Pro 14"" (2026)","A3426, A3427",https://www.sellcell.com/assets/images/devices/009/macbook-pro-14-2026.jpg,,,128GB,M5 Pro 15-Core CPU 16-Core GPU,POOR,0,0,0
Laptops,Apple,"MacBook Pro 14"" (2026)","A3426, A3427",https://www.sellcell.com/assets/images/devices/009/macbook-pro-14-2026.jpg,,,128GB,M5 Pro 15-Core CPU 16-Core GPU,FAULTY,0,0,0
Laptops,Apple,"MacBook Pro 14"" (2026)","A3426, A3427",https://www.sellcell.com/assets/images/devices/009/macbook-pro-14-2026.jpg,,,24GB,M5 Max 18-Core CPU 40-Core GPU,GOOD,0,0,0
Laptops,Apple,"MacBook Pro 14"" (2026)","A3426, A3427",https://www.sellcell.com/assets/images/devices/009/macbook-pro-14-2026.jpg,,,24GB,M5 Max 18-Core CPU 40-Core GPU,MINT,0,0,0
Laptops,Apple,"MacBook Pro 14"" (2026)","A3426, A3427",https://www.sellcell.com/assets/images/devices/009/macbook-pro-14-2026.jpg,,,128GB,M5 Max 18-Core CPU 40-Core GPU,GOOD,0,0,3745.0
Laptops,Apple,"MacBook Pro 14"" (2026)","A3426, A3427",https://www.sellcell.com/assets/images/devices/009/macbook-pro-14-2026.jpg,,,16GB,M5 Max 18-Core CPU 40-Core GPU,MINT,0,0,0
Laptops,Apple,"MacBook Pro 14"" (2026)","A3426, A3427",https://www.sellcell.com/assets/images/devices/009/macbook-pro-14-2026.jpg,,,16GB,M5 Max 18-Core CPU 40-Core GPU,GOOD,0,0,0
Laptops,Apple,"MacBook Pro 14"" (2026)","A3426, A3427",https://www.sellcell.com/assets/images/devices/009/macbook-pro-14-2026.jpg,,,64GB,M5 Max 18-Core CPU 40-Core GPU,MINT,0,0,3530.0
Laptops,Apple,"MacBook Pro 14"" (2026)","A3426, A3427",https://www.sellcell.com/assets/images/devices/009/macbook-pro-14-2026.jpg,,,16GB,M5 Max 18-Core CPU 40-Core GPU,POOR,0,0,0
Laptops,Apple,"MacBook Pro 14"" (2026)","A3426, A3427",https://www.sellcell.com/assets/images/devices/009/macbook-pro-14-2026.jpg,,,16GB,M5 Max 18-Core CPU 40-Core GPU,FAULTY,0,0,0
Laptops,Apple,"MacBook Pro 14"" (2026)","A3426, A3427",https://www.sellcell.com/assets/images/devices/009/macbook-pro-14-2026.jpg,,,64GB,M5 Pro 15-Core CPU 16-Core GPU,MINT,0,0,1650.0
Laptops,Apple,"MacBook Pro 14"" (2026)","A3426, A3427",https://www.sellcell.com/assets/images/devices/009/macbook-pro-14-2026.jpg,,,64GB,M5 Pro 15-Core CPU 16-Core GPU,FAULTY,0,0,0
Laptops,Apple,"MacBook Pro 14"" (2026)","A3426, A3427",https://www.sellcell.com/assets/images/devices/009/macbook-pro-14-2026.jpg,,,48GB,M5 Pro 15-Core CPU 16-Core GPU,POOR,0,0,1490.0
Laptops,Apple,"MacBook Pro 14"" (2026)","A3426, A3427",https://www.sellcell.com/assets/images/devices/009/macbook-pro-14-2026.jpg,,,64GB,M5 Pro 15-Core CPU 16-Core GPU,GOOD,0,0,1402.5
Laptops,Apple,"MacBook Pro 14"" (2026)","A3426, A3427",https://www.sellcell.com/assets/images/devices/009/macbook-pro-14-2026.jpg,,,48GB,M5 Pro 15-Core CPU 16-Core GPU,GOOD,0,0,1670.0
Laptops,Apple,"MacBook Pro 14"" (2026)","A3426, A3427",https://www.sellcell.com/assets/images/devices/009/macbook-pro-14-2026.jpg,,,64GB,M5 Pro 15-Core CPU 16-Core GPU,POOR,0,0,0
Laptops,Apple,"MacBook Pro 14"" (2026)","A3426, A3427",https://www.sellcell.com/assets/images/devices/009/macbook-pro-14-2026.jpg,,,36GB,M5 Pro 15-Core CPU 16-Core GPU,POOR,0,0,0
Laptops,Apple,"MacBook Pro 14"" (2026)","A3426, A3427",https://www.sellcell.com/assets/images/devices/009/macbook-pro-14-2026.jpg,,,36GB,M5 Pro 15-Core CPU 16-Core GPU,FAULTY,0,0,0
Laptops,Apple,"MacBook Pro 14"" (2026)","A3426, A3427",https://www.sellcell.com/assets/images/devices/009/macbook-pro-14-2026.jpg,,,36GB,M5 Pro 15-Core CPU 16-Core GPU,MINT,0,0,1650.0
Laptops,Apple,"MacBook Pro 14"" (2026)","A3426, A3427",https://www.sellcell.com/assets/images/devices/009/macbook-pro-14-2026.jpg,,,36GB,M5 Pro 15-Core CPU 16-Core GPU,GOOD,0,0,1402.5
Laptops,Apple,"MacBook Pro 14"" (2026)","A3426, A3427",https://www.sellcell.com/assets/images/devices/009/macbook-pro-14-2026.jpg,,,32GB,M5 Pro 15-Core CPU 16-Core GPU,POOR,0,0,0
Laptops,Apple,"MacBook Pro 14"" (2026)","A3426, A3427",https://www.sellcell.com/assets/images/devices/009/macbook-pro-14-2026.jpg,,,48GB,M5 Pro 15-Core CPU 16-Core GPU,MINT,0,0,1840.0
Laptops,Apple,"MacBook Pro 14"" (2026)","A3426, A3427",https://www.sellcell.com/assets/images/devices/009/macbook-pro-14-2026.jpg,,,48GB,M5 Pro 15-Core CPU 16-Core GPU,FAULTY,0,0,315.0
Laptops,Apple,"MacBook Pro 14"" (2026)","A3426, A3427",https://www.sellcell.com/assets/images/devices/009/macbook-pro-14-2026.jpg,,,32GB,M5 Pro 15-Core CPU 16-Core GPU,FAULTY,0,0,0
Laptops,Apple,"MacBook Pro 14"" (2026)","A3426, A3427",https://www.sellcell.com/assets/images/devices/009/macbook-pro-14-2026.jpg,,,16GB,M5 Pro 15-Core CPU 16-Core GPU,FAULTY,0,0,0
Laptops,Apple,"MacBook Pro 14"" (2026)","A3426, A3427",https://www.sellcell.com/assets/images/devices/009/macbook-pro-14-2026.jpg,,,24GB,M5 Pro 15-Core CPU 16-Core GPU,MINT,0,0,1650.0
Laptops,Apple,"MacBook Pro 14"" (2026)","A3426, A3427",https://www.sellcell.com/assets/images/devices/009/macbook-pro-14-2026.jpg,,,24GB,M5 Pro 15-Core CPU 16-Core GPU,POOR,0,0,1135.0
Laptops,Apple,"MacBook Pro 14"" (2026)","A3426, A3427",https://www.sellcell.com/assets/images/devices/009/macbook-pro-14-2026.jpg,,,16GB,M5 Pro 15-Core CPU 16-Core GPU,POOR,0,0,0
Laptops,Apple,"MacBook Pro 14"" (2026)","A3426, A3427",https://www.sellcell.com/assets/images/devices/009/macbook-pro-14-2026.jpg,,,32GB,M5 Pro 15-Core CPU 16-Core GPU,MINT,0,0,1650.0
Laptops,Apple,"MacBook Pro 14"" (2026)","A3426, A3427",https://www.sellcell.com/assets/images/devices/009/macbook-pro-14-2026.jpg,,,24GB,M5 Pro 15-Core CPU 16-Core GPU,FAULTY,0,0,315.0
Laptops,Apple,"MacBook Pro 14"" (2026)","A3426, A3427",https://www.sellcell.com/assets/images/devices/009/macbook-pro-14-2026.jpg,,,16GB,M5 Pro 15-Core CPU 16-Core GPU,MINT,0,0,1650.0
Laptops,Apple,"MacBook Pro 14"" (2026)","A3426, A3427",https://www.sellcell.com/assets/images/devices/009/macbook-pro-14-2026.jpg,,,128GB,M5 Pro 18-Core CPU 20-Core GPU,FAULTY,0,0,0
Laptops,Apple,"MacBook Pro 14"" (2026)","A3426, A3427",https://www.sellcell.com/assets/images/devices/009/macbook-pro-14-2026.jpg,,,64GB,M5 Pro 18-Core CPU 20-Core GPU,POOR,0,0,1945.0
Laptops,Apple,"MacBook Pro 14"" (2026)","A3426, A3427",https://www.sellcell.com/assets/images/devices/009/macbook-pro-14-2026.jpg,,,64GB,M5 Pro 18-Core CPU 20-Core GPU,FAULTY,0,0,315.0
Laptops,Apple,"MacBook Pro 14"" (2026)","A3426, A3427",https://www.sellcell.com/assets/images/devices/009/macbook-pro-14-2026.jpg,,,128GB,M5 Pro 18-Core CPU 20-Core GPU,GOOD,0,0,1551.25
Laptops,Apple,"MacBook Pro 14"" (2026)","A3426, A3427",https://www.sellcell.com/assets/images/devices/009/macbook-pro-14-2026.jpg,,,32GB,M5 Pro 15-Core CPU 16-Core GPU,GOOD,0,0,1402.5
Laptops,Apple,"MacBook Pro 14"" (2026)","A3426, A3427",https://www.sellcell.com/assets/images/devices/009/macbook-pro-14-2026.jpg,,,16GB,M5 Pro 15-Core CPU 16-Core GPU,GOOD,0,0,1402.5
Laptops,Apple,"MacBook Pro 14"" (2026)","A3426, A3427",https://www.sellcell.com/assets/images/devices/009/macbook-pro-14-2026.jpg,,,128GB,M5 Pro 18-Core CPU 20-Core GPU,POOR,0,0,0
Laptops,Apple,"MacBook Pro 14"" (2026)","A3426, A3427",https://www.sellcell.com/assets/images/devices/009/macbook-pro-14-2026.jpg,,,48GB,M5 Pro 18-Core CPU 20-Core GPU,GOOD,0,0,1870.0
Laptops,Apple,"MacBook Pro 14"" (2026)","A3426, A3427",https://www.sellcell.com/assets/images/devices/009/macbook-pro-14-2026.jpg,,,48GB,M5 Pro 18-Core CPU 20-Core GPU,POOR,0,0,1695.0
Laptops,Apple,"MacBook Pro 14"" (2026)","A3426, A3427",https://www.sellcell.com/assets/images/devices/009/macbook-pro-14-2026.jpg,,,48GB,M5 Pro 18-Core CPU 20-Core GPU,MINT,0,0,2045.0
Laptops,Apple,"MacBook Pro 14"" (2026)","A3426, A3427",https://www.sellcell.com/assets/images/devices/009/macbook-pro-14-2026.jpg,,,36GB,M5 Pro 18-Core CPU 20-Core GPU,FAULTY,0,0,0
Laptops,Apple,"MacBook Pro 14"" (2026)","A3426, A3427",https://www.sellcell.com/assets/images/devices/009/macbook-pro-14-2026.jpg,,,64GB,M5 Pro 18-Core CPU 20-Core GPU,MINT,0,0,2295.0
Laptops,Apple,"MacBook Pro 14"" (2026)","A3426, A3427",https://www.sellcell.com/assets/images/devices/009/macbook-pro-14-2026.jpg,,,128GB,M5 Pro 18-Core CPU 20-Core GPU,MINT,0,0,1825.0
Laptops,Apple,"MacBook Pro 14"" (2026)","A3426, A3427",https://www.sellcell.com/assets/images/devices/009/macbook-pro-14-2026.jpg,,,64GB,M5 Pro 18-Core CPU 20-Core GPU,GOOD,0,0,2120.0
Laptops,Apple,"MacBook Pro 14"" (2026)","A3426, A3427",https://www.sellcell.com/assets/images/devices/009/macbook-pro-14-2026.jpg,,,36GB,M5 Pro 18-Core CPU 20-Core GPU,POOR,0,0,0
Laptops,Apple,"MacBook Pro 14"" (2026)","A3426, A3427",https://www.sellcell.com/assets/images/devices/009/macbook-pro-14-2026.jpg,,,36GB,M5 Pro 18-Core CPU 20-Core GPU,MINT,0,0,1825.0
Laptops,Apple,"MacBook Pro 14"" (2026)","A3426, A3427",https://www.sellcell.com/assets/images/devices/009/macbook-pro-14-2026.jpg,,,24GB,M5 Pro 18-Core CPU 20-Core GPU,FAULTY,0,0,315.0
Laptops,Apple,"MacBook Pro 14"" (2026)","A3426, A3427",https://www.sellcell.com/assets/images/devices/009/macbook-pro-14-2026.jpg,,,32GB,M5 Pro 18-Core CPU 20-Core GPU,MINT,0,0,1825.0
Laptops,Apple,"MacBook Pro 14"" (2026)","A3426, A3427",https://www.sellcell.com/assets/images/devices/009/macbook-pro-14-2026.jpg,,,32GB,M5 Pro 18-Core CPU 20-Core GPU,FAULTY,0,0,0
Laptops,Apple,"MacBook Pro 14"" (2026)","A3426, A3427",https://www.sellcell.com/assets/images/devices/009/macbook-pro-14-2026.jpg,,,32GB,M5 Pro 18-Core CPU 20-Core GPU,POOR,0,0,0
Laptops,Apple,"MacBook Pro 14"" (2026)","A3426, A3427",https://www.sellcell.com/assets/images/devices/009/macbook-pro-14-2026.jpg,,,48GB,M5 Pro 18-Core CPU 20-Core GPU,FAULTY,0,0,315.0
Laptops,Apple,"MacBook Pro 14"" (2026)","A3426, A3427",https://www.sellcell.com/assets/images/devices/009/macbook-pro-14-2026.jpg,,,36GB,M5 Pro 18-Core CPU 20-Core GPU,GOOD,0,0,1551.25
Laptops,Apple,"MacBook Pro 14"" (2026)","A3426, A3427",https://www.sellcell.com/assets/images/devices/009/macbook-pro-14-2026.jpg,,,32GB,M5 Pro 18-Core CPU 20-Core GPU,GOOD,0,0,1551.25
Laptops,Apple,"MacBook Pro 14"" (2026)","A3426, A3427",https://www.sellcell.com/assets/images/devices/009/macbook-pro-14-2026.jpg,,,24GB,M5 Pro 18-Core CPU 20-Core GPU,POOR,0,0,1340.0
Laptops,Apple,"MacBook Pro 16"" (2023)","A2780, A2991",https://www.sellcell.com/assets/images/devices/009/macbook-pro-16-2023.jpg,,,96GB,M2 Max 12-Core CPU 38-Core GPU,POOR,0,0,1240.0
Laptops,Apple,"MacBook Pro 14"" (2026)","A3426, A3427",https://www.sellcell.com/assets/images/devices/009/macbook-pro-14-2026.jpg,,,24GB,M5 Pro 18-Core CPU 20-Core GPU,MINT,0,0,1825.0
Laptops,Apple,"MacBook Pro 14"" (2026)","A3426, A3427",https://www.sellcell.com/assets/images/devices/009/macbook-pro-14-2026.jpg,,,128GB,M5 10-Core CPU 10-Core GPU,FAULTY,0,0,0
Laptops,Apple,"MacBook Pro 14"" (2026)","A3426, A3427",https://www.sellcell.com/assets/images/devices/009/macbook-pro-14-2026.jpg,,,16GB,M5 Pro 18-Core CPU 20-Core GPU,POOR,0,0,0
Laptops,Apple,"MacBook Pro 14"" (2026)","A3426, A3427",https://www.sellcell.com/assets/images/devices/009/macbook-pro-14-2026.jpg,,,16GB,M5 Pro 18-Core CPU 20-Core GPU,MINT,0,0,1825.0
Laptops,Apple,"MacBook Pro 14"" (2026)","A3426, A3427",https://www.sellcell.com/assets/images/devices/009/macbook-pro-14-2026.jpg,,,16GB,M5 Pro 18-Core CPU 20-Core GPU,GOOD,0,0,1551.25
Laptops,Apple,"MacBook Pro 14"" (2026)","A3426, A3427",https://www.sellcell.com/assets/images/devices/009/macbook-pro-14-2026.jpg,,,24GB,M5 Pro 15-Core CPU 16-Core GPU,GOOD,0,0,1402.5
Laptops,Apple,"MacBook Pro 14"" (2026)","A3426, A3427",https://www.sellcell.com/assets/images/devices/009/macbook-pro-14-2026.jpg,,,24GB,M5 Pro 18-Core CPU 20-Core GPU,GOOD,0,0,1551.25
Laptops,Apple,"MacBook Pro 14"" (2026)","A3426, A3427",https://www.sellcell.com/assets/images/devices/009/macbook-pro-14-2026.jpg,,,128GB,M5 10-Core CPU 10-Core GPU,GOOD,0,0,0
Laptops,Apple,"MacBook Pro 14"" (2026)","A3426, A3427",https://www.sellcell.com/assets/images/devices/009/macbook-pro-14-2026.jpg,,,48GB,M5 10-Core CPU 10-Core GPU,POOR,0,0,0
Laptops,Apple,"MacBook Pro 14"" (2026)","A3426, A3427",https://www.sellcell.com/assets/images/devices/009/macbook-pro-14-2026.jpg,,,16GB,M5 Pro 18-Core CPU 20-Core GPU,FAULTY,0,0,0
Laptops,Apple,"MacBook Pro 14"" (2026)","A3426, A3427",https://www.sellcell.com/assets/images/devices/009/macbook-pro-14-2026.jpg,,,64GB,M5 10-Core CPU 10-Core GPU,FAULTY,0,0,0
Laptops,Apple,"MacBook Pro 14"" (2026)","A3426, A3427",https://www.sellcell.com/assets/images/devices/009/macbook-pro-14-2026.jpg,,,128GB,M5 10-Core CPU 10-Core GPU,MINT,0,0,0
Laptops,Apple,"MacBook Pro 14"" (2026)","A3426, A3427",https://www.sellcell.com/assets/images/devices/009/macbook-pro-14-2026.jpg,,,64GB,M5 10-Core CPU 10-Core GPU,GOOD,0,0,0
Laptops,Apple,"MacBook Pro 14"" (2026)","A3426, A3427",https://www.sellcell.com/assets/images/devices/009/macbook-pro-14-2026.jpg,,,32GB,M5 10-Core CPU 10-Core GPU,FAULTY,0,0,315.0
Laptops,Apple,"MacBook Pro 14"" (2026)","A3426, A3427",https://www.sellcell.com/assets/images/devices/009/macbook-pro-14-2026.jpg,,,48GB,M5 10-Core CPU 10-Core GPU,GOOD,0,0,0
Laptops,Apple,"MacBook Pro 14"" (2026)","A3426, A3427",https://www.sellcell.com/assets/images/devices/009/macbook-pro-14-2026.jpg,,,36GB,M5 10-Core CPU 10-Core GPU,GOOD,0,0,0
Laptops,Apple,"MacBook Pro 14"" (2026)","A3426, A3427",https://www.sellcell.com/assets/images/devices/009/macbook-pro-14-2026.jpg,,,48GB,M5 10-Core CPU 10-Core GPU,MINT,0,0,0
Laptops,Apple,"MacBook Pro 14"" (2026)","A3426, A3427",https://www.sellcell.com/assets/images/devices/009/macbook-pro-14-2026.jpg,,,48GB,M5 10-Core CPU 10-Core GPU,FAULTY,0,0,0
Laptops,Apple,"MacBook Pro 14"" (2026)","A3426, A3427",https://www.sellcell.com/assets/images/devices/009/macbook-pro-14-2026.jpg,,,32GB,M5 10-Core CPU 10-Core GPU,POOR,0,0,1260.0
Laptops,Apple,"MacBook Pro 14"" (2026)","A3426, A3427",https://www.sellcell.com/assets/images/devices/009/macbook-pro-14-2026.jpg,,,36GB,M5 10-Core CPU 10-Core GPU,FAULTY,0,0,0
Laptops,Apple,"MacBook Pro 14"" (2026)","A3426, A3427",https://www.sellcell.com/assets/images/devices/009/macbook-pro-14-2026.jpg,,,36GB,M5 10-Core CPU 10-Core GPU,POOR,0,0,0
Laptops,Apple,"MacBook Pro 14"" (2026)","A3426, A3427",https://www.sellcell.com/assets/images/devices/009/macbook-pro-14-2026.jpg,,,64GB,M5 10-Core CPU 10-Core GPU,POOR,0,0,0
Laptops,Apple,"MacBook Pro 14"" (2026)","A3426, A3427",https://www.sellcell.com/assets/images/devices/009/macbook-pro-14-2026.jpg,,,24GB,M5 10-Core CPU 10-Core GPU,POOR,0,0,1110.0
Laptops,Apple,"MacBook Pro 14"" (2026)","A3426, A3427",https://www.sellcell.com/assets/images/devices/009/macbook-pro-14-2026.jpg,,,32GB,M5 10-Core CPU 10-Core GPU,GOOD,0,0,1375.0
Laptops,Apple,"MacBook Pro 14"" (2026)","A3426, A3427",https://www.sellcell.com/assets/images/devices/009/macbook-pro-14-2026.jpg,,,24GB,M5 10-Core CPU 10-Core GPU,FAULTY,0,0,315.0
Laptops,Apple,"MacBook Pro 14"" (2026)","A3426, A3427",https://www.sellcell.com/assets/images/devices/009/macbook-pro-14-2026.jpg,,,36GB,M5 10-Core CPU 10-Core GPU,MINT,0,0,0
Laptops,Apple,"MacBook Pro 14"" (2026)","A3426, A3427",https://www.sellcell.com/assets/images/devices/009/macbook-pro-14-2026.jpg,,,16GB,M5 10-Core CPU 10-Core GPU,FAULTY,0,0,315.0
Laptops,Apple,"MacBook Pro 14"" (2026)","A3426, A3427",https://www.sellcell.com/assets/images/devices/009/macbook-pro-14-2026.jpg,,,16GB,M5 10-Core CPU 10-Core GPU,POOR,0,0,955.0
Laptops,Apple,"MacBook Pro 14"" (2026)","A3426, A3427",https://www.sellcell.com/assets/images/devices/009/macbook-pro-14-2026.jpg,,,128GB,M5 10-Core CPU 10-Core GPU,POOR,0,0,0
Laptops,Apple,"MacBook Pro 14"" (2026)","A3426, A3427",https://www.sellcell.com/assets/images/devices/009/macbook-pro-14-2026.jpg,,,128GB,M5 Pro 15-Core CPU 16-Core GPU,GOOD,0,0,1402.5
Laptops,Apple,"MacBook Pro 14"" (2026)","A3426, A3427",https://www.sellcell.com/assets/images/devices/009/macbook-pro-14-2026.jpg,,,24GB,M5 10-Core CPU 10-Core GPU,MINT,0,0,1335.0
Laptops,Apple,"MacBook Pro 14"" (2026)","A3426, A3427",https://www.sellcell.com/assets/images/devices/009/macbook-pro-14-2026.jpg,,,32GB,M5 10-Core CPU 10-Core GPU,MINT,0,0,1485.0
Laptops,Apple,"MacBook Pro 14"" (2026)","A3426, A3427",https://www.sellcell.com/assets/images/devices/009/macbook-pro-14-2026.jpg,,,128GB,M5 Max 18-Core CPU 32-Core GPU,MINT,0,0,2735.0
Laptops,Apple,"MacBook Pro 14"" (2026)","A3426, A3427",https://www.sellcell.com/assets/images/devices/009/macbook-pro-14-2026.jpg,,,128GB,M5 Max 18-Core CPU 32-Core GPU,GOOD,0,0,2324.75
Laptops,Apple,"MacBook Pro 14"" (2026)","A3426, A3427",https://www.sellcell.com/assets/images/devices/009/macbook-pro-14-2026.jpg,,,64GB,M5 Max 18-Core CPU 32-Core GPU,FAULTY,0,0,0
Laptops,Apple,"MacBook Pro 14"" (2026)","A3426, A3427",https://www.sellcell.com/assets/images/devices/009/macbook-pro-14-2026.jpg,,,24GB,M5 10-Core CPU 10-Core GPU,GOOD,0,0,1225.0
Laptops,Apple,"MacBook Pro 14"" (2026)","A3426, A3427",https://www.sellcell.com/assets/images/devices/009/macbook-pro-14-2026.jpg,,,64GB,M5 Max 18-Core CPU 32-Core GPU,POOR,0,0,0
Laptops,Apple,"MacBook Pro 14"" (2026)","A3426, A3427",https://www.sellcell.com/assets/images/devices/009/macbook-pro-14-2026.jpg,,,128GB,M5 Max 18-Core CPU 32-Core GPU,POOR,0,0,0
Laptops,Apple,"MacBook Pro 14"" (2026)","A3426, A3427",https://www.sellcell.com/assets/images/devices/009/macbook-pro-14-2026.jpg,,,64GB,M5 Max 18-Core CPU 32-Core GPU,GOOD,0,0,2324.75
Laptops,Apple,"MacBook Pro 14"" (2026)","A3426, A3427",https://www.sellcell.com/assets/images/devices/009/macbook-pro-14-2026.jpg,,,128GB,M5 Max 18-Core CPU 32-Core GPU,FAULTY,0,0,0
Laptops,Apple,"MacBook Pro 14"" (2026)","A3426, A3427",https://www.sellcell.com/assets/images/devices/009/macbook-pro-14-2026.jpg,,,16GB,M5 10-Core CPU 10-Core GPU,GOOD,0,0,1070.0
Laptops,Apple,"MacBook Pro 14"" (2026)","A3426, A3427",https://www.sellcell.com/assets/images/devices/009/macbook-pro-14-2026.jpg,,,48GB,M5 Max 18-Core CPU 32-Core GPU,POOR,0,0,0
Laptops,Apple,"MacBook Pro 14"" (2026)","A3426, A3427",https://www.sellcell.com/assets/images/devices/009/macbook-pro-14-2026.jpg,,,48GB,M5 Max 18-Core CPU 32-Core GPU,MINT,0,0,2735.0
Laptops,Apple,"MacBook Pro 14"" (2026)","A3426, A3427",https://www.sellcell.com/assets/images/devices/009/macbook-pro-14-2026.jpg,,,36GB,M5 Max 18-Core CPU 32-Core GPU,FAULTY,0,0,520.0
Laptops,Apple,"MacBook Pro 14"" (2026)","A3426, A3427",https://www.sellcell.com/assets/images/devices/009/macbook-pro-14-2026.jpg,,,36GB,M5 Max 18-Core CPU 32-Core GPU,POOR,0,0,1950.0
Laptops,Apple,"MacBook Pro 14"" (2026)","A3426, A3427",https://www.sellcell.com/assets/images/devices/009/macbook-pro-14-2026.jpg,,,48GB,M5 Max 18-Core CPU 32-Core GPU,GOOD,0,0,2324.75
Laptops,Apple,"MacBook Pro 14"" (2026)","A3426, A3427",https://www.sellcell.com/assets/images/devices/009/macbook-pro-14-2026.jpg,,,48GB,M5 Max 18-Core CPU 32-Core GPU,FAULTY,0,0,0
Laptops,Apple,"MacBook Pro 14"" (2026)","A3426, A3427",https://www.sellcell.com/assets/images/devices/009/macbook-pro-14-2026.jpg,,,32GB,M5 Max 18-Core CPU 32-Core GPU,FAULTY,0,0,0
Laptops,Apple,"MacBook Pro 14"" (2026)","A3426, A3427",https://www.sellcell.com/assets/images/devices/009/macbook-pro-14-2026.jpg,,,36GB,M5 Max 18-Core CPU 32-Core GPU,GOOD,0,0,2324.75
Laptops,Apple,"MacBook Pro 14"" (2026)","A3426, A3427",https://www.sellcell.com/assets/images/devices/009/macbook-pro-14-2026.jpg,,,32GB,M5 Max 18-Core CPU 32-Core GPU,GOOD,0,0,2324.75
Laptops,Apple,"MacBook Pro 14"" (2026)","A3426, A3427",https://www.sellcell.com/assets/images/devices/009/macbook-pro-14-2026.jpg,,,24GB,M5 Max 18-Core CPU 32-Core GPU,POOR,0,0,0
Laptops,Apple,"MacBook Pro 14"" (2026)","A3426, A3427",https://www.sellcell.com/assets/images/devices/009/macbook-pro-14-2026.jpg,,,64GB,M5 Max 18-Core CPU 32-Core GPU,MINT,0,0,2735.0
Laptops,Apple,"MacBook Pro 14"" (2026)","A3426, A3427",https://www.sellcell.com/assets/images/devices/009/macbook-pro-14-2026.jpg,,,36GB,M5 Max 18-Core CPU 32-Core GPU,MINT,0,0,2735.0
Laptops,Apple,"MacBook Pro 14"" (2026)","A3426, A3427",https://www.sellcell.com/assets/images/devices/009/macbook-pro-14-2026.jpg,,,32GB,M5 Max 18-Core CPU 32-Core GPU,MINT,0,0,2735.0
Laptops,Apple,"MacBook Pro 14"" (2026)","A3426, A3427",https://www.sellcell.com/assets/images/devices/009/macbook-pro-14-2026.jpg,,,16GB,M5 Max 18-Core CPU 32-Core GPU,POOR,0,0,0
Laptops,Apple,"MacBook Pro 14"" (2026)","A3426, A3427",https://www.sellcell.com/assets/images/devices/009/macbook-pro-14-2026.jpg,,,16GB,M5 Max 18-Core CPU 32-Core GPU,GOOD,0,0,2324.75
Laptops,Apple,"MacBook Pro 16"" (2026)","A3428, A3429",https://www.sellcell.com/assets/images/devices/009/macbook-pro-16-2026.jpg,,,128GB,M5 Max 18-Core CPU 32-Core GPU,POOR,0,0,0
Laptops,Apple,"MacBook Pro 14"" (2026)","A3426, A3427",https://www.sellcell.com/assets/images/devices/009/macbook-pro-14-2026.jpg,,,24GB,M5 Max 18-Core CPU 32-Core GPU,FAULTY,0,0,0
Laptops,Apple,"MacBook Pro 16"" (2026)","A3428, A3429",https://www.sellcell.com/assets/images/devices/009/macbook-pro-16-2026.jpg,,,128GB,M5 Max 18-Core CPU 32-Core GPU,FAULTY,0,0,0
Laptops,Apple,"MacBook Pro 14"" (2026)","A3426, A3427",https://www.sellcell.com/assets/images/devices/009/macbook-pro-14-2026.jpg,,,24GB,M5 Max 18-Core CPU 32-Core GPU,GOOD,0,0,2324.75
Laptops,Apple,"MacBook Pro 14"" (2026)","A3426, A3427",https://www.sellcell.com/assets/images/devices/009/macbook-pro-14-2026.jpg,,,16GB,M5 Max 18-Core CPU 32-Core GPU,MINT,0,0,2735.0
Laptops,Apple,"MacBook Pro 16"" (2026)","A3428, A3429",https://www.sellcell.com/assets/images/devices/009/macbook-pro-16-2026.jpg,,,48GB,M5 Max 18-Core CPU 32-Core GPU,FAULTY,0,0,0
Laptops,Apple,"MacBook Pro 16"" (2026)","A3428, A3429",https://www.sellcell.com/assets/images/devices/009/macbook-pro-16-2026.jpg,,,64GB,M5 Max 18-Core CPU 32-Core GPU,POOR,0,0,0
Laptops,Apple,"MacBook Pro 16"" (2026)","A3428, A3429",https://www.sellcell.com/assets/images/devices/009/macbook-pro-16-2026.jpg,,,64GB,M5 Max 18-Core CPU 32-Core GPU,FAULTY,0,0,0
Laptops,Apple,"MacBook Pro 16"" (2026)","A3428, A3429",https://www.sellcell.com/assets/images/devices/009/macbook-pro-16-2026.jpg,,,64GB,M5 Max 18-Core CPU 32-Core GPU,GOOD,0,0,2465.0
Laptops,Apple,"MacBook Pro 16"" (2026)","A3428, A3429",https://www.sellcell.com/assets/images/devices/009/macbook-pro-16-2026.jpg,,,128GB,M5 Max 18-Core CPU 32-Core GPU,GOOD,0,0,2465.0
Laptops,Apple,"MacBook Pro 14"" (2026)","A3426, A3427",https://www.sellcell.com/assets/images/devices/009/macbook-pro-14-2026.jpg,,,64GB,M5 10-Core CPU 10-Core GPU,MINT,0,0,0
Laptops,Apple,"MacBook Pro 16"" (2026)","A3428, A3429",https://www.sellcell.com/assets/images/devices/009/macbook-pro-16-2026.jpg,,,64GB,M5 Max 18-Core CPU 32-Core GPU,MINT,0,0,2900.0
Laptops,Apple,"MacBook Pro 16"" (2026)","A3428, A3429",https://www.sellcell.com/assets/images/devices/009/macbook-pro-16-2026.jpg,,,48GB,M5 Max 18-Core CPU 32-Core GPU,POOR,0,0,0
Laptops,Apple,"MacBook Pro 16"" (2026)","A3428, A3429",https://www.sellcell.com/assets/images/devices/009/macbook-pro-16-2026.jpg,,,36GB,M5 Max 18-Core CPU 32-Core GPU,MINT,0,0,3025.0
Laptops,Apple,"MacBook Pro 16"" (2026)","A3428, A3429",https://www.sellcell.com/assets/images/devices/009/macbook-pro-16-2026.jpg,,,24GB,M5 Max 18-Core CPU 32-Core GPU,FAULTY,0,0,0
Laptops,Apple,"MacBook Pro 16"" (2026)","A3428, A3429",https://www.sellcell.com/assets/images/devices/009/macbook-pro-16-2026.jpg,,,36GB,M5 Max 18-Core CPU 32-Core GPU,FAULTY,0,0,365.0
Laptops,Apple,"MacBook Pro 14"" (2026)","A3426, A3427",https://www.sellcell.com/assets/images/devices/009/macbook-pro-14-2026.jpg,,,24GB,M5 Max 18-Core CPU 32-Core GPU,MINT,0,0,2735.0
Laptops,Apple,"MacBook Pro 16"" (2026)","A3428, A3429",https://www.sellcell.com/assets/images/devices/009/macbook-pro-16-2026.jpg,,,24GB,M5 Max 18-Core CPU 32-Core GPU,POOR,0,0,0
Laptops,Apple,"MacBook Pro 16"" (2026)","A3428, A3429",https://www.sellcell.com/assets/images/devices/009/macbook-pro-16-2026.jpg,,,36GB,M5 Max 18-Core CPU 32-Core GPU,POOR,0,0,2725.0
Laptops,Apple,"MacBook Pro 16"" (2026)","A3428, A3429",https://www.sellcell.com/assets/images/devices/009/macbook-pro-16-2026.jpg,,,36GB,M5 Max 18-Core CPU 32-Core GPU,GOOD,0,0,2875.0
Laptops,Apple,"MacBook Pro 16"" (2026)","A3428, A3429",https://www.sellcell.com/assets/images/devices/009/macbook-pro-16-2026.jpg,,,128GB,M5 Max 18-Core CPU 32-Core GPU,MINT,0,0,2900.0
Laptops,Apple,"MacBook Pro 16"" (2026)","A3428, A3429",https://www.sellcell.com/assets/images/devices/009/macbook-pro-16-2026.jpg,,,48GB,M5 Max 18-Core CPU 32-Core GPU,GOOD,0,0,2465.0
Laptops,Apple,"MacBook Pro 14"" (2026)","A3426, A3427",https://www.sellcell.com/assets/images/devices/009/macbook-pro-14-2026.jpg,,,32GB,M5 Max 18-Core CPU 32-Core GPU,POOR,0,0,0
Laptops,Apple,"MacBook Pro 16"" (2026)","A3428, A3429",https://www.sellcell.com/assets/images/devices/009/macbook-pro-16-2026.jpg,,,128GB,M5 Pro 18-Core CPU 20-Core GPU,FAULTY,0,0,0
Laptops,Apple,"MacBook Pro 16"" (2026)","A3428, A3429",https://www.sellcell.com/assets/images/devices/009/macbook-pro-16-2026.jpg,,,128GB,M5 Pro 18-Core CPU 20-Core GPU,POOR,0,0,0
Laptops,Apple,"MacBook Pro 16"" (2026)","A3428, A3429",https://www.sellcell.com/assets/images/devices/009/macbook-pro-16-2026.jpg,,,128GB,M5 Pro 18-Core CPU 20-Core GPU,GOOD,0,0,1708.5
Laptops,Apple,"MacBook Pro 14"" (2026)","A3426, A3427",https://www.sellcell.com/assets/images/devices/009/macbook-pro-14-2026.jpg,,,128GB,M5 Pro 15-Core CPU 16-Core GPU,MINT,0,0,1650.0
Laptops,Apple,"MacBook Pro 16"" (2026)","A3428, A3429",https://www.sellcell.com/assets/images/devices/009/macbook-pro-16-2026.jpg,,,24GB,M5 Max 18-Core CPU 32-Core GPU,GOOD,0,0,2465.0
Laptops,Apple,"MacBook Pro 16"" (2026)","A3428, A3429",https://www.sellcell.com/assets/images/devices/009/macbook-pro-16-2026.jpg,,,48GB,M5 Max 18-Core CPU 32-Core GPU,MINT,0,0,2900.0
Laptops,Apple,"MacBook Pro 16"" (2026)","A3428, A3429",https://www.sellcell.com/assets/images/devices/009/macbook-pro-16-2026.jpg,,,24GB,M5 Max 18-Core CPU 32-Core GPU,MINT,0,0,2900.0
Laptops,Apple,"MacBook Pro 16"" (2026)","A3428, A3429",https://www.sellcell.com/assets/images/devices/009/macbook-pro-16-2026.jpg,,,128GB,M5 Pro 18-Core CPU 20-Core GPU,MINT,0,0,2010.0
Laptops,Apple,"MacBook Pro 16"" (2026)","A3428, A3429",https://www.sellcell.com/assets/images/devices/009/macbook-pro-16-2026.jpg,,,48GB,M5 Pro 18-Core CPU 20-Core GPU,FAULTY,0,0,420.0
Laptops,Apple,"MacBook Pro 16"" (2026)","A3428, A3429",https://www.sellcell.com/assets/images/devices/009/macbook-pro-16-2026.jpg,,,64GB,M5 Pro 18-Core CPU 20-Core GPU,FAULTY,0,0,420.0
Laptops,Apple,"MacBook Pro 16"" (2026)","A3428, A3429",https://www.sellcell.com/assets/images/devices/009/macbook-pro-16-2026.jpg,,,64GB,M5 Pro 18-Core CPU 20-Core GPU,GOOD,0,0,2450.0
Laptops,Apple,"MacBook Pro 16"" (2026)","A3428, A3429",https://www.sellcell.com/assets/images/devices/009/macbook-pro-16-2026.jpg,,,64GB,M5 Pro 18-Core CPU 20-Core GPU,POOR,0,0,2300.0
Laptops,Apple,"MacBook Pro 16"" (2026)","A3428, A3429",https://www.sellcell.com/assets/images/devices/009/macbook-pro-16-2026.jpg,,,48GB,M5 Pro 18-Core CPU 20-Core GPU,POOR,0,0,2050.0
Laptops,Apple,"MacBook Pro 16"" (2026)","A3428, A3429",https://www.sellcell.com/assets/images/devices/009/macbook-pro-16-2026.jpg,,,36GB,M5 Pro 18-Core CPU 20-Core GPU,POOR,0,0,0
Laptops,Apple,"MacBook Pro 14"" (2026)","A3426, A3427",https://www.sellcell.com/assets/images/devices/009/macbook-pro-14-2026.jpg,,,16GB,M5 Max 18-Core CPU 32-Core GPU,FAULTY,0,0,0
Laptops,Apple,"MacBook Pro 16"" (2026)","A3428, A3429",https://www.sellcell.com/assets/images/devices/009/macbook-pro-16-2026.jpg,,,48GB,M5 Pro 18-Core CPU 20-Core GPU,MINT,0,0,2350.0
Laptops,Apple,"MacBook Pro 16"" (2026)","A3428, A3429",https://www.sellcell.com/assets/images/devices/009/macbook-pro-16-2026.jpg,,,64GB,M5 Pro 18-Core CPU 20-Core GPU,MINT,0,0,2600.0
Laptops,Apple,"MacBook Pro 16"" (2026)","A3428, A3429",https://www.sellcell.com/assets/images/devices/009/macbook-pro-16-2026.jpg,,,128GB,M5 Max 18-Core CPU 40-Core GPU,FAULTY,0,0,503.0
Laptops,Apple,"MacBook Pro 16"" (2026)","A3428, A3429",https://www.sellcell.com/assets/images/devices/009/macbook-pro-16-2026.jpg,,,36GB,M5 Pro 18-Core CPU 20-Core GPU,MINT,0,0,2010.0
Laptops,Apple,"MacBook Pro 16"" (2026)","A3428, A3429",https://www.sellcell.com/assets/images/devices/009/macbook-pro-16-2026.jpg,,,128GB,M5 Max 18-Core CPU 40-Core GPU,POOR,0,0,3835.0
Laptops,Apple,"MacBook Pro 16"" (2026)","A3428, A3429",https://www.sellcell.com/assets/images/devices/009/macbook-pro-16-2026.jpg,,,24GB,M5 Pro 18-Core CPU 20-Core GPU,POOR,0,0,1695.0
Laptops,Apple,"MacBook Pro 16"" (2026)","A3428, A3429",https://www.sellcell.com/assets/images/devices/009/macbook-pro-16-2026.jpg,,,48GB,M5 Pro 18-Core CPU 20-Core GPU,GOOD,0,0,2200.0
Laptops,Apple,"MacBook Pro 16"" (2026)","A3428, A3429",https://www.sellcell.com/assets/images/devices/009/macbook-pro-16-2026.jpg,,,24GB,M5 Pro 18-Core CPU 20-Core GPU,FAULTY,0,0,420.0
Laptops,Apple,"MacBook Pro 16"" (2026)","A3428, A3429",https://www.sellcell.com/assets/images/devices/009/macbook-pro-16-2026.jpg,,,24GB,M5 Pro 18-Core CPU 20-Core GPU,MINT,0,0,2010.0
Laptops,Apple,"MacBook Pro 16"" (2026)","A3428, A3429",https://www.sellcell.com/assets/images/devices/009/macbook-pro-16-2026.jpg,,,128GB,M5 Max 18-Core CPU 40-Core GPU,GOOD,0,0,3985.0
Laptops,Apple,"MacBook Pro 16"" (2026)","A3428, A3429",https://www.sellcell.com/assets/images/devices/009/macbook-pro-16-2026.jpg,,,48GB,M5 Max 18-Core CPU 40-Core GPU,FAULTY,0,0,398.0
Laptops,Apple,"MacBook Pro 16"" (2026)","A3428, A3429",https://www.sellcell.com/assets/images/devices/009/macbook-pro-16-2026.jpg,,,36GB,M5 Pro 18-Core CPU 20-Core GPU,FAULTY,0,0,0
Laptops,Apple,"MacBook Pro 16"" (2026)","A3428, A3429",https://www.sellcell.com/assets/images/devices/009/macbook-pro-16-2026.jpg,,,64GB,M5 Max 18-Core CPU 40-Core GPU,MINT,0,0,3730.0
Laptops,Apple,"MacBook Pro 16"" (2026)","A3428, A3429",https://www.sellcell.com/assets/images/devices/009/macbook-pro-16-2026.jpg,,,36GB,M5 Pro 18-Core CPU 20-Core GPU,GOOD,0,0,1708.5
Laptops,Apple,"MacBook Pro 16"" (2026)","A3428, A3429",https://www.sellcell.com/assets/images/devices/009/macbook-pro-16-2026.jpg,,,64GB,M5 Max 18-Core CPU 40-Core GPU,GOOD,0,0,3580.0
Laptops,Apple,"MacBook Pro 16"" (2026)","A3428, A3429",https://www.sellcell.com/assets/images/devices/009/macbook-pro-16-2026.jpg,,,48GB,M5 Max 18-Core CPU 40-Core GPU,POOR,0,0,3025.0
Laptops,Apple,"MacBook Pro 16"" (2026)","A3428, A3429",https://www.sellcell.com/assets/images/devices/009/macbook-pro-16-2026.jpg,,,64GB,M5 Max 18-Core CPU 40-Core GPU,POOR,0,0,3430.0
Laptops,Apple,"MacBook Pro 16"" (2026)","A3428, A3429",https://www.sellcell.com/assets/images/devices/009/macbook-pro-16-2026.jpg,,,36GB,M5 Max 18-Core CPU 40-Core GPU,FAULTY,0,0,0
Laptops,Apple,"MacBook Pro 16"" (2026)","A3428, A3429",https://www.sellcell.com/assets/images/devices/009/macbook-pro-16-2026.jpg,,,36GB,M5 Max 18-Core CPU 40-Core GPU,MINT,0,0,3200.0
Laptops,Apple,"MacBook Pro 16"" (2026)","A3428, A3429",https://www.sellcell.com/assets/images/devices/009/macbook-pro-16-2026.jpg,,,24GB,M5 Max 18-Core CPU 40-Core GPU,POOR,0,0,0
Laptops,Apple,"MacBook Pro 16"" (2026)","A3428, A3429",https://www.sellcell.com/assets/images/devices/009/macbook-pro-16-2026.jpg,,,36GB,M5 Max 18-Core CPU 40-Core GPU,POOR,0,0,0
Laptops,Apple,"MacBook Pro 16"" (2026)","A3428, A3429",https://www.sellcell.com/assets/images/devices/009/macbook-pro-16-2026.jpg,,,36GB,M5 Max 18-Core CPU 40-Core GPU,GOOD,0,0,2720.0
Laptops,Apple,"MacBook Pro 16"" (2026)","A3428, A3429",https://www.sellcell.com/assets/images/devices/009/macbook-pro-16-2026.jpg,,,48GB,M5 Max 18-Core CPU 40-Core GPU,GOOD,0,0,3175.0
Laptops,Apple,"MacBook Pro 16"" (2026)","A3428, A3429",https://www.sellcell.com/assets/images/devices/009/macbook-pro-16-2026.jpg,,,48GB,M5 Max 18-Core CPU 40-Core GPU,MINT,0,0,3325.0
Laptops,Apple,"MacBook Pro 16"" (2026)","A3428, A3429",https://www.sellcell.com/assets/images/devices/009/macbook-pro-16-2026.jpg,,,24GB,M5 Max 18-Core CPU 40-Core GPU,FAULTY,0,0,0
Laptops,Apple,"MacBook Pro 16"" (2026)","A3428, A3429",https://www.sellcell.com/assets/images/devices/009/macbook-pro-16-2026.jpg,,,24GB,M5 Pro 18-Core CPU 20-Core GPU,GOOD,0,0,1845.0
Laptops,Apple,"MacBook Pro 15"" (2015)",A1398,https://www.sellcell.com/assets/images/devices/008/macbook-pro-15-2015.jpg,,,16GB,i7 2.2GHz,FAULTY,0,0,1.0
Laptops,Apple,"MacBook Pro 15"" (2015)",A1398,https://www.sellcell.com/assets/images/devices/008/macbook-pro-15-2015.jpg,,,16GB,i7 2.5GHz,POOR,0,0,50.0
Laptops,Apple,"MacBook Pro 15"" (2015)",A1398,https://www.sellcell.com/assets/images/devices/008/macbook-pro-15-2015.jpg,,,16GB,i7 2.2GHz,POOR,0,0,35.0
Laptops,Apple,"MacBook Pro 16"" (2026)","A3428, A3429",https://www.sellcell.com/assets/images/devices/009/macbook-pro-16-2026.jpg,,,24GB,M5 Max 18-Core CPU 40-Core GPU,MINT,0,0,3200.0
Laptops,Apple,"MacBook Pro 16"" (2026)","A3428, A3429",https://www.sellcell.com/assets/images/devices/009/macbook-pro-16-2026.jpg,,,64GB,M5 Max 18-Core CPU 40-Core GPU,FAULTY,0,0,450.0
Laptops,Apple,"MacBook Pro 15"" (2015)",A1398,https://www.sellcell.com/assets/images/devices/008/macbook-pro-15-2015.jpg,,,16GB,i7 2.5GHz,GOOD,0,0,85.0
Laptops,Apple,"MacBook 12"" (2016)",A1534,https://www.sellcell.com/assets/images/devices/008/macbook-12-2016.jpg,,,8GB,m5 1.2GHz,GOOD,0,0,80.0
Laptops,Apple,"MacBook Pro 16"" (2026)","A3428, A3429",https://www.sellcell.com/assets/images/devices/009/macbook-pro-16-2026.jpg,,,24GB,M5 Max 18-Core CPU 40-Core GPU,GOOD,0,0,2720.0
Laptops,Apple,"MacBook Pro 15"" (2015)",A1398,https://www.sellcell.com/assets/images/devices/008/macbook-pro-15-2015.jpg,,,16GB,i7 2.2GHz,GOOD,0,0,60.0
Laptops,Apple,"MacBook Pro 15"" (2015)",A1398,https://www.sellcell.com/assets/images/devices/008/macbook-pro-15-2015.jpg,,,16GB,i7 2.5GHz,MINT,0,0,110.0
Laptops,Apple,"MacBook Pro 15"" (2015)",A1398,https://www.sellcell.com/assets/images/devices/008/macbook-pro-15-2015.jpg,,,16GB,i7 2.2GHz,MINT,0,0,85.0
Laptops,Apple,"MacBook 12"" (2016)",A1534,https://www.sellcell.com/assets/images/devices/008/macbook-12-2016.jpg,,,8GB,m7 1.3GHz,MINT,0,0,125.0
Laptops,Apple,"MacBook 12"" (2016)",A1534,https://www.sellcell.com/assets/images/devices/008/macbook-12-2016.jpg,,,8GB,m5 1.2GHz,MINT,0,0,110.0
Laptops,Apple,"MacBook 12"" (2016)",A1534,https://www.sellcell.com/assets/images/devices/008/macbook-12-2016.jpg,,,8GB,m5 1.2GHz,POOR,0,0,40.0
Laptops,Apple,"MacBook 12"" (2016)",A1534,https://www.sellcell.com/assets/images/devices/008/macbook-12-2016.jpg,,,8GB,m7 1.3GHz,GOOD,0,0,95.0
Laptops,Apple,"MacBook Pro 16"" (2026)","A3428, A3429",https://www.sellcell.com/assets/images/devices/009/macbook-pro-16-2026.jpg,,,128GB,M5 Max 18-Core CPU 40-Core GPU,MINT,0,0,4135.0
Laptops,Apple,"MacBook 12"" (2016)",A1534,https://www.sellcell.com/assets/images/devices/008/macbook-12-2016.jpg,,,8GB,m5 1.2GHz,FAULTY,0,0,0
Laptops,Apple,"MacBook Pro 13"" (2020)","A2251, A2289, A2338",https://www.sellcell.com/assets/images/devices/008/macbook-pro-13-2020.jpg,,,32GB,i7 2.3GHz,POOR,0,0,168.0
Laptops,Apple,"MacBook Pro 13"" (2020)","A2251, A2289, A2338",https://www.sellcell.com/assets/images/devices/008/macbook-pro-13-2020.jpg,,,32GB,i7 2.3GHz,GOOD,0,0,230.0
Laptops,Apple,"MacBook 12"" (2016)",A1534,https://www.sellcell.com/assets/images/devices/008/macbook-12-2016.jpg,,,8GB,m3 1.1GHz,POOR,0,0,25.0
Laptops,Apple,"MacBook 12"" (2016)",A1534,https://www.sellcell.com/assets/images/devices/008/macbook-12-2016.jpg,,,8GB,m3 1.1GHz,GOOD,0,0,65.0
Laptops,Apple,"MacBook Pro 13"" (2020)","A2251, A2289, A2338",https://www.sellcell.com/assets/images/devices/008/macbook-pro-13-2020.jpg,,,16GB,i7 2.3GHz,POOR,0,0,144.0
Laptops,Apple,"MacBook Pro 13"" (2020)","A2251, A2289, A2338",https://www.sellcell.com/assets/images/devices/008/macbook-pro-13-2020.jpg,,,16GB,i7 2.3GHz,MINT,0,0,241.0
Laptops,Apple,"MacBook Pro 13"" (2020)","A2251, A2289, A2338",https://www.sellcell.com/assets/images/devices/008/macbook-pro-13-2020.jpg,,,32GB,i7 2.3GHz,FAULTY,0,0,37.0
Laptops,Apple,"MacBook 12"" (2016)",A1534,https://www.sellcell.com/assets/images/devices/008/macbook-12-2016.jpg,,,8GB,m3 1.1GHz,MINT,0,0,95.0
Laptops,Apple,"MacBook Pro 13"" (2020)","A2251, A2289, A2338",https://www.sellcell.com/assets/images/devices/008/macbook-pro-13-2020.jpg,,,8GB,i7 2.3GHz,POOR,0,0,108.0
Laptops,Apple,"MacBook Pro 13"" (2020)","A2251, A2289, A2338",https://www.sellcell.com/assets/images/devices/008/macbook-pro-13-2020.jpg,,,8GB,i7 2.3GHz,MINT,0,0,240.0
Laptops,Apple,"MacBook 12"" (2016)",A1534,https://www.sellcell.com/assets/images/devices/008/macbook-12-2016.jpg,,,8GB,m3 1.1GHz,FAULTY,0,0,0
Laptops,Apple,"MacBook Pro 13"" (2020)","A2251, A2289, A2338",https://www.sellcell.com/assets/images/devices/008/macbook-pro-13-2020.jpg,,,8GB,i7 2.3GHz,GOOD,0,0,204.0
Laptops,Apple,"MacBook Pro 13"" (2020)","A2251, A2289, A2338",https://www.sellcell.com/assets/images/devices/008/macbook-pro-13-2020.jpg,,,16GB,i7 1.7GHz,POOR,0,0,135.0
Laptops,Apple,"MacBook Pro 13"" (2020)","A2251, A2289, A2338",https://www.sellcell.com/assets/images/devices/008/macbook-pro-13-2020.jpg,,,32GB,i7 1.7GHz,FAULTY,0,0,0
Laptops,Apple,"MacBook Pro 13"" (2020)","A2251, A2289, A2338",https://www.sellcell.com/assets/images/devices/008/macbook-pro-13-2020.jpg,,,32GB,i7 1.7GHz,POOR,0,0,120.0
Laptops,Apple,"MacBook Pro 13"" (2020)","A2251, A2289, A2338",https://www.sellcell.com/assets/images/devices/008/macbook-pro-13-2020.jpg,,,16GB,i7 1.7GHz,GOOD,0,0,187.0
Laptops,Apple,"MacBook Pro 13"" (2020)","A2251, A2289, A2338",https://www.sellcell.com/assets/images/devices/008/macbook-pro-13-2020.jpg,,,32GB,i7 1.7GHz,MINT,0,0,220.0
Laptops,Apple,"MacBook Pro 13"" (2020)","A2251, A2289, A2338",https://www.sellcell.com/assets/images/devices/008/macbook-pro-13-2020.jpg,,,16GB,i7 2.3GHz,GOOD,0,0,204.0
Laptops,Apple,"MacBook Pro 13"" (2020)","A2251, A2289, A2338",https://www.sellcell.com/assets/images/devices/008/macbook-pro-13-2020.jpg,,,16GB,i7 2.3GHz,FAULTY,0,0,50.0
Laptops,Apple,"MacBook Pro 13"" (2020)","A2251, A2289, A2338",https://www.sellcell.com/assets/images/devices/008/macbook-pro-13-2020.jpg,,,32GB,i7 2.3GHz,MINT,0,0,281.0
Laptops,Apple,"MacBook Pro 14"" (2026)","A3426, A3427",https://www.sellcell.com/assets/images/devices/009/macbook-pro-14-2026.jpg,,,16GB,M5 10-Core CPU 10-Core GPU,MINT,0,0,1180.0
Laptops,Apple,"MacBook Pro 13"" (2020)","A2251, A2289, A2338",https://www.sellcell.com/assets/images/devices/008/macbook-pro-13-2020.jpg,,,16GB,i7 1.7GHz,FAULTY,0,0,30.0
Laptops,Apple,"MacBook Pro 13"" (2020)","A2251, A2289, A2338",https://www.sellcell.com/assets/images/devices/008/macbook-pro-13-2020.jpg,,,16GB,i7 1.7GHz,MINT,0,0,226.0
Laptops,Apple,"MacBook Pro 13"" (2020)","A2251, A2289, A2338",https://www.sellcell.com/assets/images/devices/008/macbook-pro-13-2020.jpg,,,32GB,i7 1.7GHz,GOOD,0,0,187.0
Laptops,Apple,"MacBook Pro 13"" (2020)","A2251, A2289, A2338",https://www.sellcell.com/assets/images/devices/008/macbook-pro-13-2020.jpg,,,32GB,i5 2.0GHz,FAULTY,0,0,50.0
Laptops,Apple,"MacBook Pro 13"" (2020)","A2251, A2289, A2338",https://www.sellcell.com/assets/images/devices/008/macbook-pro-13-2020.jpg,,,32GB,i5 2.0GHz,MINT,0,0,261.0
Laptops,Apple,"MacBook Pro 13"" (2020)","A2251, A2289, A2338",https://www.sellcell.com/assets/images/devices/008/macbook-pro-13-2020.jpg,,,32GB,i5 2.0GHz,POOR,0,0,156.0
Laptops,Apple,"MacBook Pro 13"" (2020)","A2251, A2289, A2338",https://www.sellcell.com/assets/images/devices/008/macbook-pro-13-2020.jpg,,,8GB,i7 1.7GHz,POOR,0,0,120.0
Laptops,Apple,"MacBook Pro 13"" (2020)","A2251, A2289, A2338",https://www.sellcell.com/assets/images/devices/008/macbook-pro-13-2020.jpg,,,8GB,i7 1.7GHz,FAULTY,0,0,27.0
Laptops,Apple,"MacBook Pro 13"" (2020)","A2251, A2289, A2338",https://www.sellcell.com/assets/images/devices/008/macbook-pro-13-2020.jpg,,,8GB,i7 1.7GHz,MINT,0,0,220.0
Laptops,Apple,"MacBook Pro 13"" (2020)","A2251, A2289, A2338",https://www.sellcell.com/assets/images/devices/008/macbook-pro-13-2020.jpg,,,32GB,i5 2.0GHz,GOOD,0,0,210.0
Laptops,Apple,"MacBook Pro 13"" (2020)","A2251, A2289, A2338",https://www.sellcell.com/assets/images/devices/008/macbook-pro-13-2020.jpg,,,8GB,i5 2.0GHz,MINT,0,0,220.0
Laptops,Apple,"MacBook Pro 13"" (2020)","A2251, A2289, A2338",https://www.sellcell.com/assets/images/devices/008/macbook-pro-13-2020.jpg,,,8GB,i5 2.0GHz,FAULTY,0,0,0
Laptops,Apple,"MacBook Pro 13"" (2020)","A2251, A2289, A2338",https://www.sellcell.com/assets/images/devices/008/macbook-pro-13-2020.jpg,,,8GB,i5 2.0GHz,POOR,0,0,98.0
Laptops,Apple,"MacBook Pro 13"" (2020)","A2251, A2289, A2338",https://www.sellcell.com/assets/images/devices/008/macbook-pro-13-2020.jpg,,,16GB,i5 2.0GHz,GOOD,0,0,187.0
Laptops,Apple,"MacBook Pro 13"" (2020)","A2251, A2289, A2338",https://www.sellcell.com/assets/images/devices/008/macbook-pro-13-2020.jpg,,,8GB,i5 2.0GHz,GOOD,0,0,187.0
Laptops,Apple,"MacBook Pro 13"" (2020)","A2251, A2289, A2338",https://www.sellcell.com/assets/images/devices/008/macbook-pro-13-2020.jpg,,,16GB,i5 2.0GHz,MINT,0,0,221.0
Laptops,Apple,"MacBook Pro 13"" (2020)","A2251, A2289, A2338",https://www.sellcell.com/assets/images/devices/008/macbook-pro-13-2020.jpg,,,8GB,i7 2.3GHz,FAULTY,0,0,0
Laptops,Apple,"MacBook Pro 13"" (2020)","A2251, A2289, A2338",https://www.sellcell.com/assets/images/devices/008/macbook-pro-13-2020.jpg,,,8GB,i7 1.7GHz,GOOD,0,0,187.0
Laptops,Apple,"MacBook Pro 13"" (2020)","A2251, A2289, A2338",https://www.sellcell.com/assets/images/devices/008/macbook-pro-13-2020.jpg,,,16GB,i5 1.4GHz,FAULTY,0,0,27.0
Laptops,Apple,"MacBook Pro 13"" (2020)","A2251, A2289, A2338",https://www.sellcell.com/assets/images/devices/008/macbook-pro-13-2020.jpg,,,32GB,i5 1.4GHz,GOOD,0,0,170.0
Laptops,Apple,"MacBook Pro 13"" (2020)","A2251, A2289, A2338",https://www.sellcell.com/assets/images/devices/008/macbook-pro-13-2020.jpg,,,16GB,i5 2.0GHz,FAULTY,0,0,50.0
Laptops,Apple,"MacBook Pro 13"" (2020)","A2251, A2289, A2338",https://www.sellcell.com/assets/images/devices/008/macbook-pro-13-2020.jpg,,,32GB,i5 1.4GHz,FAULTY,0,0,0
Laptops,Apple,"MacBook Pro 13"" (2020)","A2251, A2289, A2338",https://www.sellcell.com/assets/images/devices/008/macbook-pro-13-2020.jpg,,,32GB,i5 1.4GHz,POOR,0,0,110.0
Laptops,Apple,"MacBook Pro 13"" (2020)","A2251, A2289, A2338",https://www.sellcell.com/assets/images/devices/008/macbook-pro-13-2020.jpg,,,16GB,i5 1.4GHz,MINT,0,0,206.0
Laptops,Apple,"MacBook Pro 13"" (2020)","A2251, A2289, A2338",https://www.sellcell.com/assets/images/devices/008/macbook-pro-13-2020.jpg,,,8GB,i5 1.4GHz,GOOD,0,0,170.0
Laptops,Apple,"MacBook Pro 13"" (2020)","A2251, A2289, A2338",https://www.sellcell.com/assets/images/devices/008/macbook-pro-13-2020.jpg,,,16GB,i5 1.4GHz,GOOD,0,0,170.0
Laptops,Apple,"MacBook Pro 13"" (2020)","A2251, A2289, A2338",https://www.sellcell.com/assets/images/devices/008/macbook-pro-13-2020.jpg,,,8GB,i5 1.4GHz,FAULTY,0,0,24.0
Laptops,Apple,"MacBook Pro 13"" (2020)","A2251, A2289, A2338",https://www.sellcell.com/assets/images/devices/008/macbook-pro-13-2020.jpg,,,8GB,i5 1.4GHz,MINT,0,0,200.0
Laptops,Apple,"MacBook Pro 13"" (2020)","A2251, A2289, A2338",https://www.sellcell.com/assets/images/devices/008/macbook-pro-13-2020.jpg,,,8GB,i5 1.4GHz,POOR,0,0,108.0
Laptops,Apple,"MacBook Pro 15"" (2015)",A1398,https://www.sellcell.com/assets/images/devices/008/macbook-pro-15-2015.jpg,,,16GB,i7 2.5GHz,FAULTY,0,0,1.0
Laptops,Apple,"MacBook Pro 13"" (2020)","A2251, A2289, A2338",https://www.sellcell.com/assets/images/devices/008/macbook-pro-13-2020.jpg,,,32GB,M1 3.2GHz 8-Core GPU,MINT,0,0,335.0
Laptops,Apple,"MacBook Pro 13"" (2020)","A2251, A2289, A2338",https://www.sellcell.com/assets/images/devices/008/macbook-pro-13-2020.jpg,,,32GB,M1 3.2GHz 8-Core GPU,POOR,0,0,0
Laptops,Apple,"MacBook Pro 13"" (2020)","A2251, A2289, A2338",https://www.sellcell.com/assets/images/devices/008/macbook-pro-13-2020.jpg,,,32GB,M1 3.2GHz 8-Core GPU,GOOD,0,0,284.75
Laptops,Apple,"MacBook Pro 13"" (2020)","A2251, A2289, A2338",https://www.sellcell.com/assets/images/devices/008/macbook-pro-13-2020.jpg,,,8GB,M1 3.2GHz 8-Core GPU,POOR,0,0,190.0
Laptops,Apple,"MacBook Pro 13"" (2020)","A2251, A2289, A2338",https://www.sellcell.com/assets/images/devices/008/macbook-pro-13-2020.jpg,,,16GB,M1 3.2GHz 8-Core GPU,MINT,0,0,351.0
Laptops,Apple,"MacBook Pro 13"" (2020)","A2251, A2289, A2338",https://www.sellcell.com/assets/images/devices/008/macbook-pro-13-2020.jpg,,,8GB,M1 3.2GHz 8-Core GPU,FAULTY,0,0,41.0
Laptops,Apple,"MacBook Pro 13"" (2020)","A2251, A2289, A2338",https://www.sellcell.com/assets/images/devices/008/macbook-pro-13-2020.jpg,,,8GB,M1 3.2GHz 8-Core GPU,MINT,0,0,335.0
Laptops,Apple,"MacBook Pro 13"" (2020)","A2251, A2289, A2338",https://www.sellcell.com/assets/images/devices/008/macbook-pro-13-2020.jpg,,,16GB,M1 3.2GHz 8-Core GPU,POOR,0,0,230.0
Laptops,Apple,"MacBook Pro 13"" (2020)","A2251, A2289, A2338",https://www.sellcell.com/assets/images/devices/008/macbook-pro-13-2020.jpg,,,8GB,M1 3.2GHz 8-Core GPU,GOOD,0,0,284.75
Laptops,Apple,"MacBook Pro 13"" (2019)","A1989, A2159",https://www.sellcell.com/assets/images/devices/008/macbook-pro-13-2019.jpg,,,8GB,i7 2.8GHz,MINT,0,0,207.0
Laptops,Apple,"MacBook Pro 13"" (2019)","A1989, A2159",https://www.sellcell.com/assets/images/devices/008/macbook-pro-13-2019.jpg,,,16GB,i7 2.8GHz,POOR,0,0,138.0
Laptops,Apple,"MacBook Pro 13"" (2019)","A1989, A2159",https://www.sellcell.com/assets/images/devices/008/macbook-pro-13-2019.jpg,,,8GB,i7 2.8GHz,POOR,0,0,120.0
Laptops,Apple,"MacBook Pro 13"" (2019)","A1989, A2159",https://www.sellcell.com/assets/images/devices/008/macbook-pro-13-2019.jpg,,,8GB,i7 2.8GHz,GOOD,0,0,174.25
Laptops,Apple,"MacBook Pro 13"" (2020)","A2251, A2289, A2338",https://www.sellcell.com/assets/images/devices/008/macbook-pro-13-2020.jpg,,,16GB,M1 3.2GHz 8-Core GPU,FAULTY,0,0,46.0
Laptops,Apple,"MacBook Pro 13"" (2020)","A2251, A2289, A2338",https://www.sellcell.com/assets/images/devices/008/macbook-pro-13-2020.jpg,,,16GB,i5 2.0GHz,POOR,0,0,132.0
Laptops,Apple,"MacBook Pro 13"" (2019)","A1989, A2159",https://www.sellcell.com/assets/images/devices/008/macbook-pro-13-2019.jpg,,,8GB,i7 2.8GHz,FAULTY,0,0,25.0
Laptops,Apple,"MacBook Pro 13"" (2019)","A1989, A2159",https://www.sellcell.com/assets/images/devices/008/macbook-pro-13-2019.jpg,,,16GB,i7 2.8GHz,GOOD,0,0,183.0
Laptops,Apple,"MacBook Pro 13"" (2019)","A1989, A2159",https://www.sellcell.com/assets/images/devices/008/macbook-pro-13-2019.jpg,,,16GB,i7 1.7GHz,FAULTY,0,0,23.0
Laptops,Apple,"MacBook Pro 13"" (2019)","A1989, A2159",https://www.sellcell.com/assets/images/devices/008/macbook-pro-13-2019.jpg,,,16GB,i7 2.8GHz,MINT,0,0,227.0
Laptops,Apple,"MacBook Pro 13"" (2019)","A1989, A2159",https://www.sellcell.com/assets/images/devices/008/macbook-pro-13-2019.jpg,,,16GB,i5 2.4GHz,FAULTY,0,0,25.0
Laptops,Apple,"MacBook Pro 13"" (2019)","A1989, A2159",https://www.sellcell.com/assets/images/devices/008/macbook-pro-13-2019.jpg,,,8GB,i7 1.7GHz,FAULTY,0,0,21.0
Laptops,Apple,"MacBook Pro 13"" (2019)","A1989, A2159",https://www.sellcell.com/assets/images/devices/008/macbook-pro-13-2019.jpg,,,8GB,i7 1.7GHz,GOOD,0,0,157.25
Laptops,Apple,"MacBook Pro 13"" (2019)","A1989, A2159",https://www.sellcell.com/assets/images/devices/008/macbook-pro-13-2019.jpg,,,8GB,i7 1.7GHz,POOR,0,0,93.0
Laptops,Apple,"MacBook Pro 13"" (2020)","A2251, A2289, A2338",https://www.sellcell.com/assets/images/devices/008/macbook-pro-13-2020.jpg,,,16GB,i5 1.4GHz,POOR,0,0,123.0
Laptops,Apple,"MacBook Pro 13"" (2019)","A1989, A2159",https://www.sellcell.com/assets/images/devices/008/macbook-pro-13-2019.jpg,,,16GB,i7 1.7GHz,MINT,0,0,185.0
Laptops,Apple,"MacBook Pro 13"" (2019)","A1989, A2159",https://www.sellcell.com/assets/images/devices/008/macbook-pro-13-2019.jpg,,,8GB,i7 1.7GHz,MINT,0,0,185.0
Laptops,Apple,"MacBook Pro 13"" (2020)","A2251, A2289, A2338",https://www.sellcell.com/assets/images/devices/008/macbook-pro-13-2020.jpg,,,32GB,i5 1.4GHz,MINT,0,0,200.0
Laptops,Apple,"MacBook Pro 13"" (2019)","A1989, A2159",https://www.sellcell.com/assets/images/devices/008/macbook-pro-13-2019.jpg,,,8GB,i5 2.4GHz,FAULTY,0,0,23.0
Laptops,Apple,"MacBook Pro 13"" (2019)","A1989, A2159",https://www.sellcell.com/assets/images/devices/008/macbook-pro-13-2019.jpg,,,16GB,i7 1.7GHz,POOR,0,0,105.0
Laptops,Apple,"MacBook Pro 13"" (2019)","A1989, A2159",https://www.sellcell.com/assets/images/devices/008/macbook-pro-13-2019.jpg,,,8GB,i5 2.4GHz,POOR,0,0,102.0
Laptops,Apple,"MacBook Pro 13"" (2019)","A1989, A2159",https://www.sellcell.com/assets/images/devices/008/macbook-pro-13-2019.jpg,,,8GB,i5 2.4GHz,GOOD,0,0,157.25
Laptops,Apple,"MacBook Pro 13"" (2019)","A1989, A2159",https://www.sellcell.com/assets/images/devices/008/macbook-pro-13-2019.jpg,,,16GB,i5 2.4GHz,MINT,0,0,203.0
Laptops,Apple,"MacBook Pro 13"" (2019)","A1989, A2159",https://www.sellcell.com/assets/images/devices/008/macbook-pro-13-2019.jpg,,,16GB,i5 1.4GHz,FAULTY,0,0,21.0
Laptops,Apple,"MacBook Pro 13"" (2019)","A1989, A2159",https://www.sellcell.com/assets/images/devices/008/macbook-pro-13-2019.jpg,,,16GB,i5 2.4GHz,GOOD,0,0,157.25
Laptops,Apple,"MacBook Pro 13"" (2019)","A1989, A2159",https://www.sellcell.com/assets/images/devices/008/macbook-pro-13-2019.jpg,,,8GB,i5 2.4GHz,MINT,0,0,185.0
Laptops,Apple,"MacBook Pro 13"" (2019)","A1989, A2159",https://www.sellcell.com/assets/images/devices/008/macbook-pro-13-2019.jpg,,,16GB,i5 2.4GHz,POOR,0,0,116.0
Laptops,Apple,"MacBook Pro 13"" (2019)","A1989, A2159",https://www.sellcell.com/assets/images/devices/008/macbook-pro-13-2019.jpg,,,16GB,i5 1.4GHz,MINT,0,0,165.0
Laptops,Apple,"MacBook Pro 13"" (2019)","A1989, A2159",https://www.sellcell.com/assets/images/devices/008/macbook-pro-13-2019.jpg,,,8GB,i5 1.4GHz,MINT,0,0,165.0
Laptops,Apple,"MacBook Pro 13"" (2019)","A1989, A2159",https://www.sellcell.com/assets/images/devices/008/macbook-pro-13-2019.jpg,,,8GB,i5 1.4GHz,POOR,0,0,84.0
Laptops,Apple,"MacBook Pro 13"" (2019)","A1989, A2159",https://www.sellcell.com/assets/images/devices/008/macbook-pro-13-2019.jpg,,,16GB,i7 1.7GHz,GOOD,0,0,157.25
Laptops,Apple,"MacBook Air 15"" (2023)",A2941,https://www.sellcell.com/assets/images/devices/009/macbook-air-15-2023.jpg,,,24GB,M2 8-Core CPU 10-Core GPU,GOOD,0,0,535.0
Laptops,Apple,"MacBook Pro 13"" (2019)","A1989, A2159",https://www.sellcell.com/assets/images/devices/008/macbook-pro-13-2019.jpg,,,8GB,i5 1.4GHz,GOOD,0,0,140.25
Laptops,Apple,"MacBook Pro 13"" (2019)","A1989, A2159",https://www.sellcell.com/assets/images/devices/008/macbook-pro-13-2019.jpg,,,16GB,i5 1.4GHz,POOR,0,0,96.0
Laptops,Apple,"MacBook Air 15"" (2023)",A2941,https://www.sellcell.com/assets/images/devices/009/macbook-air-15-2023.jpg,,,24GB,M2 8-Core CPU 10-Core GPU,MINT,0,0,616.0
Laptops,Apple,"MacBook Air 15"" (2023)",A2941,https://www.sellcell.com/assets/images/devices/009/macbook-air-15-2023.jpg,,,8GB,M2 8-Core CPU 10-Core GPU,POOR,0,0,390.0
Laptops,Apple,"MacBook Air 15"" (2023)",A2941,https://www.sellcell.com/assets/images/devices/009/macbook-air-15-2023.jpg,,,8GB,M2 8-Core CPU 10-Core GPU,GOOD,0,0,465.0
Laptops,Apple,"MacBook Air 15"" (2023)",A2941,https://www.sellcell.com/assets/images/devices/009/macbook-air-15-2023.jpg,,,16GB,M2 8-Core CPU 10-Core GPU,FAULTY,0,0,210.0
Laptops,Apple,"MacBook Pro 13"" (2020)","A2251, A2289, A2338",https://www.sellcell.com/assets/images/devices/008/macbook-pro-13-2020.jpg,,,16GB,M1 3.2GHz 8-Core GPU,GOOD,0,0,285.0
Laptops,Apple,"MacBook Air 15"" (2023)",A2941,https://www.sellcell.com/assets/images/devices/009/macbook-air-15-2023.jpg,,,16GB,M2 8-Core CPU 10-Core GPU,MINT,0,0,566.0
Laptops,Apple,"MacBook Pro 13"" (2019)","A1989, A2159",https://www.sellcell.com/assets/images/devices/008/macbook-pro-13-2019.jpg,,,8GB,i5 1.4GHz,FAULTY,0,0,19.0
Laptops,Apple,"MacBook Air 15"" (2023)",A2941,https://www.sellcell.com/assets/images/devices/009/macbook-air-15-2023.jpg,,,8GB,M2 8-Core CPU 10-Core GPU,MINT,0,0,516.0
Laptops,Apple,"MacBook Pro 13"" (2013)","A1425, A1502",https://www.sellcell.com/assets/images/devices/008/macbook-pro-13-2013.jpg,,,16GB,i7 2.8GHz,MINT,0,0,70.0
Laptops,Apple,"MacBook Pro 13"" (2013)","A1425, A1502",https://www.sellcell.com/assets/images/devices/008/macbook-pro-13-2013.jpg,,,16GB,i7 2.8GHz,POOR,0,0,35.0
Laptops,Apple,"MacBook Pro 13"" (2013)","A1425, A1502",https://www.sellcell.com/assets/images/devices/008/macbook-pro-13-2013.jpg,,,8GB,i7 2.8GHz,MINT,0,0,60.0
Laptops,Apple,"MacBook Air 15"" (2023)",A2941,https://www.sellcell.com/assets/images/devices/009/macbook-air-15-2023.jpg,,,16GB,M2 8-Core CPU 10-Core GPU,GOOD,0,0,490.0
Laptops,Apple,"MacBook Air 15"" (2023)",A2941,https://www.sellcell.com/assets/images/devices/009/macbook-air-15-2023.jpg,,,8GB,M2 8-Core CPU 10-Core GPU,FAULTY,0,0,210.0
Laptops,Apple,"MacBook Pro 13"" (2013)","A1425, A1502",https://www.sellcell.com/assets/images/devices/008/macbook-pro-13-2013.jpg,,,8GB,i7 2.8GHz,FAULTY,0,0,0
Laptops,Apple,"MacBook Pro 13"" (2013)","A1425, A1502",https://www.sellcell.com/assets/images/devices/008/macbook-pro-13-2013.jpg,,,8GB,i7 2.8GHz,GOOD,0,0,40.0
Laptops,Apple,"MacBook Pro 13"" (2013)","A1425, A1502",https://www.sellcell.com/assets/images/devices/008/macbook-pro-13-2013.jpg,,,16GB,i5 2.4GHz,MINT,0,0,50.0
Laptops,Apple,"MacBook Pro 13"" (2013)","A1425, A1502",https://www.sellcell.com/assets/images/devices/008/macbook-pro-13-2013.jpg,,,16GB,i5 2.4GHz,GOOD,0,0,30.0
Laptops,Apple,"MacBook Pro 13"" (2013)","A1425, A1502",https://www.sellcell.com/assets/images/devices/008/macbook-pro-13-2013.jpg,,,4GB,i7 2.8GHz,POOR,0,0,15.0
Laptops,Apple,"MacBook Pro 13"" (2013)","A1425, A1502",https://www.sellcell.com/assets/images/devices/008/macbook-pro-13-2013.jpg,,,4GB,i7 2.8GHz,GOOD,0,0,30.0
Laptops,Apple,"MacBook Pro 13"" (2013)","A1425, A1502",https://www.sellcell.com/assets/images/devices/008/macbook-pro-13-2013.jpg,,,16GB,i7 2.8GHz,GOOD,0,0,50.0
Laptops,Apple,"MacBook Air 15"" (2023)",A2941,https://www.sellcell.com/assets/images/devices/009/macbook-air-15-2023.jpg,,,16GB,M2 8-Core CPU 10-Core GPU,POOR,0,0,395.0
Laptops,Apple,"MacBook Pro 13"" (2013)","A1425, A1502",https://www.sellcell.com/assets/images/devices/008/macbook-pro-13-2013.jpg,,,4GB,i7 2.8GHz,MINT,0,0,50.0
Laptops,Apple,"MacBook Pro 13"" (2013)","A1425, A1502",https://www.sellcell.com/assets/images/devices/008/macbook-pro-13-2013.jpg,,,4GB,i7 2.8GHz,FAULTY,0,0,0
Laptops,Apple,"MacBook Pro 13"" (2013)","A1425, A1502",https://www.sellcell.com/assets/images/devices/008/macbook-pro-13-2013.jpg,,,16GB,i5 2.4GHz,FAULTY,0,0,0
Laptops,Apple,"MacBook Pro 13"" (2013)","A1425, A1502",https://www.sellcell.com/assets/images/devices/008/macbook-pro-13-2013.jpg,,,8GB,i5 2.4GHz,GOOD,0,0,20.0
Laptops,Apple,"MacBook Pro 13"" (2013)","A1425, A1502",https://www.sellcell.com/assets/images/devices/008/macbook-pro-13-2013.jpg,,,4GB,i5 2.4GHz,POOR,0,0,0
Laptops,Apple,"MacBook Pro 13"" (2013)","A1425, A1502",https://www.sellcell.com/assets/images/devices/008/macbook-pro-13-2013.jpg,,,4GB,i5 2.4GHz,FAULTY,0,0,0
Laptops,Apple,"MacBook Pro 13"" (2013)","A1425, A1502",https://www.sellcell.com/assets/images/devices/008/macbook-pro-13-2013.jpg,,,8GB,i5 2.4GHz,FAULTY,0,0,0
Laptops,Apple,"MacBook Pro 13"" (2013)","A1425, A1502",https://www.sellcell.com/assets/images/devices/008/macbook-pro-13-2013.jpg,,,4GB,i5 2.4GHz,MINT,0,0,30.0
Laptops,Apple,"MacBook Pro 13"" (2013)","A1425, A1502",https://www.sellcell.com/assets/images/devices/008/macbook-pro-13-2013.jpg,,,8GB,i5 2.4GHz,POOR,0,0,5.0
Laptops,Apple,"MacBook Pro 13"" (2013)","A1425, A1502",https://www.sellcell.com/assets/images/devices/008/macbook-pro-13-2013.jpg,,,4GB,i5 2.4GHz,GOOD,0,0,10.0
Laptops,Apple,"MacBook Pro 15"" (2017)",A1707,https://www.sellcell.com/assets/images/devices/008/macbook-pro-15-2017.jpg,,,16GB,i7 3.1GHz,GOOD,0,0,157.25
Laptops,Apple,"MacBook Pro 15"" (2017)",A1707,https://www.sellcell.com/assets/images/devices/008/macbook-pro-15-2017.jpg,,,16GB,i7 2.9GHz,MINT,0,0,191.0
Laptops,Apple,"MacBook Pro 15"" (2017)",A1707,https://www.sellcell.com/assets/images/devices/008/macbook-pro-15-2017.jpg,,,16GB,i7 2.9GHz,POOR,0,0,114.0
Laptops,Apple,"MacBook Pro 15"" (2017)",A1707,https://www.sellcell.com/assets/images/devices/008/macbook-pro-15-2017.jpg,,,16GB,i7 2.9GHz,FAULTY,0,0,25.0
Laptops,Apple,"MacBook Pro 15"" (2017)",A1707,https://www.sellcell.com/assets/images/devices/008/macbook-pro-15-2017.jpg,,,16GB,i7 3.1GHz,MINT,0,0,201.0
Laptops,Apple,"MacBook Pro 15"" (2017)",A1707,https://www.sellcell.com/assets/images/devices/008/macbook-pro-15-2017.jpg,,,16GB,i7 2.8GHz,POOR,0,0,102.0
Laptops,Apple,"MacBook Pro 13"" (2013)","A1425, A1502",https://www.sellcell.com/assets/images/devices/008/macbook-pro-13-2013.jpg,,,8GB,i5 2.4GHz,MINT,0,0,40.0
Laptops,Apple,"MacBook Pro 13"" (2013)","A1425, A1502",https://www.sellcell.com/assets/images/devices/008/macbook-pro-13-2013.jpg,,,16GB,i5 2.4GHz,POOR,0,0,15.0
Laptops,Apple,"MacBook Air 15"" (2026)",A3448,https://www.sellcell.com/assets/images/devices/009/macbook-air-15-2026.jpg,,,32GB,M5 10-Core CPU 8-Core GPU,FAULTY,0,0,0
Laptops,Apple,"MacBook Air 15"" (2026)",A3448,https://www.sellcell.com/assets/images/devices/009/macbook-air-15-2026.jpg,,,32GB,M5 10-Core CPU 8-Core GPU,POOR,0,0,0
Laptops,Apple,"MacBook Air 15"" (2026)",A3448,https://www.sellcell.com/assets/images/devices/009/macbook-air-15-2026.jpg,,,32GB,M5 10-Core CPU 8-Core GPU,MINT,0,0,850.0
Laptops,Apple,"MacBook Pro 13"" (2019)","A1989, A2159",https://www.sellcell.com/assets/images/devices/008/macbook-pro-13-2019.jpg,,,16GB,i5 1.4GHz,GOOD,0,0,140.25
Laptops,Apple,"MacBook Pro 15"" (2017)",A1707,https://www.sellcell.com/assets/images/devices/008/macbook-pro-15-2017.jpg,,,16GB,i7 2.8GHz,GOOD,0,0,144.5
Laptops,Apple,"MacBook Pro 15"" (2017)",A1707,https://www.sellcell.com/assets/images/devices/008/macbook-pro-15-2017.jpg,,,16GB,i7 2.9GHz,GOOD,0,0,148.75
Laptops,Apple,"MacBook Pro 15"" (2017)",A1707,https://www.sellcell.com/assets/images/devices/008/macbook-pro-15-2017.jpg,,,16GB,i7 2.8GHz,MINT,0,0,171.0
Laptops,Apple,"MacBook Air 15"" (2026)",A3448,https://www.sellcell.com/assets/images/devices/009/macbook-air-15-2026.jpg,,,24GB,M5 10-Core CPU 8-Core GPU,POOR,0,0,0
Laptops,Apple,"MacBook Pro 13"" (2013)","A1425, A1502",https://www.sellcell.com/assets/images/devices/008/macbook-pro-13-2013.jpg,,,8GB,i7 2.8GHz,POOR,0,0,25.0
Laptops,Apple,"MacBook Air 15"" (2026)",A3448,https://www.sellcell.com/assets/images/devices/009/macbook-air-15-2026.jpg,,,16GB,M5 10-Core CPU 8-Core GPU,POOR,0,0,549.0
Laptops,Apple,"MacBook Air 15"" (2026)",A3448,https://www.sellcell.com/assets/images/devices/009/macbook-air-15-2026.jpg,,,24GB,M5 10-Core CPU 8-Core GPU,FAULTY,0,0,0
Laptops,Apple,"MacBook Air 15"" (2026)",A3448,https://www.sellcell.com/assets/images/devices/009/macbook-air-15-2026.jpg,,,16GB,M5 10-Core CPU 8-Core GPU,GOOD,0,0,722.5
Laptops,Apple,"MacBook Air 15"" (2026)",A3448,https://www.sellcell.com/assets/images/devices/009/macbook-air-15-2026.jpg,,,16GB,M5 10-Core CPU 8-Core GPU,MINT,0,0,850.0
Laptops,Apple,"MacBook Air 15"" (2026)",A3448,https://www.sellcell.com/assets/images/devices/009/macbook-air-15-2026.jpg,,,24GB,M5 10-Core CPU 8-Core GPU,GOOD,0,0,722.5
Laptops,Apple,"MacBook Air 15"" (2026)",A3448,https://www.sellcell.com/assets/images/devices/009/macbook-air-15-2026.jpg,,,32GB,M5 10-Core CPU 10-Core GPU,FAULTY,0,0,310.0
Laptops,Apple,"MacBook Air 15"" (2026)",A3448,https://www.sellcell.com/assets/images/devices/009/macbook-air-15-2026.jpg,,,32GB,M5 10-Core CPU 10-Core GPU,POOR,0,0,880.0
Laptops,Apple,"MacBook Air 15"" (2026)",A3448,https://www.sellcell.com/assets/images/devices/009/macbook-air-15-2026.jpg,,,16GB,M5 10-Core CPU 8-Core GPU,FAULTY,0,0,110.0
Laptops,Apple,"MacBook Air 15"" (2026)",A3448,https://www.sellcell.com/assets/images/devices/009/macbook-air-15-2026.jpg,,,16GB,M5 10-Core CPU 10-Core GPU,FAULTY,0,0,310.0
Laptops,Apple,"MacBook Air 15"" (2026)",A3448,https://www.sellcell.com/assets/images/devices/009/macbook-air-15-2026.jpg,,,24GB,M5 10-Core CPU 10-Core GPU,POOR,0,0,750.0
Laptops,Apple,"MacBook Air 15"" (2026)",A3448,https://www.sellcell.com/assets/images/devices/009/macbook-air-15-2026.jpg,,,32GB,M5 10-Core CPU 10-Core GPU,GOOD,0,0,995.0
Laptops,Apple,"MacBook Air 15"" (2026)",A3448,https://www.sellcell.com/assets/images/devices/009/macbook-air-15-2026.jpg,,,24GB,M5 10-Core CPU 10-Core GPU,FAULTY,0,0,310.0
Laptops,Apple,"MacBook Air 15"" (2026)",A3448,https://www.sellcell.com/assets/images/devices/009/macbook-air-15-2026.jpg,,,24GB,M5 10-Core CPU 10-Core GPU,MINT,0,0,1001.0
Laptops,Apple,"MacBook Air 15"" (2026)",A3448,https://www.sellcell.com/assets/images/devices/009/macbook-air-15-2026.jpg,,,32GB,M5 10-Core CPU 10-Core GPU,MINT,0,0,1131.0
Laptops,Apple,"MacBook Air 15"" (2026)",A3448,https://www.sellcell.com/assets/images/devices/009/macbook-air-15-2026.jpg,,,16GB,M5 10-Core CPU 10-Core GPU,GOOD,0,0,735.0
Laptops,Apple,"MacBook Air 15"" (2026)",A3448,https://www.sellcell.com/assets/images/devices/009/macbook-air-15-2026.jpg,,,24GB,M5 10-Core CPU 8-Core GPU,MINT,0,0,850.0
Laptops,Apple,"MacBook Air 15"" (2026)",A3448,https://www.sellcell.com/assets/images/devices/009/macbook-air-15-2026.jpg,,,16GB,M5 10-Core CPU 10-Core GPU,MINT,0,0,850.0
Laptops,Apple,"MacBook Air 15"" (2026)",A3448,https://www.sellcell.com/assets/images/devices/009/macbook-air-15-2026.jpg,,,32GB,M5 10-Core CPU 8-Core GPU,GOOD,0,0,722.5
Laptops,Apple,"MacBook Pro 14"" (2023)","A2779, A2918, A2992",https://www.sellcell.com/assets/images/devices/009/macbook-pro-14-2023.jpg,,,128GB,M2 Pro 12-Core CPU 19-Core GPU,POOR,0,0,0
Laptops,Apple,"MacBook Pro 14"" (2023)","A2779, A2918, A2992",https://www.sellcell.com/assets/images/devices/009/macbook-pro-14-2023.jpg,,,128GB,M2 Pro 12-Core CPU 19-Core GPU,FAULTY,0,0,0
Laptops,Apple,"MacBook Pro 15"" (2014)",A1398,https://www.sellcell.com/assets/images/devices/008/macbook-pro-15-2014.jpg,,,16GB,i7 2.8GHz,POOR,0,0,35.0
Laptops,Apple,"MacBook Air 15"" (2025)",A3241,https://www.sellcell.com/assets/images/devices/009/macbook-air-15-2025.jpg,,,32GB,M4 10-Core CPU 10-Core GPU,FAULTY,0,0,210.0
Laptops,Apple,"MacBook Pro 13"" (2020)","A2251, A2289, A2338",https://www.sellcell.com/assets/images/devices/008/macbook-pro-13-2020.jpg,,,32GB,M1 3.2GHz 8-Core GPU,FAULTY,0,0,0
Laptops,Apple,"MacBook Air 13"" (2020)","A2179, A2337",https://www.sellcell.com/assets/images/devices/008/macbook-air-13-2020.jpg,,,16GB,i7 1.2GHz,FAULTY,0,0,31.0
Laptops,Apple,"MacBook Pro 15"" (2014)",A1398,https://www.sellcell.com/assets/images/devices/008/macbook-pro-15-2014.jpg,,,16GB,i7 2.8GHz,FAULTY,0,0,0
Laptops,Apple,"MacBook Air 13"" (2026)",A3449,https://www.sellcell.com/assets/images/devices/009/macbook-air-13-2026.jpg,,,32GB,M5 10-Core CPU 8-Core GPU,FAULTY,0,0,0
Laptops,Apple,"MacBook Air 15"" (2026)",A3448,https://www.sellcell.com/assets/images/devices/009/macbook-air-15-2026.jpg,,,16GB,M5 10-Core CPU 10-Core GPU,POOR,0,0,620.0
Laptops,Apple,"MacBook Air 13"" (2017)",A1466,https://www.sellcell.com/assets/images/devices/008/macbook-air-13-2017.jpg,,,8GB,i5 1.8GHz,FAULTY,0,0,4.0
Laptops,Apple,"MacBook Pro 13"" (2016)","A1706, A1708",https://www.sellcell.com/assets/images/devices/008/macbook-pro-13-2016.jpg,,,16GB,i7 3.3GHz,GOOD,0,0,120.0
Laptops,Apple,"MacBook Air 13"" (2017)",A1466,https://www.sellcell.com/assets/images/devices/008/macbook-air-13-2017.jpg,,,8GB,i5 1.8GHz,POOR,0,0,30.0
Laptops,Apple,"MacBook Pro 14"" (2021)",A2442,https://www.sellcell.com/assets/images/devices/009/macbook-pro-14-2021.jpg,,,64GB,M1 Max 10-Core CPU 24-Core GPU,FAULTY,0,0,210.0
Laptops,Apple,"MacBook Pro 14"" (2021)",A2442,https://www.sellcell.com/assets/images/devices/009/macbook-pro-14-2021.jpg,,,64GB,M1 Max 10-Core CPU 24-Core GPU,POOR,0,0,650.0
Laptops,Apple,"MacBook Pro 13"" (2016)","A1706, A1708",https://www.sellcell.com/assets/images/devices/008/macbook-pro-13-2016.jpg,,,16GB,i7 3.3GHz,FAULTY,0,0,20.0
Laptops,Apple,"MacBook Air 13"" (2017)",A1466,https://www.sellcell.com/assets/images/devices/008/macbook-air-13-2017.jpg,,,8GB,i7 2.2GHz,MINT,0,0,105.0
Laptops,Apple,"MacBook Air 13"" (2017)",A1466,https://www.sellcell.com/assets/images/devices/008/macbook-air-13-2017.jpg,,,8GB,i7 2.2GHz,FAULTY,0,0,5.0
Laptops,Apple,"MacBook Air 13"" (2017)",A1466,https://www.sellcell.com/assets/images/devices/008/macbook-air-13-2017.jpg,,,8GB,i7 2.2GHz,POOR,0,0,60.0
Laptops,Apple,"MacBook Pro 14"" (2021)",A2442,https://www.sellcell.com/assets/images/devices/009/macbook-pro-14-2021.jpg,,,32GB,M1 Max 10-Core CPU 24-Core GPU,POOR,0,0,520.0
Laptops,Apple,"MacBook Pro 14"" (2021)",A2442,https://www.sellcell.com/assets/images/devices/009/macbook-pro-14-2021.jpg,,,32GB,M1 Max 10-Core CPU 24-Core GPU,GOOD,0,0,645.0
Laptops,Apple,"MacBook Pro 14"" (2021)",A2442,https://www.sellcell.com/assets/images/devices/009/macbook-pro-14-2021.jpg,,,64GB,M1 Max 10-Core CPU 24-Core GPU,MINT,0,0,901.0
Laptops,Apple,"MacBook Pro 14"" (2021)",A2442,https://www.sellcell.com/assets/images/devices/009/macbook-pro-14-2021.jpg,,,32GB,M1 Max 10-Core CPU 24-Core GPU,MINT,0,0,771.0
Laptops,Apple,"MacBook Pro 14"" (2021)",A2442,https://www.sellcell.com/assets/images/devices/009/macbook-pro-14-2021.jpg,,,32GB,M1 Max 10-Core CPU 24-Core GPU,FAULTY,0,0,210.0
Laptops,Apple,"MacBook Air 13"" (2017)",A1466,https://www.sellcell.com/assets/images/devices/008/macbook-air-13-2017.jpg,,,8GB,i5 1.8GHz,GOOD,0,0,55.25
Laptops,Apple,"MacBook Pro 14"" (2024)","A3112, A3185, A3401",https://www.sellcell.com/assets/images/devices/009/macbook-pro-14-2024.jpg,,,128GB,M4 Pro 14-Core CPU 20-Core GPU,MINT,0,0,1375.0
Laptops,Apple,"MacBook Pro 14"" (2024)","A3112, A3185, A3401",https://www.sellcell.com/assets/images/devices/009/macbook-pro-14-2024.jpg,,,128GB,M4 Pro 14-Core CPU 20-Core GPU,FAULTY,0,0,0
Laptops,Apple,"MacBook Pro 14"" (2024)","A3112, A3185, A3401",https://www.sellcell.com/assets/images/devices/009/macbook-pro-14-2024.jpg,,,128GB,M4 Pro 14-Core CPU 20-Core GPU,POOR,0,0,0
Laptops,Apple,"MacBook Pro 14"" (2024)","A3112, A3185, A3401",https://www.sellcell.com/assets/images/devices/009/macbook-pro-14-2024.jpg,,,64GB,M4 Pro 14-Core CPU 20-Core GPU,POOR,0,0,0
Laptops,Apple,"MacBook Pro 14"" (2021)",A2442,https://www.sellcell.com/assets/images/devices/009/macbook-pro-14-2021.jpg,,,16GB,M1 Max 10-Core CPU 24-Core GPU,POOR,0,0,0
Laptops,Apple,"MacBook Air 13"" (2017)",A1466,https://www.sellcell.com/assets/images/devices/008/macbook-air-13-2017.jpg,,,8GB,i7 2.2GHz,GOOD,0,0,85.0
Laptops,Apple,"MacBook Pro 14"" (2024)","A3112, A3185, A3401",https://www.sellcell.com/assets/images/devices/009/macbook-pro-14-2024.jpg,,,64GB,M4 Pro 14-Core CPU 20-Core GPU,FAULTY,0,0,0
Laptops,Apple,"MacBook Pro 13"" (2016)","A1706, A1708",https://www.sellcell.com/assets/images/devices/008/macbook-pro-13-2016.jpg,,,16GB,i7 3.3GHz,POOR,0,0,90.0
Laptops,Apple,"MacBook Pro 14"" (2024)","A3112, A3185, A3401",https://www.sellcell.com/assets/images/devices/009/macbook-pro-14-2024.jpg,,,128GB,M4 Pro 14-Core CPU 20-Core GPU,GOOD,0,0,1168.75
Laptops,Apple,"MacBook Air 13"" (2017)",A1466,https://www.sellcell.com/assets/images/devices/008/macbook-air-13-2017.jpg,,,8GB,i5 1.8GHz,MINT,0,0,75.0
Laptops,Apple,"MacBook Pro 14"" (2021)",A2442,https://www.sellcell.com/assets/images/devices/009/macbook-pro-14-2021.jpg,,,64GB,M1 Max 10-Core CPU 24-Core GPU,GOOD,0,0,775.0
Laptops,Apple,"MacBook Pro 13"" (2022)",A2338,https://www.sellcell.com/assets/images/devices/009/macbook-pro-13-2022.jpg,,,24GB,M2 8-Core CPU 10-Core GPU,POOR,0,0,440.0
Laptops,Apple,"MacBook Pro 13"" (2022)",A2338,https://www.sellcell.com/assets/images/devices/009/macbook-pro-13-2022.jpg,,,24GB,M2 8-Core CPU 10-Core GPU,FAULTY,0,0,81.0
Laptops,Apple,"MacBook Pro 13"" (2022)",A2338,https://www.sellcell.com/assets/images/devices/009/macbook-pro-13-2022.jpg,,,16GB,M2 8-Core CPU 10-Core GPU,GOOD,0,0,490.0
Laptops,Apple,"MacBook Pro 14"" (2021)",A2442,https://www.sellcell.com/assets/images/devices/009/macbook-pro-14-2021.jpg,,,16GB,M1 Max 10-Core CPU 24-Core GPU,FAULTY,0,0,0
Laptops,Apple,"MacBook Pro 13"" (2022)",A2338,https://www.sellcell.com/assets/images/devices/009/macbook-pro-13-2022.jpg,,,16GB,M2 8-Core CPU 10-Core GPU,POOR,0,0,385.0
Laptops,Apple,"MacBook Pro 13"" (2022)",A2338,https://www.sellcell.com/assets/images/devices/009/macbook-pro-13-2022.jpg,,,8GB,M2 8-Core CPU 10-Core GPU,GOOD,0,0,395.25
Laptops,Apple,"MacBook Pro 14"" (2024)","A3112, A3185, A3401",https://www.sellcell.com/assets/images/devices/009/macbook-pro-14-2024.jpg,,,64GB,M4 Pro 14-Core CPU 20-Core GPU,GOOD,0,0,1168.75
Laptops,Apple,"MacBook Pro 14"" (2024)","A3112, A3185, A3401",https://www.sellcell.com/assets/images/devices/009/macbook-pro-14-2024.jpg,,,48GB,M4 Pro 14-Core CPU 20-Core GPU,POOR,0,0,1290.0
Laptops,Apple,"MacBook Pro 14"" (2024)","A3112, A3185, A3401",https://www.sellcell.com/assets/images/devices/009/macbook-pro-14-2024.jpg,,,48GB,M4 Pro 14-Core CPU 20-Core GPU,FAULTY,0,0,315.0
Laptops,Apple,"MacBook Pro 13"" (2022)",A2338,https://www.sellcell.com/assets/images/devices/009/macbook-pro-13-2022.jpg,,,8GB,M2 8-Core CPU 10-Core GPU,FAULTY,0,0,80.0
Laptops,Apple,"MacBook Pro 13"" (2022)",A2338,https://www.sellcell.com/assets/images/devices/009/macbook-pro-13-2022.jpg,,,8GB,M2 8-Core CPU 10-Core GPU,MINT,0,0,465.0
Laptops,Apple,"MacBook Pro 13"" (2022)",A2338,https://www.sellcell.com/assets/images/devices/009/macbook-pro-13-2022.jpg,,,16GB,M2 8-Core CPU 10-Core GPU,FAULTY,0,0,80.0
Laptops,Apple,"MacBook Pro 13"" (2022)",A2338,https://www.sellcell.com/assets/images/devices/009/macbook-pro-13-2022.jpg,,,16GB,M2 8-Core CPU 10-Core GPU,MINT,0,0,536.0
Laptops,Apple,"MacBook Pro 13"" (2022)",A2338,https://www.sellcell.com/assets/images/devices/009/macbook-pro-13-2022.jpg,,,24GB,M2 8-Core CPU 10-Core GPU,GOOD,0,0,565.0
Laptops,Apple,"MacBook Pro 13"" (2022)",A2338,https://www.sellcell.com/assets/images/devices/009/macbook-pro-13-2022.jpg,,,24GB,M2 8-Core CPU 10-Core GPU,MINT,0,0,616.0
Laptops,Apple,"MacBook Pro 13"" (2022)",A2338,https://www.sellcell.com/assets/images/devices/009/macbook-pro-13-2022.jpg,,,8GB,M2 8-Core CPU 10-Core GPU,POOR,0,0,300.0
Laptops,Apple,"MacBook Pro 14"" (2024)","A3112, A3185, A3401",https://www.sellcell.com/assets/images/devices/009/macbook-pro-14-2024.jpg,,,36GB,M4 Pro 14-Core CPU 20-Core GPU,GOOD,0,0,1168.75
Laptops,Apple,"MacBook Pro 14"" (2024)","A3112, A3185, A3401",https://www.sellcell.com/assets/images/devices/009/macbook-pro-14-2024.jpg,,,36GB,M4 Pro 14-Core CPU 20-Core GPU,POOR,0,0,0
Laptops,Apple,"MacBook Pro 14"" (2024)","A3112, A3185, A3401",https://www.sellcell.com/assets/images/devices/009/macbook-pro-14-2024.jpg,,,32GB,M4 Pro 14-Core CPU 20-Core GPU,POOR,0,0,0
Laptops,Apple,"MacBook Pro 14"" (2024)","A3112, A3185, A3401",https://www.sellcell.com/assets/images/devices/009/macbook-pro-14-2024.jpg,,,64GB,M4 Pro 14-Core CPU 20-Core GPU,MINT,0,0,1375.0
Laptops,Apple,"MacBook Pro 14"" (2024)","A3112, A3185, A3401",https://www.sellcell.com/assets/images/devices/009/macbook-pro-14-2024.jpg,,,36GB,M4 Pro 14-Core CPU 20-Core GPU,FAULTY,0,0,0
Laptops,Apple,"MacBook Pro 14"" (2024)","A3112, A3185, A3401",https://www.sellcell.com/assets/images/devices/009/macbook-pro-14-2024.jpg,,,48GB,M4 Pro 14-Core CPU 20-Core GPU,MINT,0,0,1640.0
Laptops,Apple,"MacBook Pro 14"" (2024)","A3112, A3185, A3401",https://www.sellcell.com/assets/images/devices/009/macbook-pro-14-2024.jpg,,,32GB,M4 Pro 14-Core CPU 20-Core GPU,FAULTY,0,0,0
Laptops,Apple,"MacBook Pro 14"" (2024)","A3112, A3185, A3401",https://www.sellcell.com/assets/images/devices/009/macbook-pro-14-2024.jpg,,,36GB,M4 Pro 14-Core CPU 20-Core GPU,MINT,0,0,1375.0
Laptops,Apple,"MacBook Pro 14"" (2024)","A3112, A3185, A3401",https://www.sellcell.com/assets/images/devices/009/macbook-pro-14-2024.jpg,,,24GB,M4 Pro 14-Core CPU 20-Core GPU,GOOD,0,0,1175.0
Laptops,Apple,"MacBook Pro 14"" (2024)","A3112, A3185, A3401",https://www.sellcell.com/assets/images/devices/009/macbook-pro-14-2024.jpg,,,24GB,M4 Pro 14-Core CPU 20-Core GPU,POOR,0,0,985.0
Laptops,Apple,"MacBook Pro 14"" (2024)","A3112, A3185, A3401",https://www.sellcell.com/assets/images/devices/009/macbook-pro-14-2024.jpg,,,32GB,M4 Pro 14-Core CPU 20-Core GPU,GOOD,0,0,1168.75
Laptops,Apple,"MacBook Pro 14"" (2024)","A3112, A3185, A3401",https://www.sellcell.com/assets/images/devices/009/macbook-pro-14-2024.jpg,,,24GB,M4 Pro 14-Core CPU 20-Core GPU,MINT,0,0,1375.0
Laptops,Apple,"MacBook Pro 14"" (2024)","A3112, A3185, A3401",https://www.sellcell.com/assets/images/devices/009/macbook-pro-14-2024.jpg,,,32GB,M4 Pro 14-Core CPU 20-Core GPU,MINT,0,0,1375.0
Laptops,Apple,"MacBook Pro 14"" (2024)","A3112, A3185, A3401",https://www.sellcell.com/assets/images/devices/009/macbook-pro-14-2024.jpg,,,16GB,M4 Pro 14-Core CPU 20-Core GPU,FAULTY,0,0,0
Laptops,Apple,"MacBook Pro 14"" (2024)","A3112, A3185, A3401",https://www.sellcell.com/assets/images/devices/009/macbook-pro-14-2024.jpg,,,16GB,M4 Pro 14-Core CPU 20-Core GPU,POOR,0,0,0
Laptops,Apple,"MacBook Pro 14"" (2024)","A3112, A3185, A3401",https://www.sellcell.com/assets/images/devices/009/macbook-pro-14-2024.jpg,,,16GB,M4 Pro 14-Core CPU 20-Core GPU,MINT,0,0,1375.0
Laptops,Apple,"MacBook Pro 14"" (2024)","A3112, A3185, A3401",https://www.sellcell.com/assets/images/devices/009/macbook-pro-14-2024.jpg,,,128GB,M4 Max 16-Core CPU 40-Core GPU,GOOD,0,0,2850.0
Laptops,Apple,"MacBook Pro 14"" (2024)","A3112, A3185, A3401",https://www.sellcell.com/assets/images/devices/009/macbook-pro-14-2024.jpg,,,64GB,M4 Max 16-Core CPU 40-Core GPU,FAULTY,0,0,520.0
Laptops,Apple,"MacBook Pro 14"" (2024)","A3112, A3185, A3401",https://www.sellcell.com/assets/images/devices/009/macbook-pro-14-2024.jpg,,,64GB,M4 Max 16-Core CPU 40-Core GPU,POOR,0,0,2130.0
Laptops,Apple,"MacBook Pro 14"" (2024)","A3112, A3185, A3401",https://www.sellcell.com/assets/images/devices/009/macbook-pro-14-2024.jpg,,,16GB,M4 Pro 14-Core CPU 20-Core GPU,GOOD,0,0,1168.75
Laptops,Apple,"MacBook Pro 14"" (2024)","A3112, A3185, A3401",https://www.sellcell.com/assets/images/devices/009/macbook-pro-14-2024.jpg,,,128GB,M4 Max 16-Core CPU 40-Core GPU,POOR,0,0,2505.0
Laptops,Apple,"MacBook Pro 15"" (2017)",A1707,https://www.sellcell.com/assets/images/devices/008/macbook-pro-15-2017.jpg,,,16GB,i7 2.8GHz,FAULTY,0,0,23.0
Laptops,Apple,"MacBook Pro 14"" (2024)","A3112, A3185, A3401",https://www.sellcell.com/assets/images/devices/009/macbook-pro-14-2024.jpg,,,48GB,M4 Max 16-Core CPU 40-Core GPU,GOOD,0,0,2050.0
Laptops,Apple,"MacBook Pro 14"" (2024)","A3112, A3185, A3401",https://www.sellcell.com/assets/images/devices/009/macbook-pro-14-2024.jpg,,,64GB,M4 Max 16-Core CPU 40-Core GPU,MINT,0,0,2680.0
Laptops,Apple,"MacBook Pro 14"" (2024)","A3112, A3185, A3401",https://www.sellcell.com/assets/images/devices/009/macbook-pro-14-2024.jpg,,,48GB,M4 Max 16-Core CPU 40-Core GPU,FAULTY,0,0,520.0
Laptops,Apple,"MacBook Pro 14"" (2024)","A3112, A3185, A3401",https://www.sellcell.com/assets/images/devices/009/macbook-pro-14-2024.jpg,,,36GB,M4 Max 16-Core CPU 40-Core GPU,FAULTY,0,0,0
Laptops,Apple,"MacBook Pro 14"" (2024)","A3112, A3185, A3401",https://www.sellcell.com/assets/images/devices/009/macbook-pro-14-2024.jpg,,,48GB,M4 Max 16-Core CPU 40-Core GPU,MINT,0,0,2275.0
Laptops,Apple,"MacBook Pro 14"" (2024)","A3112, A3185, A3401",https://www.sellcell.com/assets/images/devices/009/macbook-pro-14-2024.jpg,,,36GB,M4 Max 16-Core CPU 40-Core GPU,POOR,0,0,0
Laptops,Apple,"MacBook Pro 14"" (2024)","A3112, A3185, A3401",https://www.sellcell.com/assets/images/devices/009/macbook-pro-14-2024.jpg,,,128GB,M4 Max 16-Core CPU 40-Core GPU,FAULTY,0,0,520.0
Laptops,Apple,"MacBook Pro 14"" (2024)","A3112, A3185, A3401",https://www.sellcell.com/assets/images/devices/009/macbook-pro-14-2024.jpg,,,48GB,M4 Max 16-Core CPU 40-Core GPU,POOR,0,0,1725.0
Laptops,Apple,"MacBook Pro 14"" (2024)","A3112, A3185, A3401",https://www.sellcell.com/assets/images/devices/009/macbook-pro-14-2024.jpg,,,128GB,M4 Max 16-Core CPU 40-Core GPU,MINT,0,0,3055.0
Laptops,Apple,"MacBook Pro 14"" (2024)","A3112, A3185, A3401",https://www.sellcell.com/assets/images/devices/009/macbook-pro-14-2024.jpg,,,36GB,M4 Max 16-Core CPU 40-Core GPU,GOOD,0,0,1921.0
Laptops,Apple,"MacBook Pro 14"" (2024)","A3112, A3185, A3401",https://www.sellcell.com/assets/images/devices/009/macbook-pro-14-2024.jpg,,,32GB,M4 Max 16-Core CPU 40-Core GPU,MINT,0,0,2260.0
Laptops,Apple,"MacBook Pro 14"" (2024)","A3112, A3185, A3401",https://www.sellcell.com/assets/images/devices/009/macbook-pro-14-2024.jpg,,,24GB,M4 Max 16-Core CPU 40-Core GPU,POOR,0,0,0
Laptops,Apple,"MacBook Pro 14"" (2024)","A3112, A3185, A3401",https://www.sellcell.com/assets/images/devices/009/macbook-pro-14-2024.jpg,,,36GB,M4 Max 16-Core CPU 40-Core GPU,MINT,0,0,2260.0
Laptops,Apple,"MacBook Pro 14"" (2024)","A3112, A3185, A3401",https://www.sellcell.com/assets/images/devices/009/macbook-pro-14-2024.jpg,,,24GB,M4 Max 16-Core CPU 40-Core GPU,FAULTY,0,0,0
Laptops,Apple,"MacBook Pro 14"" (2024)","A3112, A3185, A3401",https://www.sellcell.com/assets/images/devices/009/macbook-pro-14-2024.jpg,,,64GB,M4 Max 16-Core CPU 40-Core GPU,GOOD,0,0,2450.0
Laptops,Apple,"MacBook Pro 14"" (2024)","A3112, A3185, A3401",https://www.sellcell.com/assets/images/devices/009/macbook-pro-14-2024.jpg,,,32GB,M4 Max 16-Core CPU 40-Core GPU,GOOD,0,0,1921.0
Laptops,Apple,"MacBook Air 15"" (2026)",A3448,https://www.sellcell.com/assets/images/devices/009/macbook-air-15-2026.jpg,,,24GB,M5 10-Core CPU 10-Core GPU,GOOD,0,0,865.0
Laptops,Apple,"MacBook Pro 14"" (2024)","A3112, A3185, A3401",https://www.sellcell.com/assets/images/devices/009/macbook-pro-14-2024.jpg,,,16GB,M4 Max 16-Core CPU 40-Core GPU,GOOD,0,0,1921.0
Laptops,Apple,"MacBook Pro 14"" (2024)","A3112, A3185, A3401",https://www.sellcell.com/assets/images/devices/009/macbook-pro-14-2024.jpg,,,16GB,M4 Max 16-Core CPU 40-Core GPU,FAULTY,0,0,0
Laptops,Apple,"MacBook Pro 14"" (2024)","A3112, A3185, A3401",https://www.sellcell.com/assets/images/devices/009/macbook-pro-14-2024.jpg,,,128GB,M4 10-Core CPU 10-Core GPU,FAULTY,0,0,0
Laptops,Apple,"MacBook Pro 14"" (2024)","A3112, A3185, A3401",https://www.sellcell.com/assets/images/devices/009/macbook-pro-14-2024.jpg,,,24GB,M4 Max 16-Core CPU 40-Core GPU,GOOD,0,0,1921.0
Laptops,Apple,"MacBook Pro 14"" (2024)","A3112, A3185, A3401",https://www.sellcell.com/assets/images/devices/009/macbook-pro-14-2024.jpg,,,16GB,M4 Max 16-Core CPU 40-Core GPU,POOR,0,0,0
Laptops,Apple,"MacBook Pro 14"" (2024)","A3112, A3185, A3401",https://www.sellcell.com/assets/images/devices/009/macbook-pro-14-2024.jpg,,,24GB,M4 Pro 14-Core CPU 20-Core GPU,FAULTY,0,0,315.0
Laptops,Apple,"MacBook Pro 14"" (2024)","A3112, A3185, A3401",https://www.sellcell.com/assets/images/devices/009/macbook-pro-14-2024.jpg,,,16GB,M4 Max 16-Core CPU 40-Core GPU,MINT,0,0,2260.0
Laptops,Apple,"MacBook Pro 14"" (2024)","A3112, A3185, A3401",https://www.sellcell.com/assets/images/devices/009/macbook-pro-14-2024.jpg,,,32GB,M4 Max 16-Core CPU 40-Core GPU,FAULTY,0,0,0
Laptops,Apple,"MacBook Pro 14"" (2024)","A3112, A3185, A3401",https://www.sellcell.com/assets/images/devices/009/macbook-pro-14-2024.jpg,,,128GB,M4 10-Core CPU 10-Core GPU,POOR,0,0,0
Laptops,Apple,"MacBook Pro 14"" (2024)","A3112, A3185, A3401",https://www.sellcell.com/assets/images/devices/009/macbook-pro-14-2024.jpg,,,64GB,M4 10-Core CPU 10-Core GPU,FAULTY,0,0,0
Laptops,Apple,"MacBook Pro 14"" (2024)","A3112, A3185, A3401",https://www.sellcell.com/assets/images/devices/009/macbook-pro-14-2024.jpg,,,128GB,M4 10-Core CPU 10-Core GPU,GOOD,0,0,816.0
Laptops,Apple,"MacBook Pro 14"" (2024)","A3112, A3185, A3401",https://www.sellcell.com/assets/images/devices/009/macbook-pro-14-2024.jpg,,,48GB,M4 10-Core CPU 10-Core GPU,POOR,0,0,0
Laptops,Apple,"MacBook Pro 14"" (2024)","A3112, A3185, A3401",https://www.sellcell.com/assets/images/devices/009/macbook-pro-14-2024.jpg,,,128GB,M4 10-Core CPU 10-Core GPU,MINT,0,0,960.0
Laptops,Apple,"MacBook Pro 14"" (2024)","A3112, A3185, A3401",https://www.sellcell.com/assets/images/devices/009/macbook-pro-14-2024.jpg,,,48GB,M4 10-Core CPU 10-Core GPU,FAULTY,0,0,0
Laptops,Apple,"MacBook Pro 14"" (2024)","A3112, A3185, A3401",https://www.sellcell.com/assets/images/devices/009/macbook-pro-14-2024.jpg,,,24GB,M4 Max 16-Core CPU 40-Core GPU,MINT,0,0,2260.0
Laptops,Apple,"MacBook Pro 14"" (2024)","A3112, A3185, A3401",https://www.sellcell.com/assets/images/devices/009/macbook-pro-14-2024.jpg,,,64GB,M4 10-Core CPU 10-Core GPU,MINT,0,0,960.0
Laptops,Apple,"MacBook Pro 14"" (2024)","A3112, A3185, A3401",https://www.sellcell.com/assets/images/devices/009/macbook-pro-14-2024.jpg,,,64GB,M4 10-Core CPU 10-Core GPU,POOR,0,0,0
Laptops,Apple,"MacBook Pro 14"" (2024)","A3112, A3185, A3401",https://www.sellcell.com/assets/images/devices/009/macbook-pro-14-2024.jpg,,,32GB,M4 10-Core CPU 10-Core GPU,FAULTY,0,0,315.0
Laptops,Apple,"MacBook Pro 14"" (2024)","A3112, A3185, A3401",https://www.sellcell.com/assets/images/devices/009/macbook-pro-14-2024.jpg,,,36GB,M4 10-Core CPU 10-Core GPU,POOR,0,0,0
Laptops,Apple,"MacBook Pro 14"" (2024)","A3112, A3185, A3401",https://www.sellcell.com/assets/images/devices/009/macbook-pro-14-2024.jpg,,,48GB,M4 10-Core CPU 10-Core GPU,MINT,0,0,960.0
Laptops,Apple,"MacBook Pro 14"" (2024)","A3112, A3185, A3401",https://www.sellcell.com/assets/images/devices/009/macbook-pro-14-2024.jpg,,,48GB,M4 10-Core CPU 10-Core GPU,GOOD,0,0,816.0
Laptops,Apple,"MacBook Pro 14"" (2024)","A3112, A3185, A3401",https://www.sellcell.com/assets/images/devices/009/macbook-pro-14-2024.jpg,,,64GB,M4 10-Core CPU 10-Core GPU,GOOD,0,0,816.0
Laptops,Apple,"MacBook Pro 14"" (2024)","A3112, A3185, A3401",https://www.sellcell.com/assets/images/devices/009/macbook-pro-14-2024.jpg,,,48GB,M4 Pro 14-Core CPU 20-Core GPU,GOOD,0,0,1475.0
Laptops,Apple,"MacBook Pro 14"" (2024)","A3112, A3185, A3401",https://www.sellcell.com/assets/images/devices/009/macbook-pro-14-2024.jpg,,,36GB,M4 10-Core CPU 10-Core GPU,MINT,0,0,960.0
Laptops,Apple,"MacBook Pro 14"" (2024)","A3112, A3185, A3401",https://www.sellcell.com/assets/images/devices/009/macbook-pro-14-2024.jpg,,,32GB,M4 10-Core CPU 10-Core GPU,POOR,0,0,939.0
Laptops,Apple,"MacBook Pro 14"" (2024)","A3112, A3185, A3401",https://www.sellcell.com/assets/images/devices/009/macbook-pro-14-2024.jpg,,,32GB,M4 Max 16-Core CPU 40-Core GPU,POOR,0,0,0
Laptops,Apple,"MacBook Pro 14"" (2024)","A3112, A3185, A3401",https://www.sellcell.com/assets/images/devices/009/macbook-pro-14-2024.jpg,,,36GB,M4 10-Core CPU 10-Core GPU,GOOD,0,0,816.0
Laptops,Apple,"MacBook Pro 14"" (2024)","A3112, A3185, A3401",https://www.sellcell.com/assets/images/devices/009/macbook-pro-14-2024.jpg,,,36GB,M4 10-Core CPU 10-Core GPU,FAULTY,0,0,0
Laptops,Apple,"MacBook Pro 14"" (2024)","A3112, A3185, A3401",https://www.sellcell.com/assets/images/devices/009/macbook-pro-14-2024.jpg,,,24GB,M4 10-Core CPU 10-Core GPU,FAULTY,0,0,315.0
Laptops,Apple,"MacBook Pro 14"" (2024)","A3112, A3185, A3401",https://www.sellcell.com/assets/images/devices/009/macbook-pro-14-2024.jpg,,,24GB,M4 10-Core CPU 10-Core GPU,MINT,0,0,1150.0
Laptops,Apple,"MacBook Pro 14"" (2024)","A3112, A3185, A3401",https://www.sellcell.com/assets/images/devices/009/macbook-pro-14-2024.jpg,,,32GB,M4 10-Core CPU 10-Core GPU,MINT,0,0,1280.0
Laptops,Apple,"MacBook Pro 14"" (2024)","A3112, A3185, A3401",https://www.sellcell.com/assets/images/devices/009/macbook-pro-14-2024.jpg,,,24GB,M4 10-Core CPU 10-Core GPU,POOR,0,0,800.0
Laptops,Apple,"MacBook Pro 14"" (2024)","A3112, A3185, A3401",https://www.sellcell.com/assets/images/devices/009/macbook-pro-14-2024.jpg,,,32GB,M4 10-Core CPU 10-Core GPU,GOOD,0,0,1125.0
Laptops,Apple,"MacBook Pro 14"" (2024)","A3112, A3185, A3401",https://www.sellcell.com/assets/images/devices/009/macbook-pro-14-2024.jpg,,,16GB,M4 10-Core CPU 10-Core GPU,POOR,0,0,800.0
Laptops,Apple,"MacBook Pro 14"" (2024)","A3112, A3185, A3401",https://www.sellcell.com/assets/images/devices/009/macbook-pro-14-2024.jpg,,,128GB,M4 Max 14-Core CPU 32-Core GPU,POOR,0,0,0
Laptops,Apple,"MacBook Pro 14"" (2024)","A3112, A3185, A3401",https://www.sellcell.com/assets/images/devices/009/macbook-pro-14-2024.jpg,,,16GB,M4 10-Core CPU 10-Core GPU,MINT,0,0,1025.0
Laptops,Apple,"MacBook Pro 14"" (2024)","A3112, A3185, A3401",https://www.sellcell.com/assets/images/devices/009/macbook-pro-14-2024.jpg,,,128GB,M4 Max 14-Core CPU 32-Core GPU,FAULTY,0,0,0
Laptops,Apple,"MacBook Pro 14"" (2024)","A3112, A3185, A3401",https://www.sellcell.com/assets/images/devices/009/macbook-pro-14-2024.jpg,,,128GB,M4 Max 14-Core CPU 32-Core GPU,GOOD,0,0,1615.0
Laptops,Apple,"MacBook Pro 14"" (2024)","A3112, A3185, A3401",https://www.sellcell.com/assets/images/devices/009/macbook-pro-14-2024.jpg,,,128GB,M4 Max 14-Core CPU 32-Core GPU,MINT,0,0,1900.0
Laptops,Apple,"MacBook Pro 14"" (2024)","A3112, A3185, A3401",https://www.sellcell.com/assets/images/devices/009/macbook-pro-14-2024.jpg,,,36GB,M4 Max 14-Core CPU 32-Core GPU,FAULTY,0,0,520.0
Laptops,Apple,"MacBook Pro 14"" (2024)","A3112, A3185, A3401",https://www.sellcell.com/assets/images/devices/009/macbook-pro-14-2024.jpg,,,64GB,M4 Max 14-Core CPU 32-Core GPU,GOOD,0,0,1615.0
Laptops,Apple,"MacBook Pro 14"" (2024)","A3112, A3185, A3401",https://www.sellcell.com/assets/images/devices/009/macbook-pro-14-2024.jpg,,,48GB,M4 Max 14-Core CPU 32-Core GPU,MINT,0,0,1900.0
Laptops,Apple,"MacBook Pro 14"" (2024)","A3112, A3185, A3401",https://www.sellcell.com/assets/images/devices/009/macbook-pro-14-2024.jpg,,,64GB,M4 Max 14-Core CPU 32-Core GPU,MINT,0,0,1900.0
Laptops,Apple,"MacBook Pro 14"" (2024)","A3112, A3185, A3401",https://www.sellcell.com/assets/images/devices/009/macbook-pro-14-2024.jpg,,,64GB,M4 Max 14-Core CPU 32-Core GPU,FAULTY,0,0,0
Laptops,Apple,"MacBook Pro 14"" (2024)","A3112, A3185, A3401",https://www.sellcell.com/assets/images/devices/009/macbook-pro-14-2024.jpg,,,48GB,M4 Max 14-Core CPU 32-Core GPU,GOOD,0,0,1615.0
Laptops,Apple,"MacBook Pro 14"" (2024)","A3112, A3185, A3401",https://www.sellcell.com/assets/images/devices/009/macbook-pro-14-2024.jpg,,,16GB,M4 10-Core CPU 10-Core GPU,GOOD,0,0,915.0
Laptops,Apple,"MacBook Pro 14"" (2024)","A3112, A3185, A3401",https://www.sellcell.com/assets/images/devices/009/macbook-pro-14-2024.jpg,,,64GB,M4 Max 14-Core CPU 32-Core GPU,POOR,0,0,0
Laptops,Apple,"MacBook Pro 14"" (2024)","A3112, A3185, A3401",https://www.sellcell.com/assets/images/devices/009/macbook-pro-14-2024.jpg,,,36GB,M4 Max 14-Core CPU 32-Core GPU,MINT,0,0,1900.0
Laptops,Apple,"MacBook Pro 14"" (2024)","A3112, A3185, A3401",https://www.sellcell.com/assets/images/devices/009/macbook-pro-14-2024.jpg,,,36GB,M4 Max 14-Core CPU 32-Core GPU,POOR,0,0,1415.0
Laptops,Apple,"MacBook Pro 14"" (2024)","A3112, A3185, A3401",https://www.sellcell.com/assets/images/devices/009/macbook-pro-14-2024.jpg,,,32GB,M4 Max 14-Core CPU 32-Core GPU,GOOD,0,0,1615.0
Laptops,Apple,"MacBook Pro 14"" (2024)","A3112, A3185, A3401",https://www.sellcell.com/assets/images/devices/009/macbook-pro-14-2024.jpg,,,48GB,M4 Max 14-Core CPU 32-Core GPU,POOR,0,0,0
Laptops,Apple,"MacBook Pro 14"" (2024)","A3112, A3185, A3401",https://www.sellcell.com/assets/images/devices/009/macbook-pro-14-2024.jpg,,,36GB,M4 Max 14-Core CPU 32-Core GPU,GOOD,0,0,1625.0
Laptops,Apple,"MacBook Pro 14"" (2024)","A3112, A3185, A3401",https://www.sellcell.com/assets/images/devices/009/macbook-pro-14-2024.jpg,,,32GB,M4 Max 14-Core CPU 32-Core GPU,MINT,0,0,1900.0
Laptops,Apple,"MacBook Pro 14"" (2024)","A3112, A3185, A3401",https://www.sellcell.com/assets/images/devices/009/macbook-pro-14-2024.jpg,,,32GB,M4 Max 14-Core CPU 32-Core GPU,FAULTY,0,0,0
Laptops,Apple,"MacBook Pro 14"" (2024)","A3112, A3185, A3401",https://www.sellcell.com/assets/images/devices/009/macbook-pro-14-2024.jpg,,,48GB,M4 Max 14-Core CPU 32-Core GPU,FAULTY,0,0,0
Laptops,Apple,"MacBook Pro 14"" (2024)","A3112, A3185, A3401",https://www.sellcell.com/assets/images/devices/009/macbook-pro-14-2024.jpg,,,32GB,M4 Max 14-Core CPU 32-Core GPU,POOR,0,0,0
Laptops,Apple,"MacBook Pro 14"" (2024)","A3112, A3185, A3401",https://www.sellcell.com/assets/images/devices/009/macbook-pro-14-2024.jpg,,,24GB,M4 Max 14-Core CPU 32-Core GPU,FAULTY,0,0,0
Laptops,Apple,"MacBook Pro 14"" (2024)","A3112, A3185, A3401",https://www.sellcell.com/assets/images/devices/009/macbook-pro-14-2024.jpg,,,24GB,M4 10-Core CPU 10-Core GPU,GOOD,0,0,1000.0
Laptops,Apple,"MacBook Pro 14"" (2024)","A3112, A3185, A3401",https://www.sellcell.com/assets/images/devices/009/macbook-pro-14-2024.jpg,,,24GB,M4 Max 14-Core CPU 32-Core GPU,POOR,0,0,0
Laptops,Apple,"MacBook Pro 14"" (2024)","A3112, A3185, A3401",https://www.sellcell.com/assets/images/devices/009/macbook-pro-14-2024.jpg,,,128GB,M4 Pro 12-Core CPU 16-Core GPU,FAULTY,0,0,0
Laptops,Apple,"MacBook Pro 14"" (2024)","A3112, A3185, A3401",https://www.sellcell.com/assets/images/devices/009/macbook-pro-14-2024.jpg,,,24GB,M4 Max 14-Core CPU 32-Core GPU,GOOD,0,0,1615.0
Laptops,Apple,"MacBook Pro 14"" (2024)","A3112, A3185, A3401",https://www.sellcell.com/assets/images/devices/009/macbook-pro-14-2024.jpg,,,16GB,M4 Max 14-Core CPU 32-Core GPU,MINT,0,0,1900.0
Laptops,Apple,"MacBook Pro 14"" (2024)","A3112, A3185, A3401",https://www.sellcell.com/assets/images/devices/009/macbook-pro-14-2024.jpg,,,16GB,M4 Max 14-Core CPU 32-Core GPU,GOOD,0,0,1615.0
Laptops,Apple,"MacBook Pro 14"" (2024)","A3112, A3185, A3401",https://www.sellcell.com/assets/images/devices/009/macbook-pro-14-2024.jpg,,,16GB,M4 10-Core CPU 10-Core GPU,FAULTY,0,0,315.0
Laptops,Apple,"MacBook Pro 14"" (2024)","A3112, A3185, A3401",https://www.sellcell.com/assets/images/devices/009/macbook-pro-14-2024.jpg,,,64GB,M4 Pro 12-Core CPU 16-Core GPU,POOR,0,0,0
Laptops,Apple,"MacBook Pro 14"" (2024)","A3112, A3185, A3401",https://www.sellcell.com/assets/images/devices/009/macbook-pro-14-2024.jpg,,,16GB,M4 Max 14-Core CPU 32-Core GPU,POOR,0,0,0
Laptops,Apple,"MacBook Pro 14"" (2024)","A3112, A3185, A3401",https://www.sellcell.com/assets/images/devices/009/macbook-pro-14-2024.jpg,,,128GB,M4 Pro 12-Core CPU 16-Core GPU,MINT,0,0,1300.0
Laptops,Apple,"MacBook Pro 14"" (2024)","A3112, A3185, A3401",https://www.sellcell.com/assets/images/devices/009/macbook-pro-14-2024.jpg,,,128GB,M4 Pro 12-Core CPU 16-Core GPU,POOR,0,0,0
Laptops,Apple,"MacBook Pro 14"" (2024)","A3112, A3185, A3401",https://www.sellcell.com/assets/images/devices/009/macbook-pro-14-2024.jpg,,,128GB,M4 Pro 12-Core CPU 16-Core GPU,GOOD,0,0,1105.0
Laptops,Apple,"MacBook Pro 14"" (2024)","A3112, A3185, A3401",https://www.sellcell.com/assets/images/devices/009/macbook-pro-14-2024.jpg,,,16GB,M4 Max 14-Core CPU 32-Core GPU,FAULTY,0,0,0
Laptops,Apple,"MacBook Pro 14"" (2024)","A3112, A3185, A3401",https://www.sellcell.com/assets/images/devices/009/macbook-pro-14-2024.jpg,,,64GB,M4 Pro 12-Core CPU 16-Core GPU,MINT,0,0,1300.0
Laptops,Apple,"MacBook Pro 14"" (2024)","A3112, A3185, A3401",https://www.sellcell.com/assets/images/devices/009/macbook-pro-14-2024.jpg,,,36GB,M4 Pro 12-Core CPU 16-Core GPU,FAULTY,0,0,0
Laptops,Apple,"MacBook Pro 14"" (2024)","A3112, A3185, A3401",https://www.sellcell.com/assets/images/devices/009/macbook-pro-14-2024.jpg,,,64GB,M4 Pro 12-Core CPU 16-Core GPU,GOOD,0,0,1105.0
Laptops,Apple,"MacBook Pro 14"" (2024)","A3112, A3185, A3401",https://www.sellcell.com/assets/images/devices/009/macbook-pro-14-2024.jpg,,,36GB,M4 Pro 12-Core CPU 16-Core GPU,GOOD,0,0,1105.0
Laptops,Apple,"MacBook Pro 14"" (2024)","A3112, A3185, A3401",https://www.sellcell.com/assets/images/devices/009/macbook-pro-14-2024.jpg,,,48GB,M4 Pro 12-Core CPU 16-Core GPU,POOR,0,0,1240.0
Laptops,Apple,"MacBook Pro 14"" (2024)","A3112, A3185, A3401",https://www.sellcell.com/assets/images/devices/009/macbook-pro-14-2024.jpg,,,36GB,M4 Pro 12-Core CPU 16-Core GPU,MINT,0,0,1300.0
Laptops,Apple,"MacBook Pro 14"" (2024)","A3112, A3185, A3401",https://www.sellcell.com/assets/images/devices/009/macbook-pro-14-2024.jpg,,,48GB,M4 Pro 12-Core CPU 16-Core GPU,FAULTY,0,0,315.0
Laptops,Apple,"MacBook Pro 14"" (2024)","A3112, A3185, A3401",https://www.sellcell.com/assets/images/devices/009/macbook-pro-14-2024.jpg,,,36GB,M4 Pro 12-Core CPU 16-Core GPU,POOR,0,0,0
Laptops,Apple,"MacBook Pro 14"" (2024)","A3112, A3185, A3401",https://www.sellcell.com/assets/images/devices/009/macbook-pro-14-2024.jpg,,,48GB,M4 Pro 12-Core CPU 16-Core GPU,GOOD,0,0,1425.0
Laptops,Apple,"MacBook Pro 14"" (2024)","A3112, A3185, A3401",https://www.sellcell.com/assets/images/devices/009/macbook-pro-14-2024.jpg,,,24GB,M4 Max 14-Core CPU 32-Core GPU,MINT,0,0,1900.0
Laptops,Apple,"MacBook Pro 14"" (2024)","A3112, A3185, A3401",https://www.sellcell.com/assets/images/devices/009/macbook-pro-14-2024.jpg,,,24GB,M4 Pro 12-Core CPU 16-Core GPU,POOR,0,0,935.0
Laptops,Apple,"MacBook Pro 14"" (2024)","A3112, A3185, A3401",https://www.sellcell.com/assets/images/devices/009/macbook-pro-14-2024.jpg,,,16GB,M4 Pro 12-Core CPU 16-Core GPU,FAULTY,0,0,0
Laptops,Apple,"MacBook Pro 14"" (2024)","A3112, A3185, A3401",https://www.sellcell.com/assets/images/devices/009/macbook-pro-14-2024.jpg,,,32GB,M4 Pro 12-Core CPU 16-Core GPU,GOOD,0,0,1105.0
Laptops,Apple,"MacBook Pro 14"" (2024)","A3112, A3185, A3401",https://www.sellcell.com/assets/images/devices/009/macbook-pro-14-2024.jpg,,,48GB,M4 Pro 12-Core CPU 16-Core GPU,MINT,0,0,1590.0
Laptops,Apple,"MacBook Pro 14"" (2024)","A3112, A3185, A3401",https://www.sellcell.com/assets/images/devices/009/macbook-pro-14-2024.jpg,,,32GB,M4 Pro 12-Core CPU 16-Core GPU,POOR,0,0,0
Laptops,Apple,"MacBook Pro 14"" (2024)","A3112, A3185, A3401",https://www.sellcell.com/assets/images/devices/009/macbook-pro-14-2024.jpg,,,32GB,M4 Pro 12-Core CPU 16-Core GPU,FAULTY,0,0,0
Laptops,Apple,"MacBook Pro 14"" (2024)","A3112, A3185, A3401",https://www.sellcell.com/assets/images/devices/009/macbook-pro-14-2024.jpg,,,24GB,M4 Pro 12-Core CPU 16-Core GPU,GOOD,0,0,1125.0
Laptops,Apple,"MacBook Pro 14"" (2024)","A3112, A3185, A3401",https://www.sellcell.com/assets/images/devices/009/macbook-pro-14-2024.jpg,,,32GB,M4 Pro 12-Core CPU 16-Core GPU,MINT,0,0,1300.0
Laptops,Apple,"MacBook Pro 14"" (2024)","A3112, A3185, A3401",https://www.sellcell.com/assets/images/devices/009/macbook-pro-14-2024.jpg,,,24GB,M4 Pro 12-Core CPU 16-Core GPU,MINT,0,0,1300.0
Laptops,Apple,"MacBook Pro 14"" (2021)",A2442,https://www.sellcell.com/assets/images/devices/009/macbook-pro-14-2021.jpg,,,64GB,M1 Pro 8-Core CPU 14-Core GPU,GOOD,0,0,416.5
Laptops,Apple,"MacBook Pro 14"" (2021)",A2442,https://www.sellcell.com/assets/images/devices/009/macbook-pro-14-2021.jpg,,,64GB,M1 Pro 8-Core CPU 14-Core GPU,POOR,0,0,0
Laptops,Apple,"MacBook Pro 14"" (2024)","A3112, A3185, A3401",https://www.sellcell.com/assets/images/devices/009/macbook-pro-14-2024.jpg,,,16GB,M4 Pro 12-Core CPU 16-Core GPU,GOOD,0,0,1105.0
Laptops,Apple,"MacBook Pro 14"" (2021)",A2442,https://www.sellcell.com/assets/images/devices/009/macbook-pro-14-2021.jpg,,,16GB,M1 Max 10-Core CPU 24-Core GPU,MINT,0,0,750.0
Laptops,Apple,"MacBook Pro 14"" (2024)","A3112, A3185, A3401",https://www.sellcell.com/assets/images/devices/009/macbook-pro-14-2024.jpg,,,24GB,M4 Pro 12-Core CPU 16-Core GPU,FAULTY,0,0,315.0
Laptops,Apple,"MacBook Pro 14"" (2024)","A3112, A3185, A3401",https://www.sellcell.com/assets/images/devices/009/macbook-pro-14-2024.jpg,,,16GB,M4 Pro 12-Core CPU 16-Core GPU,POOR,0,0,0
Laptops,Apple,"MacBook Pro 14"" (2021)",A2442,https://www.sellcell.com/assets/images/devices/009/macbook-pro-14-2021.jpg,,,16GB,M1 Pro 8-Core CPU 14-Core GPU,FAULTY,0,0,210.0
Laptops,Apple,"MacBook Pro 14"" (2021)",A2442,https://www.sellcell.com/assets/images/devices/009/macbook-pro-14-2021.jpg,,,64GB,M1 Pro 8-Core CPU 14-Core GPU,MINT,0,0,490.0
Laptops,Apple,"MacBook Pro 14"" (2024)","A3112, A3185, A3401",https://www.sellcell.com/assets/images/devices/009/macbook-pro-14-2024.jpg,,,16GB,M4 Pro 12-Core CPU 16-Core GPU,MINT,0,0,1300.0
Laptops,Apple,"MacBook Pro 14"" (2021)",A2442,https://www.sellcell.com/assets/images/devices/009/macbook-pro-14-2021.jpg,,,32GB,M1 Pro 8-Core CPU 14-Core GPU,POOR,0,0,395.0
Laptops,Apple,"MacBook Pro 14"" (2024)","A3112, A3185, A3401",https://www.sellcell.com/assets/images/devices/009/macbook-pro-14-2024.jpg,,,64GB,M4 Pro 12-Core CPU 16-Core GPU,FAULTY,0,0,0
Laptops,Apple,"MacBook Pro 14"" (2021)",A2442,https://www.sellcell.com/assets/images/devices/009/macbook-pro-14-2021.jpg,,,64GB,M1 Pro 8-Core CPU 14-Core GPU,FAULTY,0,0,0
Laptops,Apple,"MacBook Pro 14"" (2021)",A2442,https://www.sellcell.com/assets/images/devices/009/macbook-pro-14-2021.jpg,,,16GB,M1 Pro 8-Core CPU 14-Core GPU,GOOD,0,0,430.0
Laptops,Apple,"MacBook Pro 14"" (2021)",A2442,https://www.sellcell.com/assets/images/devices/009/macbook-pro-14-2021.jpg,,,32GB,M1 Pro 8-Core CPU 14-Core GPU,GOOD,0,0,500.0
Laptops,Apple,"MacBook Pro 14"" (2021)",A2442,https://www.sellcell.com/assets/images/devices/009/macbook-pro-14-2021.jpg,,,32GB,M1 Pro 8-Core CPU 14-Core GPU,FAULTY,0,0,210.0
Laptops,Apple,"MacBook Pro 14"" (2021)",A2442,https://www.sellcell.com/assets/images/devices/009/macbook-pro-14-2021.jpg,,,64GB,M1 Pro 10-Core CPU 14-Core GPU,MINT,0,0,550.0
Laptops,Apple,"MacBook Pro 14"" (2021)",A2442,https://www.sellcell.com/assets/images/devices/009/macbook-pro-14-2021.jpg,,,16GB,M1 Pro 8-Core CPU 14-Core GPU,POOR,0,0,348.0
Laptops,Apple,"MacBook Pro 14"" (2021)",A2442,https://www.sellcell.com/assets/images/devices/009/macbook-pro-14-2021.jpg,,,16GB,M1 Pro 8-Core CPU 14-Core GPU,MINT,0,0,536.0
Laptops,Apple,"MacBook Pro 14"" (2021)",A2442,https://www.sellcell.com/assets/images/devices/009/macbook-pro-14-2021.jpg,,,16GB,M1 Max 10-Core CPU 24-Core GPU,GOOD,0,0,637.5
Laptops,Apple,"MacBook Pro 14"" (2021)",A2442,https://www.sellcell.com/assets/images/devices/009/macbook-pro-14-2021.jpg,,,32GB,M1 Pro 10-Core CPU 14-Core GPU,FAULTY,0,0,210.0
Laptops,Apple,"MacBook Pro 14"" (2021)",A2442,https://www.sellcell.com/assets/images/devices/009/macbook-pro-14-2021.jpg,,,64GB,M1 Pro 10-Core CPU 14-Core GPU,POOR,0,0,0
Laptops,Apple,"MacBook Pro 14"" (2021)",A2442,https://www.sellcell.com/assets/images/devices/009/macbook-pro-14-2021.jpg,,,32GB,M1 Pro 10-Core CPU 14-Core GPU,POOR,0,0,415.0
Laptops,Apple,"MacBook Pro 14"" (2021)",A2442,https://www.sellcell.com/assets/images/devices/009/macbook-pro-14-2021.jpg,,,64GB,M1 Pro 10-Core CPU 14-Core GPU,FAULTY,0,0,0
Laptops,Apple,"MacBook Pro 14"" (2021)",A2442,https://www.sellcell.com/assets/images/devices/009/macbook-pro-14-2021.jpg,,,64GB,M1 Pro 10-Core CPU 14-Core GPU,GOOD,0,0,467.5
Laptops,Apple,"MacBook Pro 14"" (2021)",A2442,https://www.sellcell.com/assets/images/devices/009/macbook-pro-14-2021.jpg,,,64GB,M1 Pro 10-Core CPU 16-Core GPU,FAULTY,0,0,0
Laptops,Apple,"MacBook Pro 14"" (2021)",A2442,https://www.sellcell.com/assets/images/devices/009/macbook-pro-14-2021.jpg,,,64GB,M1 Pro 10-Core CPU 16-Core GPU,GOOD,0,0,0
Laptops,Apple,"MacBook Pro 14"" (2021)",A2442,https://www.sellcell.com/assets/images/devices/009/macbook-pro-14-2021.jpg,,,32GB,M1 Pro 10-Core CPU 14-Core GPU,GOOD,0,0,520.0
Laptops,Apple,"MacBook Pro 14"" (2021)",A2442,https://www.sellcell.com/assets/images/devices/009/macbook-pro-14-2021.jpg,,,32GB,M1 Pro 10-Core CPU 14-Core GPU,MINT,0,0,605.0
Laptops,Apple,"MacBook Pro 14"" (2021)",A2442,https://www.sellcell.com/assets/images/devices/009/macbook-pro-14-2021.jpg,,,16GB,M1 Pro 10-Core CPU 14-Core GPU,FAULTY,0,0,210.0
Laptops,Apple,"MacBook Pro 14"" (2021)",A2442,https://www.sellcell.com/assets/images/devices/009/macbook-pro-14-2021.jpg,,,64GB,M1 Pro 10-Core CPU 16-Core GPU,POOR,0,0,0
Laptops,Apple,"MacBook Pro 14"" (2021)",A2442,https://www.sellcell.com/assets/images/devices/009/macbook-pro-14-2021.jpg,,,16GB,M1 Pro 10-Core CPU 14-Core GPU,GOOD,0,0,467.5
Laptops,Apple,"MacBook Pro 14"" (2021)",A2442,https://www.sellcell.com/assets/images/devices/009/macbook-pro-14-2021.jpg,,,16GB,M1 Pro 10-Core CPU 14-Core GPU,MINT,0,0,550.0
Laptops,Apple,"MacBook Pro 14"" (2021)",A2442,https://www.sellcell.com/assets/images/devices/009/macbook-pro-14-2021.jpg,,,64GB,M1 Pro 10-Core CPU 16-Core GPU,MINT,0,0,0
Laptops,Apple,"MacBook Pro 14"" (2021)",A2442,https://www.sellcell.com/assets/images/devices/009/macbook-pro-14-2021.jpg,,,16GB,M1 Pro 10-Core CPU 16-Core GPU,FAULTY,0,0,210.0
Laptops,Apple,"MacBook Pro 14"" (2021)",A2442,https://www.sellcell.com/assets/images/devices/009/macbook-pro-14-2021.jpg,,,32GB,M1 Pro 10-Core CPU 16-Core GPU,FAULTY,0,0,210.0
Laptops,Apple,"MacBook Pro 14"" (2021)",A2442,https://www.sellcell.com/assets/images/devices/009/macbook-pro-14-2021.jpg,,,16GB,M1 Pro 10-Core CPU 14-Core GPU,POOR,0,0,345.0
Laptops,Apple,"MacBook Pro 14"" (2021)",A2442,https://www.sellcell.com/assets/images/devices/009/macbook-pro-14-2021.jpg,,,32GB,M1 Pro 10-Core CPU 16-Core GPU,GOOD,0,0,580.0
Laptops,Apple,"MacBook Pro 14"" (2021)",A2442,https://www.sellcell.com/assets/images/devices/009/macbook-pro-14-2021.jpg,,,16GB,M1 Pro 10-Core CPU 16-Core GPU,POOR,0,0,360.0
Laptops,Apple,"MacBook Pro 14"" (2021)",A2442,https://www.sellcell.com/assets/images/devices/009/macbook-pro-14-2021.jpg,,,32GB,M1 Max 10-Core CPU 32-Core GPU,GOOD,0,0,695.0
Laptops,Apple,"MacBook Pro 14"" (2021)",A2442,https://www.sellcell.com/assets/images/devices/009/macbook-pro-14-2021.jpg,,,16GB,M1 Pro 10-Core CPU 16-Core GPU,GOOD,0,0,465.0
Laptops,Apple,"MacBook Pro 14"" (2021)",A2442,https://www.sellcell.com/assets/images/devices/009/macbook-pro-14-2021.jpg,,,64GB,M1 Max 10-Core CPU 32-Core GPU,MINT,0,0,951.0
Laptops,Apple,"MacBook Pro 14"" (2021)",A2442,https://www.sellcell.com/assets/images/devices/009/macbook-pro-14-2021.jpg,,,64GB,M1 Max 10-Core CPU 32-Core GPU,POOR,0,0,700.0
Laptops,Apple,"MacBook Pro 14"" (2021)",A2442,https://www.sellcell.com/assets/images/devices/009/macbook-pro-14-2021.jpg,,,16GB,M1 Pro 10-Core CPU 16-Core GPU,MINT,0,0,551.0
Laptops,Apple,"MacBook Pro 14"" (2021)",A2442,https://www.sellcell.com/assets/images/devices/009/macbook-pro-14-2021.jpg,,,64GB,M1 Max 10-Core CPU 32-Core GPU,GOOD,0,0,825.0
Laptops,Apple,"MacBook Pro 14"" (2021)",A2442,https://www.sellcell.com/assets/images/devices/009/macbook-pro-14-2021.jpg,,,32GB,M1 Max 10-Core CPU 32-Core GPU,POOR,0,0,570.0
Laptops,Apple,"MacBook Pro 14"" (2021)",A2442,https://www.sellcell.com/assets/images/devices/009/macbook-pro-14-2021.jpg,,,16GB,M1 Max 10-Core CPU 32-Core GPU,GOOD,0,0,0
Laptops,Apple,"MacBook Pro 14"" (2021)",A2442,https://www.sellcell.com/assets/images/devices/009/macbook-pro-14-2021.jpg,,,16GB,M1 Max 10-Core CPU 32-Core GPU,POOR,0,0,0
Laptops,Apple,"MacBook Pro 14"" (2021)",A2442,https://www.sellcell.com/assets/images/devices/009/macbook-pro-14-2021.jpg,,,32GB,M1 Max 10-Core CPU 32-Core GPU,FAULTY,0,0,210.0
Laptops,Apple,"MacBook Pro 15"" (2014)",A1398,https://www.sellcell.com/assets/images/devices/008/macbook-pro-15-2014.jpg,,,16GB,i7 2.8GHz,MINT,0,0,80.0
Laptops,Apple,"MacBook Pro 14"" (2021)",A2442,https://www.sellcell.com/assets/images/devices/009/macbook-pro-14-2021.jpg,,,16GB,M1 Max 10-Core CPU 32-Core GPU,MINT,0,0,0
Laptops,Apple,"MacBook Pro 14"" (2021)",A2442,https://www.sellcell.com/assets/images/devices/009/macbook-pro-14-2021.jpg,,,64GB,M1 Max 10-Core CPU 32-Core GPU,FAULTY,0,0,210.0
Laptops,Apple,"MacBook Pro 14"" (2021)",A2442,https://www.sellcell.com/assets/images/devices/009/macbook-pro-14-2021.jpg,,,16GB,M1 Max 10-Core CPU 32-Core GPU,FAULTY,0,0,0
Laptops,Apple,"MacBook Pro 14"" (2021)",A2442,https://www.sellcell.com/assets/images/devices/009/macbook-pro-14-2021.jpg,,,32GB,M1 Max 10-Core CPU 32-Core GPU,MINT,0,0,821.0
Laptops,Apple,"MacBook Pro 15"" (2014)",A1398,https://www.sellcell.com/assets/images/devices/008/macbook-pro-15-2014.jpg,,,16GB,i7 2.8GHz,GOOD,0,0,60.0
Laptops,Apple,"MacBook Pro 15"" (2014)",A1398,https://www.sellcell.com/assets/images/devices/008/macbook-pro-15-2014.jpg,,,16GB,i7 2.2GHz,POOR,0,0,13.0
Laptops,Apple,"MacBook Pro 15"" (2014)",A1398,https://www.sellcell.com/assets/images/devices/008/macbook-pro-15-2014.jpg,,,16GB,i7 2.2GHz,MINT,0,0,50.0
Laptops,Apple,"MacBook Pro 15"" (2014)",A1398,https://www.sellcell.com/assets/images/devices/008/macbook-pro-15-2014.jpg,,,16GB,i7 2.5GHz,FAULTY,0,0,0
Laptops,Apple,"MacBook Pro 15"" (2014)",A1398,https://www.sellcell.com/assets/images/devices/008/macbook-pro-15-2014.jpg,,,16GB,i7 2.5GHz,GOOD,0,0,50.0
Laptops,Apple,"MacBook Pro 14"" (2021)",A2442,https://www.sellcell.com/assets/images/devices/009/macbook-pro-14-2021.jpg,,,32GB,M1 Pro 8-Core CPU 14-Core GPU,MINT,0,0,606.0
Laptops,Apple,"MacBook Pro 15"" (2014)",A1398,https://www.sellcell.com/assets/images/devices/008/macbook-pro-15-2014.jpg,,,16GB,i7 2.2GHz,FAULTY,0,0,0
Laptops,Apple,"MacBook Pro 15"" (2014)",A1398,https://www.sellcell.com/assets/images/devices/008/macbook-pro-15-2014.jpg,,,16GB,i7 2.2GHz,GOOD,0,0,30.0
Laptops,Apple,"MacBook Air 15"" (2025)",A3241,https://www.sellcell.com/assets/images/devices/009/macbook-air-15-2025.jpg,,,32GB,M4 10-Core CPU 10-Core GPU,GOOD,0,0,700.0
Laptops,Apple,"MacBook Air 15"" (2025)",A3241,https://www.sellcell.com/assets/images/devices/009/macbook-air-15-2025.jpg,,,32GB,M4 10-Core CPU 10-Core GPU,MINT,0,0,822.0
Laptops,Apple,"MacBook Air 15"" (2025)",A3241,https://www.sellcell.com/assets/images/devices/009/macbook-air-15-2025.jpg,,,32GB,M4 10-Core CPU 10-Core GPU,POOR,0,0,570.0
Laptops,Apple,"MacBook Pro 14"" (2021)",A2442,https://www.sellcell.com/assets/images/devices/009/macbook-pro-14-2021.jpg,,,32GB,M1 Pro 10-Core CPU 16-Core GPU,MINT,0,0,665.0
Laptops,Apple,"MacBook Pro 15"" (2014)",A1398,https://www.sellcell.com/assets/images/devices/008/macbook-pro-15-2014.jpg,,,16GB,i7 2.5GHz,MINT,0,0,70.0
Laptops,Apple,"MacBook Air 15"" (2025)",A3241,https://www.sellcell.com/assets/images/devices/009/macbook-air-15-2025.jpg,,,24GB,M4 10-Core CPU 10-Core GPU,POOR,0,0,449.0
Laptops,Apple,"MacBook Air 15"" (2025)",A3241,https://www.sellcell.com/assets/images/devices/009/macbook-air-15-2025.jpg,,,24GB,M4 10-Core CPU 10-Core GPU,MINT,0,0,691.0
Laptops,Apple,"MacBook Pro 15"" (2014)",A1398,https://www.sellcell.com/assets/images/devices/008/macbook-pro-15-2014.jpg,,,16GB,i7 2.5GHz,POOR,0,0,25.0
Laptops,Apple,"MacBook Air 15"" (2025)",A3241,https://www.sellcell.com/assets/images/devices/009/macbook-air-15-2025.jpg,,,16GB,M4 10-Core CPU 10-Core GPU,POOR,0,0,400.0
Laptops,Apple,"MacBook Air 15"" (2025)",A3241,https://www.sellcell.com/assets/images/devices/009/macbook-air-15-2025.jpg,,,24GB,M4 10-Core CPU 10-Core GPU,FAULTY,0,0,210.0
Laptops,Apple,"MacBook Air 15"" (2025)",A3241,https://www.sellcell.com/assets/images/devices/009/macbook-air-15-2025.jpg,,,24GB,M4 10-Core CPU 10-Core GPU,GOOD,0,0,575.0
Laptops,Apple,"MacBook Air 15"" (2025)",A3241,https://www.sellcell.com/assets/images/devices/009/macbook-air-15-2025.jpg,,,16GB,M4 10-Core CPU 10-Core GPU,FAULTY,0,0,210.0
Laptops,Apple,"MacBook Pro 15"" (2013)",A1398,https://www.sellcell.com/assets/images/devices/008/macbook-pro-15-2013.jpg,,,16GB,i7 2.8GHz,GOOD,0,0,45.0
Laptops,Apple,"MacBook Pro 15"" (2013)",A1398,https://www.sellcell.com/assets/images/devices/008/macbook-pro-15-2013.jpg,,,16GB,i7 2.8GHz,POOR,0,0,35.0
Laptops,Apple,"MacBook Air 15"" (2025)",A3241,https://www.sellcell.com/assets/images/devices/009/macbook-air-15-2025.jpg,,,16GB,M4 10-Core CPU 10-Core GPU,GOOD,0,0,569.5
Laptops,Apple,"MacBook Pro 15"" (2013)",A1398,https://www.sellcell.com/assets/images/devices/008/macbook-pro-15-2013.jpg,,,8GB,i7 2.8GHz,FAULTY,0,0,0
Laptops,Apple,"MacBook Pro 15"" (2013)",A1398,https://www.sellcell.com/assets/images/devices/008/macbook-pro-15-2013.jpg,,,16GB,i7 2.8GHz,MINT,0,0,60.0
Laptops,Apple,"MacBook Pro 15"" (2013)",A1398,https://www.sellcell.com/assets/images/devices/008/macbook-pro-15-2013.jpg,,,8GB,i7 2.8GHz,POOR,0,0,25.0
Laptops,Apple,"MacBook Pro 15"" (2013)",A1398,https://www.sellcell.com/assets/images/devices/008/macbook-pro-15-2013.jpg,,,8GB,i7 2.8GHz,MINT,0,0,50.0
Laptops,Apple,"MacBook Pro 15"" (2013)",A1398,https://www.sellcell.com/assets/images/devices/008/macbook-pro-15-2013.jpg,,,16GB,i7 2.7GHz,GOOD,0,0,35.0
Laptops,Apple,"MacBook Pro 15"" (2013)",A1398,https://www.sellcell.com/assets/images/devices/008/macbook-pro-15-2013.jpg,,,16GB,i7 2.7GHz,FAULTY,0,0,0
Laptops,Apple,"MacBook Pro 15"" (2013)",A1398,https://www.sellcell.com/assets/images/devices/008/macbook-pro-15-2013.jpg,,,16GB,i7 2.7GHz,MINT,0,0,50.0
Laptops,Apple,"MacBook Pro 15"" (2013)",A1398,https://www.sellcell.com/assets/images/devices/008/macbook-pro-15-2013.jpg,,,8GB,i7 2.7GHz,POOR,0,0,15.0
Laptops,Apple,"MacBook Pro 15"" (2013)",A1398,https://www.sellcell.com/assets/images/devices/008/macbook-pro-15-2013.jpg,,,8GB,i7 2.7GHz,FAULTY,0,0,0
Laptops,Apple,"MacBook Air 15"" (2025)",A3241,https://www.sellcell.com/assets/images/devices/009/macbook-air-15-2025.jpg,,,16GB,M4 10-Core CPU 10-Core GPU,MINT,0,0,670.0
Laptops,Apple,"MacBook Pro 15"" (2013)",A1398,https://www.sellcell.com/assets/images/devices/008/macbook-pro-15-2013.jpg,,,16GB,i7 2.6GHz,GOOD,0,0,65.0
Laptops,Apple,"MacBook Pro 15"" (2013)",A1398,https://www.sellcell.com/assets/images/devices/008/macbook-pro-15-2013.jpg,,,8GB,i7 2.8GHz,GOOD,0,0,35.0
Laptops,Apple,"MacBook Pro 15"" (2013)",A1398,https://www.sellcell.com/assets/images/devices/008/macbook-pro-15-2013.jpg,,,8GB,i7 2.7GHz,GOOD,0,0,25.0
Laptops,Apple,"MacBook Pro 15"" (2013)",A1398,https://www.sellcell.com/assets/images/devices/008/macbook-pro-15-2013.jpg,,,16GB,i7 2.6GHz,MINT,0,0,80.0
Laptops,Apple,"MacBook Pro 15"" (2013)",A1398,https://www.sellcell.com/assets/images/devices/008/macbook-pro-15-2013.jpg,,,16GB,i7 2.6GHz,FAULTY,0,0,0
Laptops,Apple,"MacBook Pro 15"" (2013)",A1398,https://www.sellcell.com/assets/images/devices/008/macbook-pro-15-2013.jpg,,,8GB,i7 2.7GHz,MINT,0,0,40.0
Laptops,Apple,"MacBook Pro 15"" (2013)",A1398,https://www.sellcell.com/assets/images/devices/008/macbook-pro-15-2013.jpg,,,16GB,i7 2.6GHz,POOR,0,0,45.0
Laptops,Apple,"MacBook Pro 15"" (2013)",A1398,https://www.sellcell.com/assets/images/devices/008/macbook-pro-15-2013.jpg,,,8GB,i7 2.6GHz,POOR,0,0,35.0
Laptops,Apple,"MacBook Pro 15"" (2013)",A1398,https://www.sellcell.com/assets/images/devices/008/macbook-pro-15-2013.jpg,,,16GB,i7 2.4GHz,FAULTY,0,0,0
Laptops,Apple,"MacBook Pro 15"" (2013)",A1398,https://www.sellcell.com/assets/images/devices/008/macbook-pro-15-2013.jpg,,,8GB,i7 2.6GHz,MINT,0,0,70.0
Laptops,Apple,"MacBook Pro 15"" (2013)",A1398,https://www.sellcell.com/assets/images/devices/008/macbook-pro-15-2013.jpg,,,16GB,i7 2.7GHz,POOR,0,0,25.0
Laptops,Apple,"MacBook Pro 15"" (2013)",A1398,https://www.sellcell.com/assets/images/devices/008/macbook-pro-15-2013.jpg,,,8GB,i7 2.6GHz,GOOD,0,0,55.0
Laptops,Apple,"MacBook Pro 15"" (2013)",A1398,https://www.sellcell.com/assets/images/devices/008/macbook-pro-15-2013.jpg,,,16GB,i7 2.4GHz,GOOD,0,0,25.0
Laptops,Apple,"MacBook Pro 15"" (2013)",A1398,https://www.sellcell.com/assets/images/devices/008/macbook-pro-15-2013.jpg,,,8GB,i7 2.4GHz,POOR,0,0,5.0
Laptops,Apple,"MacBook Pro 15"" (2013)",A1398,https://www.sellcell.com/assets/images/devices/008/macbook-pro-15-2013.jpg,,,16GB,i7 2.3GHz,POOR,0,0,35.0
Laptops,Apple,"MacBook Pro 15"" (2013)",A1398,https://www.sellcell.com/assets/images/devices/008/macbook-pro-15-2013.jpg,,,16GB,i7 2.3GHz,GOOD,0,0,55.0
Laptops,Apple,"MacBook Pro 15"" (2013)",A1398,https://www.sellcell.com/assets/images/devices/008/macbook-pro-15-2013.jpg,,,8GB,i7 2.4GHz,FAULTY,0,0,0
Laptops,Apple,"MacBook Pro 15"" (2013)",A1398,https://www.sellcell.com/assets/images/devices/008/macbook-pro-15-2013.jpg,,,8GB,i7 2.6GHz,FAULTY,0,0,0
Laptops,Apple,"MacBook Pro 15"" (2013)",A1398,https://www.sellcell.com/assets/images/devices/008/macbook-pro-15-2013.jpg,,,8GB,i7 2.4GHz,GOOD,0,0,15.0
Laptops,Apple,"MacBook Pro 15"" (2013)",A1398,https://www.sellcell.com/assets/images/devices/008/macbook-pro-15-2013.jpg,,,8GB,i7 2.3GHz,POOR,0,0,25.0
Laptops,Apple,"MacBook Pro 15"" (2013)",A1398,https://www.sellcell.com/assets/images/devices/008/macbook-pro-15-2013.jpg,,,8GB,i7 2.3GHz,FAULTY,0,0,0
Laptops,Apple,"MacBook Pro 15"" (2013)",A1398,https://www.sellcell.com/assets/images/devices/008/macbook-pro-15-2013.jpg,,,8GB,i7 2.4GHz,MINT,0,0,30.0
Laptops,Apple,"MacBook Pro 15"" (2013)",A1398,https://www.sellcell.com/assets/images/devices/008/macbook-pro-15-2013.jpg,,,16GB,i7 2.3GHz,FAULTY,0,0,0
Laptops,Apple,"MacBook Pro 15"" (2013)",A1398,https://www.sellcell.com/assets/images/devices/008/macbook-pro-15-2013.jpg,,,16GB,i7 2.8GHz,FAULTY,0,0,0
Laptops,Apple,"MacBook Pro 15"" (2013)",A1398,https://www.sellcell.com/assets/images/devices/008/macbook-pro-15-2013.jpg,,,16GB,i7 2.4GHz,POOR,0,0,15.0
Laptops,Apple,"MacBook Pro 15"" (2013)",A1398,https://www.sellcell.com/assets/images/devices/008/macbook-pro-15-2013.jpg,,,16GB,i7 2.0GHz,GOOD,0,0,30.0
Laptops,Apple,"MacBook Pro 15"" (2013)",A1398,https://www.sellcell.com/assets/images/devices/008/macbook-pro-15-2013.jpg,,,16GB,i7 2.0GHz,FAULTY,0,0,0
Laptops,Apple,"MacBook Pro 15"" (2013)",A1398,https://www.sellcell.com/assets/images/devices/008/macbook-pro-15-2013.jpg,,,16GB,i7 2.4GHz,MINT,0,0,40.0
Laptops,Apple,"MacBook Pro 15"" (2013)",A1398,https://www.sellcell.com/assets/images/devices/008/macbook-pro-15-2013.jpg,,,8GB,i7 2.3GHz,GOOD,0,0,45.0
Laptops,Apple,"MacBook Pro 15"" (2013)",A1398,https://www.sellcell.com/assets/images/devices/008/macbook-pro-15-2013.jpg,,,8GB,i7 2.0GHz,FAULTY,0,0,0
Laptops,Apple,"MacBook Pro 15"" (2013)",A1398,https://www.sellcell.com/assets/images/devices/008/macbook-pro-15-2013.jpg,,,8GB,i7 2.0GHz,POOR,0,0,0
Laptops,Apple,"MacBook Pro 15"" (2013)",A1398,https://www.sellcell.com/assets/images/devices/008/macbook-pro-15-2013.jpg,,,16GB,i7 2.0GHz,MINT,0,0,45.0
Laptops,Apple,"MacBook Pro 15"" (2013)",A1398,https://www.sellcell.com/assets/images/devices/008/macbook-pro-15-2013.jpg,,,16GB,i7 2.3GHz,MINT,0,0,70.0
Laptops,Apple,"MacBook Pro 15"" (2013)",A1398,https://www.sellcell.com/assets/images/devices/008/macbook-pro-15-2013.jpg,,,16GB,i7 2.0GHz,POOR,0,0,10.0
Laptops,Apple,"MacBook Pro 13"" (2016)","A1706, A1708",https://www.sellcell.com/assets/images/devices/008/macbook-pro-13-2016.jpg,,,8GB,i7 3.3GHz,MINT,0,0,131.0
Laptops,Apple,"MacBook Pro 13"" (2016)","A1706, A1708",https://www.sellcell.com/assets/images/devices/008/macbook-pro-13-2016.jpg,,,8GB,i7 3.3GHz,FAULTY,0,0,18.0
Laptops,Apple,"MacBook Pro 13"" (2016)","A1706, A1708",https://www.sellcell.com/assets/images/devices/008/macbook-pro-13-2016.jpg,,,16GB,i7 2.4GHz,FAULTY,0,0,16.0
Laptops,Apple,"MacBook Pro 15"" (2013)",A1398,https://www.sellcell.com/assets/images/devices/008/macbook-pro-15-2013.jpg,,,8GB,i7 2.0GHz,MINT,0,0,35.0
Laptops,Apple,"MacBook Pro 13"" (2016)","A1706, A1708",https://www.sellcell.com/assets/images/devices/008/macbook-pro-13-2016.jpg,,,8GB,i7 3.3GHz,GOOD,0,0,100.0
Laptops,Apple,"MacBook Pro 13"" (2016)","A1706, A1708",https://www.sellcell.com/assets/images/devices/008/macbook-pro-13-2016.jpg,,,16GB,i7 3.3GHz,MINT,0,0,151.0
Laptops,Apple,"MacBook Pro 13"" (2016)","A1706, A1708",https://www.sellcell.com/assets/images/devices/008/macbook-pro-13-2016.jpg,,,8GB,i7 3.3GHz,POOR,0,0,78.0
Laptops,Apple,"MacBook Pro 13"" (2016)","A1706, A1708",https://www.sellcell.com/assets/images/devices/008/macbook-pro-13-2016.jpg,,,8GB,i7 2.4GHz,POOR,0,0,68.0
Laptops,Apple,"MacBook Pro 13"" (2016)","A1706, A1708",https://www.sellcell.com/assets/images/devices/008/macbook-pro-13-2016.jpg,,,8GB,i7 2.4GHz,MINT,0,0,108.0
Laptops,Apple,"MacBook Pro 15"" (2013)",A1398,https://www.sellcell.com/assets/images/devices/008/macbook-pro-15-2013.jpg,,,8GB,i7 2.0GHz,GOOD,0,0,20.0
Laptops,Apple,"MacBook Pro 13"" (2016)","A1706, A1708",https://www.sellcell.com/assets/images/devices/008/macbook-pro-13-2016.jpg,,,8GB,i7 2.4GHz,GOOD,0,0,98.0
Laptops,Apple,"MacBook Pro 13"" (2016)","A1706, A1708",https://www.sellcell.com/assets/images/devices/008/macbook-pro-13-2016.jpg,,,16GB,i7 2.4GHz,MINT,0,0,121.0
Laptops,Apple,"MacBook Pro 13"" (2016)","A1706, A1708",https://www.sellcell.com/assets/images/devices/008/macbook-pro-13-2016.jpg,,,16GB,i7 2.4GHz,GOOD,0,0,101.0
Laptops,Apple,"MacBook Pro 13"" (2016)","A1706, A1708",https://www.sellcell.com/assets/images/devices/008/macbook-pro-13-2016.jpg,,,16GB,i5 3.1GHz,FAULTY,0,0,18.0
Laptops,Apple,"MacBook Pro 13"" (2016)","A1706, A1708",https://www.sellcell.com/assets/images/devices/008/macbook-pro-13-2016.jpg,,,16GB,i7 2.4GHz,POOR,0,0,72.0
Laptops,Apple,"MacBook Pro 13"" (2016)","A1706, A1708",https://www.sellcell.com/assets/images/devices/008/macbook-pro-13-2016.jpg,,,8GB,i5 3.1GHz,FAULTY,0,0,15.0
Laptops,Apple,"MacBook Pro 13"" (2016)","A1706, A1708",https://www.sellcell.com/assets/images/devices/008/macbook-pro-13-2016.jpg,,,8GB,i5 3.1GHz,MINT,0,0,111.0
Laptops,Apple,"MacBook Pro 13"" (2016)","A1706, A1708",https://www.sellcell.com/assets/images/devices/008/macbook-pro-13-2016.jpg,,,16GB,i5 3.1GHz,POOR,0,0,78.0
Laptops,Apple,"MacBook Pro 13"" (2016)","A1706, A1708",https://www.sellcell.com/assets/images/devices/008/macbook-pro-13-2016.jpg,,,8GB,i5 3.1GHz,POOR,0,0,66.0
Laptops,Apple,"MacBook Pro 13"" (2016)","A1706, A1708",https://www.sellcell.com/assets/images/devices/008/macbook-pro-13-2016.jpg,,,16GB,i5 2.9GHz,FAULTY,0,0,16.0
Laptops,Apple,"MacBook Pro 13"" (2016)","A1706, A1708",https://www.sellcell.com/assets/images/devices/008/macbook-pro-13-2016.jpg,,,16GB,i5 3.1GHz,GOOD,0,0,106.0
Laptops,Apple,"MacBook Pro 13"" (2016)","A1706, A1708",https://www.sellcell.com/assets/images/devices/008/macbook-pro-13-2016.jpg,,,16GB,i5 3.1GHz,MINT,0,0,131.0
Laptops,Apple,"MacBook Pro 13"" (2016)","A1706, A1708",https://www.sellcell.com/assets/images/devices/008/macbook-pro-13-2016.jpg,,,8GB,i5 2.9GHz,GOOD,0,0,81.0
Laptops,Apple,"MacBook Pro 13"" (2016)","A1706, A1708",https://www.sellcell.com/assets/images/devices/008/macbook-pro-13-2016.jpg,,,8GB,i7 2.4GHz,FAULTY,0,0,14.0
Laptops,Apple,"MacBook Pro 13"" (2016)","A1706, A1708",https://www.sellcell.com/assets/images/devices/008/macbook-pro-13-2016.jpg,,,8GB,i5 3.1GHz,GOOD,0,0,87.0
Laptops,Apple,"MacBook Pro 13"" (2016)","A1706, A1708",https://www.sellcell.com/assets/images/devices/008/macbook-pro-13-2016.jpg,,,8GB,i5 2.9GHz,POOR,0,0,60.0
Laptops,Apple,"MacBook Pro 13"" (2016)","A1706, A1708",https://www.sellcell.com/assets/images/devices/008/macbook-pro-13-2016.jpg,,,16GB,i5 2.9GHz,MINT,0,0,121.0
Laptops,Apple,"MacBook Pro 13"" (2016)","A1706, A1708",https://www.sellcell.com/assets/images/devices/008/macbook-pro-13-2016.jpg,,,16GB,i5 2.9GHz,POOR,0,0,73.0
Laptops,Apple,"MacBook Pro 13"" (2016)","A1706, A1708",https://www.sellcell.com/assets/images/devices/008/macbook-pro-13-2016.jpg,,,16GB,i5 2.0GHz,FAULTY,0,0,14.0
Laptops,Apple,"MacBook Pro 13"" (2016)","A1706, A1708",https://www.sellcell.com/assets/images/devices/008/macbook-pro-13-2016.jpg,,,8GB,i5 2.9GHz,FAULTY,0,0,14.0
Laptops,Apple,"MacBook Pro 13"" (2016)","A1706, A1708",https://www.sellcell.com/assets/images/devices/008/macbook-pro-13-2016.jpg,,,8GB,i5 2.9GHz,MINT,0,0,101.0
Laptops,Apple,"MacBook Pro 13"" (2016)","A1706, A1708",https://www.sellcell.com/assets/images/devices/008/macbook-pro-13-2016.jpg,,,16GB,i5 2.9GHz,GOOD,0,0,101.0
Laptops,Apple,"MacBook Air 13"" (2026)",A3449,https://www.sellcell.com/assets/images/devices/009/macbook-air-13-2026.jpg,,,32GB,M5 10-Core CPU 8-Core GPU,POOR,0,0,0
Laptops,Apple,"MacBook Pro 13"" (2016)","A1706, A1708",https://www.sellcell.com/assets/images/devices/008/macbook-pro-13-2016.jpg,,,8GB,i5 2.0GHz,FAULTY,0,0,12.0
Laptops,Apple,"MacBook Pro 13"" (2016)","A1706, A1708",https://www.sellcell.com/assets/images/devices/008/macbook-pro-13-2016.jpg,,,16GB,i5 2.0GHz,GOOD,0,0,79.0
Laptops,Apple,"MacBook Pro 13"" (2016)","A1706, A1708",https://www.sellcell.com/assets/images/devices/008/macbook-pro-13-2016.jpg,,,8GB,i5 2.0GHz,POOR,0,0,52.0
Laptops,Apple,"MacBook Pro 13"" (2016)","A1706, A1708",https://www.sellcell.com/assets/images/devices/008/macbook-pro-13-2016.jpg,,,8GB,i5 2.0GHz,MINT,0,0,86.0
Laptops,Apple,"MacBook Pro 13"" (2016)","A1706, A1708",https://www.sellcell.com/assets/images/devices/008/macbook-pro-13-2016.jpg,,,16GB,i5 2.0GHz,POOR,0,0,63.0
Laptops,Apple,"MacBook Air 13"" (2026)",A3449,https://www.sellcell.com/assets/images/devices/009/macbook-air-13-2026.jpg,,,32GB,M5 10-Core CPU 8-Core GPU,GOOD,0,0,552.5
Laptops,Apple,"MacBook Pro 13"" (2016)","A1706, A1708",https://www.sellcell.com/assets/images/devices/008/macbook-pro-13-2016.jpg,,,8GB,i5 2.0GHz,GOOD,0,0,72.0
Laptops,Apple,"MacBook Air 13"" (2026)",A3449,https://www.sellcell.com/assets/images/devices/009/macbook-air-13-2026.jpg,,,32GB,M5 10-Core CPU 8-Core GPU,MINT,0,0,650.0
Laptops,Apple,"MacBook Pro 13"" (2016)","A1706, A1708",https://www.sellcell.com/assets/images/devices/008/macbook-pro-13-2016.jpg,,,16GB,i5 2.0GHz,MINT,0,0,106.0
Laptops,Apple,"MacBook Air 13"" (2026)",A3449,https://www.sellcell.com/assets/images/devices/009/macbook-air-13-2026.jpg,,,24GB,M5 10-Core CPU 8-Core GPU,MINT,0,0,650.0
Laptops,Apple,"MacBook Air 13"" (2026)",A3449,https://www.sellcell.com/assets/images/devices/009/macbook-air-13-2026.jpg,,,16GB,M5 10-Core CPU 8-Core GPU,FAULTY,0,0,210.0
Laptops,Apple,"MacBook Air 13"" (2026)",A3449,https://www.sellcell.com/assets/images/devices/009/macbook-air-13-2026.jpg,,,24GB,M5 10-Core CPU 8-Core GPU,FAULTY,0,0,0
Laptops,Apple,"MacBook Air 13"" (2026)",A3449,https://www.sellcell.com/assets/images/devices/009/macbook-air-13-2026.jpg,,,16GB,M5 10-Core CPU 8-Core GPU,POOR,0,0,495.0
Laptops,Apple,"MacBook Air 13"" (2026)",A3449,https://www.sellcell.com/assets/images/devices/009/macbook-air-13-2026.jpg,,,32GB,M5 10-Core CPU 10-Core GPU,POOR,0,0,835.0
Laptops,Apple,"MacBook Air 13"" (2026)",A3449,https://www.sellcell.com/assets/images/devices/009/macbook-air-13-2026.jpg,,,16GB,M5 10-Core CPU 8-Core GPU,MINT,0,0,667.0
Laptops,Apple,"MacBook Pro 14"" (2021)",A2442,https://www.sellcell.com/assets/images/devices/009/macbook-pro-14-2021.jpg,,,32GB,M1 Pro 10-Core CPU 16-Core GPU,POOR,0,0,475.0
Laptops,Apple,"MacBook Air 13"" (2026)",A3449,https://www.sellcell.com/assets/images/devices/009/macbook-air-13-2026.jpg,,,24GB,M5 10-Core CPU 8-Core GPU,GOOD,0,0,552.5
Laptops,Apple,"MacBook Air 13"" (2026)",A3449,https://www.sellcell.com/assets/images/devices/009/macbook-air-13-2026.jpg,,,32GB,M5 10-Core CPU 10-Core GPU,FAULTY,0,0,210.0
Laptops,Apple,"MacBook Air 13"" (2026)",A3449,https://www.sellcell.com/assets/images/devices/009/macbook-air-13-2026.jpg,,,16GB,M5 10-Core CPU 8-Core GPU,GOOD,0,0,591.0
Laptops,Apple,"MacBook Air 13"" (2026)",A3449,https://www.sellcell.com/assets/images/devices/009/macbook-air-13-2026.jpg,,,32GB,M5 10-Core CPU 10-Core GPU,MINT,0,0,1076.0
Laptops,Apple,"MacBook Air 13"" (2026)",A3449,https://www.sellcell.com/assets/images/devices/009/macbook-air-13-2026.jpg,,,16GB,M5 10-Core CPU 10-Core GPU,POOR,0,0,545.0
Laptops,Apple,"MacBook Air 13"" (2026)",A3449,https://www.sellcell.com/assets/images/devices/009/macbook-air-13-2026.jpg,,,24GB,M5 10-Core CPU 10-Core GPU,GOOD,0,0,806.0
Laptops,Apple,"MacBook Air 13"" (2026)",A3449,https://www.sellcell.com/assets/images/devices/009/macbook-air-13-2026.jpg,,,16GB,M5 10-Core CPU 10-Core GPU,GOOD,0,0,645.0
Laptops,Apple,"MacBook Air 13"" (2026)",A3449,https://www.sellcell.com/assets/images/devices/009/macbook-air-13-2026.jpg,,,24GB,M5 10-Core CPU 10-Core GPU,MINT,0,0,926.0
Laptops,Apple,"MacBook Air 13"" (2018)",A1932,https://www.sellcell.com/assets/images/devices/008/macbook-air-13-2018.jpg,,,16GB,i5 1.6GHz,POOR,0,0,87.0
Laptops,Apple,"MacBook Air 13"" (2026)",A3449,https://www.sellcell.com/assets/images/devices/009/macbook-air-13-2026.jpg,,,32GB,M5 10-Core CPU 10-Core GPU,GOOD,0,0,956.0
Laptops,Apple,"MacBook Air 13"" (2018)",A1932,https://www.sellcell.com/assets/images/devices/008/macbook-air-13-2018.jpg,,,16GB,i5 1.6GHz,FAULTY,0,0,19.0
Laptops,Apple,"MacBook Air 13"" (2020)","A2179, A2337",https://www.sellcell.com/assets/images/devices/008/macbook-air-13-2020.jpg,,,16GB,i7 1.2GHz,POOR,0,0,150.0
Laptops,Apple,"MacBook Air 13"" (2018)",A1932,https://www.sellcell.com/assets/images/devices/008/macbook-air-13-2018.jpg,,,16GB,i5 1.6GHz,MINT,0,0,146.0
Laptops,Apple,"MacBook Pro 15"" (2013)",A1398,https://www.sellcell.com/assets/images/devices/008/macbook-pro-15-2013.jpg,,,8GB,i7 2.3GHz,MINT,0,0,60.0
Laptops,Apple,"MacBook Air 13"" (2020)","A2179, A2337",https://www.sellcell.com/assets/images/devices/008/macbook-air-13-2020.jpg,,,16GB,i7 1.2GHz,GOOD,0,0,195.5
Laptops,Apple,"MacBook Air 13"" (2018)",A1932,https://www.sellcell.com/assets/images/devices/008/macbook-air-13-2018.jpg,,,8GB,i5 1.6GHz,FAULTY,0,0,16.0
Laptops,Apple,"MacBook Air 13"" (2018)",A1932,https://www.sellcell.com/assets/images/devices/008/macbook-air-13-2018.jpg,,,8GB,i5 1.6GHz,GOOD,0,0,119.0
Laptops,Apple,"MacBook Air 13"" (2026)",A3449,https://www.sellcell.com/assets/images/devices/009/macbook-air-13-2026.jpg,,,16GB,M5 10-Core CPU 10-Core GPU,FAULTY,0,0,210.0
Laptops,Apple,"MacBook Air 13"" (2018)",A1932,https://www.sellcell.com/assets/images/devices/008/macbook-air-13-2018.jpg,,,16GB,i5 1.6GHz,GOOD,0,0,119.0
Laptops,Apple,"MacBook Air 13"" (2018)",A1932,https://www.sellcell.com/assets/images/devices/008/macbook-air-13-2018.jpg,,,8GB,i5 1.6GHz,POOR,0,0,72.0
Laptops,Apple,"MacBook Air 13"" (2026)",A3449,https://www.sellcell.com/assets/images/devices/009/macbook-air-13-2026.jpg,,,24GB,M5 10-Core CPU 10-Core GPU,POOR,0,0,685.0
Laptops,Apple,"MacBook Air 13"" (2018)",A1932,https://www.sellcell.com/assets/images/devices/008/macbook-air-13-2018.jpg,,,8GB,i5 1.6GHz,MINT,0,0,140.0
Laptops,Apple,"MacBook Air 13"" (2020)","A2179, A2337",https://www.sellcell.com/assets/images/devices/008/macbook-air-13-2020.jpg,,,8GB,i7 1.2GHz,POOR,0,0,130.0
Laptops,Apple,"MacBook Air 13"" (2020)","A2179, A2337",https://www.sellcell.com/assets/images/devices/008/macbook-air-13-2020.jpg,,,16GB,i5 1.1GHz,POOR,0,0,140.0
Laptops,Apple,"MacBook Air 13"" (2020)","A2179, A2337",https://www.sellcell.com/assets/images/devices/008/macbook-air-13-2020.jpg,,,8GB,i7 1.2GHz,GOOD,0,0,195.5
Laptops,Apple,"MacBook Air 13"" (2020)","A2179, A2337",https://www.sellcell.com/assets/images/devices/008/macbook-air-13-2020.jpg,,,8GB,i7 1.2GHz,FAULTY,0,0,28.0
Laptops,Apple,"MacBook Air 13"" (2026)",A3449,https://www.sellcell.com/assets/images/devices/009/macbook-air-13-2026.jpg,,,16GB,M5 10-Core CPU 10-Core GPU,MINT,0,0,771.0
Laptops,Apple,"MacBook Air 13"" (2020)","A2179, A2337",https://www.sellcell.com/assets/images/devices/008/macbook-air-13-2020.jpg,,,16GB,i7 1.2GHz,MINT,0,0,236.0
Laptops,Apple,"MacBook Air 13"" (2020)","A2179, A2337",https://www.sellcell.com/assets/images/devices/008/macbook-air-13-2020.jpg,,,8GB,i5 1.1GHz,POOR,0,0,120.0
Laptops,Apple,"MacBook Air 13"" (2020)","A2179, A2337",https://www.sellcell.com/assets/images/devices/008/macbook-air-13-2020.jpg,,,16GB,i3 1.1GHz,GOOD,0,0,134.0
Laptops,Apple,"MacBook Air 13"" (2020)","A2179, A2337",https://www.sellcell.com/assets/images/devices/008/macbook-air-13-2020.jpg,,,16GB,i3 1.1GHz,FAULTY,0,0,21.0
Laptops,Apple,"MacBook Air 13"" (2020)","A2179, A2337",https://www.sellcell.com/assets/images/devices/008/macbook-air-13-2020.jpg,,,16GB,i3 1.1GHz,POOR,0,0,96.0
Laptops,Apple,"MacBook Air 13"" (2020)","A2179, A2337",https://www.sellcell.com/assets/images/devices/008/macbook-air-13-2020.jpg,,,16GB,i5 1.1GHz,GOOD,0,0,180.0
Laptops,Apple,"MacBook Air 13"" (2020)","A2179, A2337",https://www.sellcell.com/assets/images/devices/008/macbook-air-13-2020.jpg,,,8GB,i5 1.1GHz,MINT,0,0,191.0
Laptops,Apple,"MacBook Air 13"" (2020)","A2179, A2337",https://www.sellcell.com/assets/images/devices/008/macbook-air-13-2020.jpg,,,16GB,i5 1.1GHz,FAULTY,0,0,28.0
Laptops,Apple,"MacBook Air 13"" (2020)","A2179, A2337",https://www.sellcell.com/assets/images/devices/008/macbook-air-13-2020.jpg,,,8GB,i5 1.1GHz,GOOD,0,0,161.5
Laptops,Apple,"MacBook Air 13"" (2020)","A2179, A2337",https://www.sellcell.com/assets/images/devices/008/macbook-air-13-2020.jpg,,,8GB,i5 1.1GHz,FAULTY,0,0,25.0
Laptops,Apple,"MacBook Air 13"" (2020)","A2179, A2337",https://www.sellcell.com/assets/images/devices/008/macbook-air-13-2020.jpg,,,16GB,M1 3.2GHz 7-Core GPU,POOR,0,0,214.0
Laptops,Apple,"MacBook Air 13"" (2020)","A2179, A2337",https://www.sellcell.com/assets/images/devices/008/macbook-air-13-2020.jpg,,,8GB,i3 1.1GHz,FAULTY,0,0,19.0
Laptops,Apple,"MacBook Air 13"" (2020)","A2179, A2337",https://www.sellcell.com/assets/images/devices/008/macbook-air-13-2020.jpg,,,8GB,i3 1.1GHz,POOR,0,0,84.0
Laptops,Apple,"MacBook Air 13"" (2020)","A2179, A2337",https://www.sellcell.com/assets/images/devices/008/macbook-air-13-2020.jpg,,,16GB,M1 3.2GHz 7-Core GPU,GOOD,0,0,256.0
Laptops,Apple,"MacBook Air 13"" (2020)","A2179, A2337",https://www.sellcell.com/assets/images/devices/008/macbook-air-13-2020.jpg,,,16GB,i5 1.1GHz,MINT,0,0,211.0
Laptops,Apple,"MacBook Air 13"" (2020)","A2179, A2337",https://www.sellcell.com/assets/images/devices/008/macbook-air-13-2020.jpg,,,16GB,i3 1.1GHz,MINT,0,0,183.0
Laptops,Apple,"MacBook Air 13"" (2020)","A2179, A2337",https://www.sellcell.com/assets/images/devices/008/macbook-air-13-2020.jpg,,,8GB,i7 1.2GHz,MINT,0,0,230.0
Laptops,Apple,"MacBook Air 13"" (2020)","A2179, A2337",https://www.sellcell.com/assets/images/devices/008/macbook-air-13-2020.jpg,,,8GB,i3 1.1GHz,MINT,0,0,150.0
Laptops,Apple,"MacBook Air 13"" (2020)","A2179, A2337",https://www.sellcell.com/assets/images/devices/008/macbook-air-13-2020.jpg,,,8GB,M1 3.2GHz 7-Core GPU,MINT,0,0,275.0
Laptops,Apple,"MacBook Air 13"" (2020)","A2179, A2337",https://www.sellcell.com/assets/images/devices/008/macbook-air-13-2020.jpg,,,16GB,M1 3.2GHz 7-Core GPU,MINT,0,0,296.0
Laptops,Apple,"MacBook Air 13"" (2020)","A2179, A2337",https://www.sellcell.com/assets/images/devices/008/macbook-air-13-2020.jpg,,,8GB,M1 3.2GHz 7-Core GPU,FAULTY,0,0,33.0
Laptops,Apple,"MacBook Air 13"" (2020)","A2179, A2337",https://www.sellcell.com/assets/images/devices/008/macbook-air-13-2020.jpg,,,16GB,M1 3.2GHz 8-Core GPU,POOR,0,0,245.0
Laptops,Apple,"MacBook Air 13"" (2020)","A2179, A2337",https://www.sellcell.com/assets/images/devices/008/macbook-air-13-2020.jpg,,,8GB,M1 3.2GHz 7-Core GPU,POOR,0,0,159.0
Laptops,Apple,"MacBook Air 13"" (2020)","A2179, A2337",https://www.sellcell.com/assets/images/devices/008/macbook-air-13-2020.jpg,,,16GB,M1 3.2GHz 8-Core GPU,FAULTY,0,0,60.0
Laptops,Apple,"MacBook Air 13"" (2020)","A2179, A2337",https://www.sellcell.com/assets/images/devices/008/macbook-air-13-2020.jpg,,,8GB,M1 3.2GHz 8-Core GPU,MINT,0,0,301.0
Laptops,Apple,"MacBook Air 13"" (2020)","A2179, A2337",https://www.sellcell.com/assets/images/devices/008/macbook-air-13-2020.jpg,,,16GB,M1 3.2GHz 8-Core GPU,MINT,0,0,356.0
Laptops,Apple,"MacBook Air 13"" (2020)","A2179, A2337",https://www.sellcell.com/assets/images/devices/008/macbook-air-13-2020.jpg,,,8GB,M1 3.2GHz 8-Core GPU,GOOD,0,0,240.0
Laptops,Apple,"MacBook Air 13"" (2020)","A2179, A2337",https://www.sellcell.com/assets/images/devices/008/macbook-air-13-2020.jpg,,,8GB,M1 3.2GHz 8-Core GPU,POOR,0,0,195.0
Laptops,Apple,"MacBook Air 13"" (2020)","A2179, A2337",https://www.sellcell.com/assets/images/devices/008/macbook-air-13-2020.jpg,,,16GB,M1 3.2GHz 7-Core GPU,FAULTY,0,0,39.0
Laptops,Apple,"MacBook Air 13"" (2026)",A3449,https://www.sellcell.com/assets/images/devices/009/macbook-air-13-2026.jpg,,,24GB,M5 10-Core CPU 8-Core GPU,POOR,0,0,0
Laptops,Apple,"MacBook Air 13"" (2020)","A2179, A2337",https://www.sellcell.com/assets/images/devices/008/macbook-air-13-2020.jpg,,,16GB,M1 3.2GHz 8-Core GPU,GOOD,0,0,290.0
Laptops,Apple,"MacBook Air 13"" (2020)","A2179, A2337",https://www.sellcell.com/assets/images/devices/008/macbook-air-13-2020.jpg,,,8GB,i3 1.1GHz,GOOD,0,0,127.5
Laptops,Apple,"MacBook Pro 14"" (2023)","A2779, A2918, A2992",https://www.sellcell.com/assets/images/devices/009/macbook-pro-14-2023.jpg,,,128GB,M2 Pro 12-Core CPU 19-Core GPU,MINT,0,0,0
Laptops,Apple,"MacBook Air 13"" (2020)","A2179, A2337",https://www.sellcell.com/assets/images/devices/008/macbook-air-13-2020.jpg,,,8GB,M1 3.2GHz 8-Core GPU,FAULTY,0,0,60.0
Laptops,Apple,"MacBook Pro 14"" (2023)","A2779, A2918, A2992",https://www.sellcell.com/assets/images/devices/009/macbook-pro-14-2023.jpg,,,64GB,M2 Pro 12-Core CPU 19-Core GPU,MINT,0,0,0
Laptops,Apple,"MacBook Pro 14"" (2023)","A2779, A2918, A2992",https://www.sellcell.com/assets/images/devices/009/macbook-pro-14-2023.jpg,,,96GB,M2 Pro 12-Core CPU 19-Core GPU,MINT,0,0,0
Laptops,Apple,"MacBook Pro 14"" (2023)","A2779, A2918, A2992",https://www.sellcell.com/assets/images/devices/009/macbook-pro-14-2023.jpg,,,96GB,M2 Pro 12-Core CPU 19-Core GPU,POOR,0,0,0
Laptops,Apple,"MacBook Pro 14"" (2023)","A2779, A2918, A2992",https://www.sellcell.com/assets/images/devices/009/macbook-pro-14-2023.jpg,,,64GB,M2 Pro 12-Core CPU 19-Core GPU,GOOD,0,0,0
Laptops,Apple,"MacBook Pro 14"" (2023)","A2779, A2918, A2992",https://www.sellcell.com/assets/images/devices/009/macbook-pro-14-2023.jpg,,,96GB,M2 Pro 12-Core CPU 19-Core GPU,FAULTY,0,0,0
Laptops,Apple,"MacBook Pro 14"" (2023)","A2779, A2918, A2992",https://www.sellcell.com/assets/images/devices/009/macbook-pro-14-2023.jpg,,,64GB,M2 Pro 12-Core CPU 19-Core GPU,POOR,0,0,0
Laptops,Apple,"MacBook Pro 14"" (2023)","A2779, A2918, A2992",https://www.sellcell.com/assets/images/devices/009/macbook-pro-14-2023.jpg,,,64GB,M2 Pro 12-Core CPU 19-Core GPU,FAULTY,0,0,0
Laptops,Apple,"MacBook Pro 14"" (2023)","A2779, A2918, A2992",https://www.sellcell.com/assets/images/devices/009/macbook-pro-14-2023.jpg,,,96GB,M2 Pro 12-Core CPU 19-Core GPU,GOOD,0,0,0
Laptops,Apple,"MacBook Pro 14"" (2023)","A2779, A2918, A2992",https://www.sellcell.com/assets/images/devices/009/macbook-pro-14-2023.jpg,,,48GB,M2 Pro 12-Core CPU 19-Core GPU,MINT,0,0,0
Laptops,Apple,"MacBook Pro 14"" (2023)","A2779, A2918, A2992",https://www.sellcell.com/assets/images/devices/009/macbook-pro-14-2023.jpg,,,48GB,M2 Pro 12-Core CPU 19-Core GPU,GOOD,0,0,0
Laptops,Apple,"MacBook Pro 14"" (2023)","A2779, A2918, A2992",https://www.sellcell.com/assets/images/devices/009/macbook-pro-14-2023.jpg,,,48GB,M2 Pro 12-Core CPU 19-Core GPU,FAULTY,0,0,0
Laptops,Apple,"MacBook Pro 14"" (2023)","A2779, A2918, A2992",https://www.sellcell.com/assets/images/devices/009/macbook-pro-14-2023.jpg,,,48GB,M2 Pro 12-Core CPU 19-Core GPU,POOR,0,0,0
Laptops,Apple,"MacBook Pro 14"" (2023)","A2779, A2918, A2992",https://www.sellcell.com/assets/images/devices/009/macbook-pro-14-2023.jpg,,,36GB,M2 Pro 12-Core CPU 19-Core GPU,FAULTY,0,0,0
Laptops,Apple,"MacBook Pro 14"" (2023)","A2779, A2918, A2992",https://www.sellcell.com/assets/images/devices/009/macbook-pro-14-2023.jpg,,,32GB,M2 Pro 12-Core CPU 19-Core GPU,MINT,0,0,901.0
Laptops,Apple,"MacBook Pro 14"" (2023)","A2779, A2918, A2992",https://www.sellcell.com/assets/images/devices/009/macbook-pro-14-2023.jpg,,,32GB,M2 Pro 12-Core CPU 19-Core GPU,FAULTY,0,0,210.0
Laptops,Apple,"MacBook Pro 14"" (2023)","A2779, A2918, A2992",https://www.sellcell.com/assets/images/devices/009/macbook-pro-14-2023.jpg,,,24GB,M2 Pro 12-Core CPU 19-Core GPU,POOR,0,0,0
Laptops,Apple,"MacBook Pro 14"" (2023)","A2779, A2918, A2992",https://www.sellcell.com/assets/images/devices/009/macbook-pro-14-2023.jpg,,,24GB,M2 Pro 12-Core CPU 19-Core GPU,MINT,0,0,0
Laptops,Apple,"MacBook Pro 14"" (2023)","A2779, A2918, A2992",https://www.sellcell.com/assets/images/devices/009/macbook-pro-14-2023.jpg,,,32GB,M2 Pro 12-Core CPU 19-Core GPU,POOR,0,0,675.0
Laptops,Apple,"MacBook Air 13"" (2020)","A2179, A2337",https://www.sellcell.com/assets/images/devices/008/macbook-air-13-2020.jpg,,,8GB,M1 3.2GHz 7-Core GPU,GOOD,0,0,233.75
Laptops,Apple,"MacBook Pro 14"" (2023)","A2779, A2918, A2992",https://www.sellcell.com/assets/images/devices/009/macbook-pro-14-2023.jpg,,,24GB,M2 Pro 12-Core CPU 19-Core GPU,GOOD,0,0,0
Laptops,Apple,"MacBook Pro 14"" (2023)","A2779, A2918, A2992",https://www.sellcell.com/assets/images/devices/009/macbook-pro-14-2023.jpg,,,128GB,M2 Pro 12-Core CPU 19-Core GPU,GOOD,0,0,0
Laptops,Apple,"MacBook Pro 14"" (2023)","A2779, A2918, A2992",https://www.sellcell.com/assets/images/devices/009/macbook-pro-14-2023.jpg,,,36GB,M2 Pro 12-Core CPU 19-Core GPU,GOOD,0,0,0
Laptops,Apple,"MacBook Pro 14"" (2023)","A2779, A2918, A2992",https://www.sellcell.com/assets/images/devices/009/macbook-pro-14-2023.jpg,,,32GB,M2 Pro 12-Core CPU 19-Core GPU,GOOD,0,0,825.0
Laptops,Apple,"MacBook Pro 14"" (2023)","A2779, A2918, A2992",https://www.sellcell.com/assets/images/devices/009/macbook-pro-14-2023.jpg,,,18GB,M2 Pro 12-Core CPU 19-Core GPU,MINT,0,0,0
Laptops,Apple,"MacBook Pro 14"" (2023)","A2779, A2918, A2992",https://www.sellcell.com/assets/images/devices/009/macbook-pro-14-2023.jpg,,,18GB,M2 Pro 12-Core CPU 19-Core GPU,FAULTY,0,0,0
Laptops,Apple,"MacBook Pro 14"" (2023)","A2779, A2918, A2992",https://www.sellcell.com/assets/images/devices/009/macbook-pro-14-2023.jpg,,,16GB,M2 Pro 12-Core CPU 19-Core GPU,MINT,0,0,746.0
Laptops,Apple,"MacBook Pro 14"" (2023)","A2779, A2918, A2992",https://www.sellcell.com/assets/images/devices/009/macbook-pro-14-2023.jpg,,,24GB,M2 Pro 12-Core CPU 19-Core GPU,FAULTY,0,0,0
Laptops,Apple,"MacBook Pro 14"" (2023)","A2779, A2918, A2992",https://www.sellcell.com/assets/images/devices/009/macbook-pro-14-2023.jpg,,,16GB,M2 Pro 12-Core CPU 19-Core GPU,FAULTY,0,0,210.0
Laptops,Apple,"MacBook Pro 14"" (2023)","A2779, A2918, A2992",https://www.sellcell.com/assets/images/devices/009/macbook-pro-14-2023.jpg,,,16GB,M2 Pro 12-Core CPU 19-Core GPU,POOR,0,0,520.0
Laptops,Apple,"MacBook Pro 14"" (2023)","A2779, A2918, A2992",https://www.sellcell.com/assets/images/devices/009/macbook-pro-14-2023.jpg,,,18GB,M2 Pro 12-Core CPU 19-Core GPU,GOOD,0,0,0
Laptops,Apple,"MacBook Pro 14"" (2023)","A2779, A2918, A2992",https://www.sellcell.com/assets/images/devices/009/macbook-pro-14-2023.jpg,,,16GB,M2 Pro 12-Core CPU 19-Core GPU,GOOD,0,0,675.0
Laptops,Apple,"MacBook Pro 14"" (2023)","A2779, A2918, A2992",https://www.sellcell.com/assets/images/devices/009/macbook-pro-14-2023.jpg,,,128GB,M3 Pro 12-Core CPU 18-Core GPU,GOOD,0,0,807.5
Laptops,Apple,"MacBook Pro 14"" (2023)","A2779, A2918, A2992",https://www.sellcell.com/assets/images/devices/009/macbook-pro-14-2023.jpg,,,128GB,M3 Pro 12-Core CPU 18-Core GPU,FAULTY,0,0,0
Laptops,Apple,"MacBook Pro 14"" (2023)","A2779, A2918, A2992",https://www.sellcell.com/assets/images/devices/009/macbook-pro-14-2023.jpg,,,128GB,M3 Pro 12-Core CPU 18-Core GPU,POOR,0,0,0
Laptops,Apple,"MacBook Pro 14"" (2023)","A2779, A2918, A2992",https://www.sellcell.com/assets/images/devices/009/macbook-pro-14-2023.jpg,,,8GB,M2 Pro 12-Core CPU 19-Core GPU,MINT,0,0,0
Laptops,Apple,"MacBook Pro 14"" (2023)","A2779, A2918, A2992",https://www.sellcell.com/assets/images/devices/009/macbook-pro-14-2023.jpg,,,128GB,M3 Pro 12-Core CPU 18-Core GPU,MINT,0,0,950.0
Laptops,Apple,"MacBook Pro 14"" (2023)","A2779, A2918, A2992",https://www.sellcell.com/assets/images/devices/009/macbook-pro-14-2023.jpg,,,8GB,M2 Pro 12-Core CPU 19-Core GPU,GOOD,0,0,0
Laptops,Apple,"MacBook Pro 14"" (2023)","A2779, A2918, A2992",https://www.sellcell.com/assets/images/devices/009/macbook-pro-14-2023.jpg,,,8GB,M2 Pro 12-Core CPU 19-Core GPU,FAULTY,0,0,0
Laptops,Apple,"MacBook Pro 14"" (2023)","A2779, A2918, A2992",https://www.sellcell.com/assets/images/devices/009/macbook-pro-14-2023.jpg,,,8GB,M2 Pro 12-Core CPU 19-Core GPU,POOR,0,0,0
Laptops,Apple,"MacBook Pro 14"" (2023)","A2779, A2918, A2992",https://www.sellcell.com/assets/images/devices/009/macbook-pro-14-2023.jpg,,,18GB,M2 Pro 12-Core CPU 19-Core GPU,POOR,0,0,0
Laptops,Apple,"MacBook Pro 14"" (2023)","A2779, A2918, A2992",https://www.sellcell.com/assets/images/devices/009/macbook-pro-14-2023.jpg,,,96GB,M3 Pro 12-Core CPU 18-Core GPU,GOOD,0,0,807.5
Laptops,Apple,"MacBook Pro 14"" (2023)","A2779, A2918, A2992",https://www.sellcell.com/assets/images/devices/009/macbook-pro-14-2023.jpg,,,64GB,M3 Pro 12-Core CPU 18-Core GPU,GOOD,0,0,807.5
Laptops,Apple,"MacBook Pro 14"" (2023)","A2779, A2918, A2992",https://www.sellcell.com/assets/images/devices/009/macbook-pro-14-2023.jpg,,,64GB,M3 Pro 12-Core CPU 18-Core GPU,POOR,0,0,0
Laptops,Apple,"MacBook Pro 14"" (2023)","A2779, A2918, A2992",https://www.sellcell.com/assets/images/devices/009/macbook-pro-14-2023.jpg,,,64GB,M3 Pro 12-Core CPU 18-Core GPU,MINT,0,0,950.0
Laptops,Apple,"MacBook Pro 14"" (2023)","A2779, A2918, A2992",https://www.sellcell.com/assets/images/devices/009/macbook-pro-14-2023.jpg,,,96GB,M3 Pro 12-Core CPU 18-Core GPU,MINT,0,0,950.0
Laptops,Apple,"MacBook Pro 14"" (2023)","A2779, A2918, A2992",https://www.sellcell.com/assets/images/devices/009/macbook-pro-14-2023.jpg,,,96GB,M3 Pro 12-Core CPU 18-Core GPU,FAULTY,0,0,0
Laptops,Apple,"MacBook Pro 14"" (2023)","A2779, A2918, A2992",https://www.sellcell.com/assets/images/devices/009/macbook-pro-14-2023.jpg,,,96GB,M3 Pro 12-Core CPU 18-Core GPU,POOR,0,0,0
Laptops,Apple,"MacBook Pro 14"" (2023)","A2779, A2918, A2992",https://www.sellcell.com/assets/images/devices/009/macbook-pro-14-2023.jpg,,,64GB,M3 Pro 12-Core CPU 18-Core GPU,FAULTY,0,0,0
Laptops,Apple,"MacBook Pro 14"" (2023)","A2779, A2918, A2992",https://www.sellcell.com/assets/images/devices/009/macbook-pro-14-2023.jpg,,,36GB,M2 Pro 12-Core CPU 19-Core GPU,POOR,0,0,0
Laptops,Apple,"MacBook Pro 14"" (2023)","A2779, A2918, A2992",https://www.sellcell.com/assets/images/devices/009/macbook-pro-14-2023.jpg,,,48GB,M3 Pro 12-Core CPU 18-Core GPU,MINT,0,0,950.0
Laptops,Apple,"MacBook Pro 14"" (2023)","A2779, A2918, A2992",https://www.sellcell.com/assets/images/devices/009/macbook-pro-14-2023.jpg,,,48GB,M3 Pro 12-Core CPU 18-Core GPU,GOOD,0,0,807.5
Laptops,Apple,"MacBook Pro 14"" (2023)","A2779, A2918, A2992",https://www.sellcell.com/assets/images/devices/009/macbook-pro-14-2023.jpg,,,36GB,M3 Pro 12-Core CPU 18-Core GPU,FAULTY,0,0,415.0
Laptops,Apple,"MacBook Pro 14"" (2023)","A2779, A2918, A2992",https://www.sellcell.com/assets/images/devices/009/macbook-pro-14-2023.jpg,,,36GB,M3 Pro 12-Core CPU 18-Core GPU,POOR,0,0,880.0
Laptops,Apple,"MacBook Pro 14"" (2023)","A2779, A2918, A2992",https://www.sellcell.com/assets/images/devices/009/macbook-pro-14-2023.jpg,,,36GB,M3 Pro 12-Core CPU 18-Core GPU,MINT,0,0,1181.0
Laptops,Apple,"MacBook Pro 14"" (2023)","A2779, A2918, A2992",https://www.sellcell.com/assets/images/devices/009/macbook-pro-14-2023.jpg,,,48GB,M3 Pro 12-Core CPU 18-Core GPU,FAULTY,0,0,0
Laptops,Apple,"MacBook Pro 14"" (2023)","A2779, A2918, A2992",https://www.sellcell.com/assets/images/devices/009/macbook-pro-14-2023.jpg,,,32GB,M3 Pro 12-Core CPU 18-Core GPU,POOR,0,0,0
Laptops,Apple,"MacBook Pro 14"" (2023)","A2779, A2918, A2992",https://www.sellcell.com/assets/images/devices/009/macbook-pro-14-2023.jpg,,,32GB,M3 Pro 12-Core CPU 18-Core GPU,GOOD,0,0,807.5
Laptops,Apple,"MacBook Pro 14"" (2023)","A2779, A2918, A2992",https://www.sellcell.com/assets/images/devices/009/macbook-pro-14-2023.jpg,,,32GB,M3 Pro 12-Core CPU 18-Core GPU,MINT,0,0,950.0
Laptops,Apple,"MacBook Pro 14"" (2023)","A2779, A2918, A2992",https://www.sellcell.com/assets/images/devices/009/macbook-pro-14-2023.jpg,,,48GB,M3 Pro 12-Core CPU 18-Core GPU,POOR,0,0,0
Laptops,Apple,"MacBook Pro 14"" (2023)","A2779, A2918, A2992",https://www.sellcell.com/assets/images/devices/009/macbook-pro-14-2023.jpg,,,36GB,M3 Pro 12-Core CPU 18-Core GPU,GOOD,0,0,1075.0
Laptops,Apple,"MacBook Pro 14"" (2023)","A2779, A2918, A2992",https://www.sellcell.com/assets/images/devices/009/macbook-pro-14-2023.jpg,,,24GB,M3 Pro 12-Core CPU 18-Core GPU,FAULTY,0,0,0
Laptops,Apple,"MacBook Pro 14"" (2023)","A2779, A2918, A2992",https://www.sellcell.com/assets/images/devices/009/macbook-pro-14-2023.jpg,,,24GB,M3 Pro 12-Core CPU 18-Core GPU,MINT,0,0,950.0
Laptops,Apple,"MacBook Pro 14"" (2023)","A2779, A2918, A2992",https://www.sellcell.com/assets/images/devices/009/macbook-pro-14-2023.jpg,,,24GB,M3 Pro 12-Core CPU 18-Core GPU,GOOD,0,0,807.5
Laptops,Apple,"MacBook Pro 14"" (2023)","A2779, A2918, A2992",https://www.sellcell.com/assets/images/devices/009/macbook-pro-14-2023.jpg,,,18GB,M3 Pro 12-Core CPU 18-Core GPU,GOOD,0,0,850.0
Laptops,Apple,"MacBook Pro 14"" (2023)","A2779, A2918, A2992",https://www.sellcell.com/assets/images/devices/009/macbook-pro-14-2023.jpg,,,16GB,M3 Pro 12-Core CPU 18-Core GPU,GOOD,0,0,807.5
Laptops,Apple,"MacBook Pro 14"" (2023)","A2779, A2918, A2992",https://www.sellcell.com/assets/images/devices/009/macbook-pro-14-2023.jpg,,,16GB,M3 Pro 12-Core CPU 18-Core GPU,MINT,0,0,950.0
Laptops,Apple,"MacBook Pro 14"" (2023)","A2779, A2918, A2992",https://www.sellcell.com/assets/images/devices/009/macbook-pro-14-2023.jpg,,,32GB,M3 Pro 12-Core CPU 18-Core GPU,FAULTY,0,0,0
Laptops,Apple,"MacBook Pro 14"" (2023)","A2779, A2918, A2992",https://www.sellcell.com/assets/images/devices/009/macbook-pro-14-2023.jpg,,,24GB,M3 Pro 12-Core CPU 18-Core GPU,POOR,0,0,0
Laptops,Apple,"MacBook Pro 14"" (2023)","A2779, A2918, A2992",https://www.sellcell.com/assets/images/devices/009/macbook-pro-14-2023.jpg,,,18GB,M3 Pro 12-Core CPU 18-Core GPU,FAULTY,0,0,415.0
Laptops,Apple,"MacBook Air 13"" (2026)",A3449,https://www.sellcell.com/assets/images/devices/009/macbook-air-13-2026.jpg,,,24GB,M5 10-Core CPU 10-Core GPU,FAULTY,0,0,210.0
Laptops,Apple,"MacBook Pro 14"" (2023)","A2779, A2918, A2992",https://www.sellcell.com/assets/images/devices/009/macbook-pro-14-2023.jpg,,,36GB,M2 Pro 12-Core CPU 19-Core GPU,MINT,0,0,0
Laptops,Apple,"MacBook Pro 14"" (2023)","A2779, A2918, A2992",https://www.sellcell.com/assets/images/devices/009/macbook-pro-14-2023.jpg,,,8GB,M3 Pro 12-Core CPU 18-Core GPU,MINT,0,0,950.0
Laptops,Apple,"MacBook Pro 14"" (2023)","A2779, A2918, A2992",https://www.sellcell.com/assets/images/devices/009/macbook-pro-14-2023.jpg,,,128GB,M2 Max 12-Core CPU 38-Core GPU,FAULTY,0,0,0
Laptops,Apple,"MacBook Pro 14"" (2023)","A2779, A2918, A2992",https://www.sellcell.com/assets/images/devices/009/macbook-pro-14-2023.jpg,,,128GB,M2 Max 12-Core CPU 38-Core GPU,MINT,0,0,0
Laptops,Apple,"MacBook Pro 14"" (2023)","A2779, A2918, A2992",https://www.sellcell.com/assets/images/devices/009/macbook-pro-14-2023.jpg,,,16GB,M3 Pro 12-Core CPU 18-Core GPU,POOR,0,0,0
Laptops,Apple,"MacBook Pro 14"" (2023)","A2779, A2918, A2992",https://www.sellcell.com/assets/images/devices/009/macbook-pro-14-2023.jpg,,,8GB,M3 Pro 12-Core CPU 18-Core GPU,FAULTY,0,0,0
Laptops,Apple,"MacBook Pro 14"" (2023)","A2779, A2918, A2992",https://www.sellcell.com/assets/images/devices/009/macbook-pro-14-2023.jpg,,,8GB,M3 Pro 12-Core CPU 18-Core GPU,GOOD,0,0,807.5
Laptops,Apple,"MacBook Pro 14"" (2023)","A2779, A2918, A2992",https://www.sellcell.com/assets/images/devices/009/macbook-pro-14-2023.jpg,,,8GB,M3 Pro 12-Core CPU 18-Core GPU,POOR,0,0,0
Laptops,Apple,"MacBook Pro 14"" (2023)","A2779, A2918, A2992",https://www.sellcell.com/assets/images/devices/009/macbook-pro-14-2023.jpg,,,96GB,M2 Max 12-Core CPU 38-Core GPU,POOR,0,0,1135.0
Laptops,Apple,"MacBook Pro 14"" (2023)","A2779, A2918, A2992",https://www.sellcell.com/assets/images/devices/009/macbook-pro-14-2023.jpg,,,96GB,M2 Max 12-Core CPU 38-Core GPU,MINT,0,0,1486.0
Laptops,Apple,"MacBook Pro 14"" (2023)","A2779, A2918, A2992",https://www.sellcell.com/assets/images/devices/009/macbook-pro-14-2023.jpg,,,18GB,M3 Pro 12-Core CPU 18-Core GPU,POOR,0,0,650.0
Laptops,Apple,"MacBook Pro 14"" (2023)","A2779, A2918, A2992",https://www.sellcell.com/assets/images/devices/009/macbook-pro-14-2023.jpg,,,96GB,M2 Max 12-Core CPU 38-Core GPU,GOOD,0,0,1350.0
Laptops,Apple,"MacBook Pro 14"" (2023)","A2779, A2918, A2992",https://www.sellcell.com/assets/images/devices/009/macbook-pro-14-2023.jpg,,,96GB,M2 Max 12-Core CPU 38-Core GPU,FAULTY,0,0,210.0
Laptops,Apple,"MacBook Pro 14"" (2023)","A2779, A2918, A2992",https://www.sellcell.com/assets/images/devices/009/macbook-pro-14-2023.jpg,,,128GB,M2 Max 12-Core CPU 38-Core GPU,GOOD,0,0,0
Laptops,Apple,"MacBook Pro 14"" (2023)","A2779, A2918, A2992",https://www.sellcell.com/assets/images/devices/009/macbook-pro-14-2023.jpg,,,64GB,M2 Max 12-Core CPU 38-Core GPU,POOR,0,0,1035.0
Laptops,Apple,"MacBook Pro 14"" (2023)","A2779, A2918, A2992",https://www.sellcell.com/assets/images/devices/009/macbook-pro-14-2023.jpg,,,128GB,M2 Max 12-Core CPU 38-Core GPU,POOR,0,0,0
Laptops,Apple,"MacBook Pro 14"" (2023)","A2779, A2918, A2992",https://www.sellcell.com/assets/images/devices/009/macbook-pro-14-2023.jpg,,,48GB,M2 Max 12-Core CPU 38-Core GPU,MINT,0,0,0
Laptops,Apple,"MacBook Pro 14"" (2023)","A2779, A2918, A2992",https://www.sellcell.com/assets/images/devices/009/macbook-pro-14-2023.jpg,,,48GB,M2 Max 12-Core CPU 38-Core GPU,POOR,0,0,0
Laptops,Apple,"MacBook Pro 14"" (2023)","A2779, A2918, A2992",https://www.sellcell.com/assets/images/devices/009/macbook-pro-14-2023.jpg,,,36GB,M2 Max 12-Core CPU 38-Core GPU,MINT,0,0,0
Laptops,Apple,"MacBook Pro 14"" (2023)","A2779, A2918, A2992",https://www.sellcell.com/assets/images/devices/009/macbook-pro-14-2023.jpg,,,16GB,M3 Pro 12-Core CPU 18-Core GPU,FAULTY,0,0,0
Laptops,Apple,"MacBook Pro 14"" (2023)","A2779, A2918, A2992",https://www.sellcell.com/assets/images/devices/009/macbook-pro-14-2023.jpg,,,48GB,M2 Max 12-Core CPU 38-Core GPU,GOOD,0,0,0
Laptops,Apple,"MacBook Pro 14"" (2023)","A2779, A2918, A2992",https://www.sellcell.com/assets/images/devices/009/macbook-pro-14-2023.jpg,,,36GB,M2 Max 12-Core CPU 38-Core GPU,POOR,0,0,0
Laptops,Apple,"MacBook Pro 14"" (2023)","A2779, A2918, A2992",https://www.sellcell.com/assets/images/devices/009/macbook-pro-14-2023.jpg,,,36GB,M2 Max 12-Core CPU 38-Core GPU,FAULTY,0,0,0
Laptops,Apple,"MacBook Pro 14"" (2023)","A2779, A2918, A2992",https://www.sellcell.com/assets/images/devices/009/macbook-pro-14-2023.jpg,,,18GB,M3 Pro 12-Core CPU 18-Core GPU,MINT,0,0,951.0
Laptops,Apple,"MacBook Pro 14"" (2023)","A2779, A2918, A2992",https://www.sellcell.com/assets/images/devices/009/macbook-pro-14-2023.jpg,,,24GB,M2 Max 12-Core CPU 38-Core GPU,FAULTY,0,0,0
Laptops,Apple,"MacBook Pro 14"" (2023)","A2779, A2918, A2992",https://www.sellcell.com/assets/images/devices/009/macbook-pro-14-2023.jpg,,,32GB,M2 Max 12-Core CPU 38-Core GPU,FAULTY,0,0,210.0
Laptops,Apple,"MacBook Pro 14"" (2023)","A2779, A2918, A2992",https://www.sellcell.com/assets/images/devices/009/macbook-pro-14-2023.jpg,,,32GB,M2 Max 12-Core CPU 38-Core GPU,GOOD,0,0,925.0
Laptops,Apple,"MacBook Pro 14"" (2023)","A2779, A2918, A2992",https://www.sellcell.com/assets/images/devices/009/macbook-pro-14-2023.jpg,,,36GB,M2 Max 12-Core CPU 38-Core GPU,GOOD,0,0,0
Laptops,Apple,"MacBook Pro 14"" (2023)","A2779, A2918, A2992",https://www.sellcell.com/assets/images/devices/009/macbook-pro-14-2023.jpg,,,32GB,M2 Max 12-Core CPU 38-Core GPU,MINT,0,0,1031.0
Laptops,Apple,"MacBook Pro 14"" (2023)","A2779, A2918, A2992",https://www.sellcell.com/assets/images/devices/009/macbook-pro-14-2023.jpg,,,24GB,M2 Max 12-Core CPU 38-Core GPU,POOR,0,0,0
Laptops,Apple,"MacBook Pro 14"" (2023)","A2779, A2918, A2992",https://www.sellcell.com/assets/images/devices/009/macbook-pro-14-2023.jpg,,,64GB,M2 Max 12-Core CPU 38-Core GPU,MINT,0,0,1286.0
Laptops,Apple,"MacBook Pro 14"" (2023)","A2779, A2918, A2992",https://www.sellcell.com/assets/images/devices/009/macbook-pro-14-2023.jpg,,,32GB,M2 Max 12-Core CPU 38-Core GPU,POOR,0,0,780.0
Laptops,Apple,"MacBook Pro 14"" (2023)","A2779, A2918, A2992",https://www.sellcell.com/assets/images/devices/009/macbook-pro-14-2023.jpg,,,16GB,M2 Max 12-Core CPU 38-Core GPU,MINT,0,0,0
Laptops,Apple,"MacBook Pro 14"" (2023)","A2779, A2918, A2992",https://www.sellcell.com/assets/images/devices/009/macbook-pro-14-2023.jpg,,,18GB,M2 Max 12-Core CPU 38-Core GPU,MINT,0,0,0
Laptops,Apple,"MacBook Pro 14"" (2023)","A2779, A2918, A2992",https://www.sellcell.com/assets/images/devices/009/macbook-pro-14-2023.jpg,,,24GB,M2 Max 12-Core CPU 38-Core GPU,MINT,0,0,0
Laptops,Apple,"MacBook Pro 14"" (2023)","A2779, A2918, A2992",https://www.sellcell.com/assets/images/devices/009/macbook-pro-14-2023.jpg,,,18GB,M2 Max 12-Core CPU 38-Core GPU,FAULTY,0,0,0
Laptops,Apple,"MacBook Pro 14"" (2023)","A2779, A2918, A2992",https://www.sellcell.com/assets/images/devices/009/macbook-pro-14-2023.jpg,,,18GB,M2 Max 12-Core CPU 38-Core GPU,POOR,0,0,0
Laptops,Apple,"MacBook Pro 14"" (2023)","A2779, A2918, A2992",https://www.sellcell.com/assets/images/devices/009/macbook-pro-14-2023.jpg,,,16GB,M2 Max 12-Core CPU 38-Core GPU,POOR,0,0,0
Laptops,Apple,"MacBook Pro 14"" (2023)","A2779, A2918, A2992",https://www.sellcell.com/assets/images/devices/009/macbook-pro-14-2023.jpg,,,18GB,M2 Max 12-Core CPU 38-Core GPU,GOOD,0,0,0
Laptops,Apple,"MacBook Pro 14"" (2023)","A2779, A2918, A2992",https://www.sellcell.com/assets/images/devices/009/macbook-pro-14-2023.jpg,,,16GB,M2 Max 12-Core CPU 38-Core GPU,FAULTY,0,0,0
Laptops,Apple,"MacBook Pro 14"" (2023)","A2779, A2918, A2992",https://www.sellcell.com/assets/images/devices/009/macbook-pro-14-2023.jpg,,,64GB,M2 Max 12-Core CPU 38-Core GPU,GOOD,0,0,1175.0
Laptops,Apple,"MacBook Pro 14"" (2023)","A2779, A2918, A2992",https://www.sellcell.com/assets/images/devices/009/macbook-pro-14-2023.jpg,,,24GB,M2 Max 12-Core CPU 38-Core GPU,GOOD,0,0,0
Laptops,Apple,"MacBook Pro 14"" (2023)","A2779, A2918, A2992",https://www.sellcell.com/assets/images/devices/009/macbook-pro-14-2023.jpg,,,8GB,M2 Max 12-Core CPU 38-Core GPU,POOR,0,0,0
Laptops,Apple,"MacBook Pro 14"" (2023)","A2779, A2918, A2992",https://www.sellcell.com/assets/images/devices/009/macbook-pro-14-2023.jpg,,,128GB,M3 8-Core CPU 10-Core GPU,MINT,0,0,625.0
Laptops,Apple,"MacBook Pro 14"" (2023)","A2779, A2918, A2992",https://www.sellcell.com/assets/images/devices/009/macbook-pro-14-2023.jpg,,,128GB,M3 8-Core CPU 10-Core GPU,POOR,0,0,0
Laptops,Apple,"MacBook Pro 14"" (2023)","A2779, A2918, A2992",https://www.sellcell.com/assets/images/devices/009/macbook-pro-14-2023.jpg,,,8GB,M2 Max 12-Core CPU 38-Core GPU,MINT,0,0,0
Laptops,Apple,"MacBook Pro 14"" (2023)","A2779, A2918, A2992",https://www.sellcell.com/assets/images/devices/009/macbook-pro-14-2023.jpg,,,16GB,M2 Max 12-Core CPU 38-Core GPU,GOOD,0,0,0
Laptops,Apple,"MacBook Pro 14"" (2023)","A2779, A2918, A2992",https://www.sellcell.com/assets/images/devices/009/macbook-pro-14-2023.jpg,,,8GB,M2 Max 12-Core CPU 38-Core GPU,GOOD,0,0,0
Laptops,Apple,"MacBook Pro 14"" (2023)","A2779, A2918, A2992",https://www.sellcell.com/assets/images/devices/009/macbook-pro-14-2023.jpg,,,96GB,M3 8-Core CPU 10-Core GPU,POOR,0,0,0
Laptops,Apple,"MacBook Pro 14"" (2023)","A2779, A2918, A2992",https://www.sellcell.com/assets/images/devices/009/macbook-pro-14-2023.jpg,,,128GB,M3 8-Core CPU 10-Core GPU,FAULTY,0,0,0
Laptops,Apple,"MacBook Pro 14"" (2023)","A2779, A2918, A2992",https://www.sellcell.com/assets/images/devices/009/macbook-pro-14-2023.jpg,,,64GB,M2 Max 12-Core CPU 38-Core GPU,FAULTY,0,0,210.0
Laptops,Apple,"MacBook Pro 14"" (2023)","A2779, A2918, A2992",https://www.sellcell.com/assets/images/devices/009/macbook-pro-14-2023.jpg,,,48GB,M2 Max 12-Core CPU 38-Core GPU,FAULTY,0,0,0
Laptops,Apple,"MacBook Pro 14"" (2023)","A2779, A2918, A2992",https://www.sellcell.com/assets/images/devices/009/macbook-pro-14-2023.jpg,,,64GB,M3 8-Core CPU 10-Core GPU,MINT,0,0,625.0
Laptops,Apple,"MacBook Pro 14"" (2023)","A2779, A2918, A2992",https://www.sellcell.com/assets/images/devices/009/macbook-pro-14-2023.jpg,,,64GB,M3 8-Core CPU 10-Core GPU,POOR,0,0,0
Laptops,Apple,"MacBook Pro 14"" (2023)","A2779, A2918, A2992",https://www.sellcell.com/assets/images/devices/009/macbook-pro-14-2023.jpg,,,96GB,M3 8-Core CPU 10-Core GPU,MINT,0,0,625.0
Laptops,Apple,"MacBook Pro 14"" (2023)","A2779, A2918, A2992",https://www.sellcell.com/assets/images/devices/009/macbook-pro-14-2023.jpg,,,96GB,M3 8-Core CPU 10-Core GPU,GOOD,0,0,531.25
Laptops,Apple,"MacBook Pro 14"" (2023)","A2779, A2918, A2992",https://www.sellcell.com/assets/images/devices/009/macbook-pro-14-2023.jpg,,,64GB,M3 8-Core CPU 10-Core GPU,FAULTY,0,0,0
Laptops,Apple,"MacBook Pro 14"" (2023)","A2779, A2918, A2992",https://www.sellcell.com/assets/images/devices/009/macbook-pro-14-2023.jpg,,,96GB,M3 8-Core CPU 10-Core GPU,FAULTY,0,0,0
Laptops,Apple,"MacBook Pro 14"" (2023)","A2779, A2918, A2992",https://www.sellcell.com/assets/images/devices/009/macbook-pro-14-2023.jpg,,,8GB,M2 Max 12-Core CPU 38-Core GPU,FAULTY,0,0,0
Laptops,Apple,"MacBook Pro 14"" (2023)","A2779, A2918, A2992",https://www.sellcell.com/assets/images/devices/009/macbook-pro-14-2023.jpg,,,64GB,M3 8-Core CPU 10-Core GPU,GOOD,0,0,531.25
Laptops,Apple,"MacBook Pro 14"" (2023)","A2779, A2918, A2992",https://www.sellcell.com/assets/images/devices/009/macbook-pro-14-2023.jpg,,,48GB,M3 8-Core CPU 10-Core GPU,MINT,0,0,625.0
Laptops,Apple,"MacBook Pro 14"" (2023)","A2779, A2918, A2992",https://www.sellcell.com/assets/images/devices/009/macbook-pro-14-2023.jpg,,,48GB,M3 8-Core CPU 10-Core GPU,FAULTY,0,0,0
Laptops,Apple,"MacBook Pro 14"" (2023)","A2779, A2918, A2992",https://www.sellcell.com/assets/images/devices/009/macbook-pro-14-2023.jpg,,,48GB,M3 8-Core CPU 10-Core GPU,POOR,0,0,0
Laptops,Apple,"MacBook Pro 14"" (2023)","A2779, A2918, A2992",https://www.sellcell.com/assets/images/devices/009/macbook-pro-14-2023.jpg,,,36GB,M3 8-Core CPU 10-Core GPU,POOR,0,0,0
Laptops,Apple,"MacBook Pro 14"" (2023)","A2779, A2918, A2992",https://www.sellcell.com/assets/images/devices/009/macbook-pro-14-2023.jpg,,,36GB,M3 8-Core CPU 10-Core GPU,GOOD,0,0,531.25
Laptops,Apple,"MacBook Pro 14"" (2023)","A2779, A2918, A2992",https://www.sellcell.com/assets/images/devices/009/macbook-pro-14-2023.jpg,,,24GB,M3 8-Core CPU 10-Core GPU,FAULTY,0,0,415.0
Laptops,Apple,"MacBook Pro 14"" (2023)","A2779, A2918, A2992",https://www.sellcell.com/assets/images/devices/009/macbook-pro-14-2023.jpg,,,24GB,M3 8-Core CPU 10-Core GPU,POOR,0,0,570.0
Laptops,Apple,"MacBook Pro 14"" (2023)","A2779, A2918, A2992",https://www.sellcell.com/assets/images/devices/009/macbook-pro-14-2023.jpg,,,32GB,M3 8-Core CPU 10-Core GPU,POOR,0,0,0
Laptops,Apple,"MacBook Pro 14"" (2023)","A2779, A2918, A2992",https://www.sellcell.com/assets/images/devices/009/macbook-pro-14-2023.jpg,,,32GB,M3 8-Core CPU 10-Core GPU,MINT,0,0,625.0
Laptops,Apple,"MacBook Pro 14"" (2023)","A2779, A2918, A2992",https://www.sellcell.com/assets/images/devices/009/macbook-pro-14-2023.jpg,,,24GB,M3 8-Core CPU 10-Core GPU,GOOD,0,0,730.0
Laptops,Apple,"MacBook Pro 14"" (2023)","A2779, A2918, A2992",https://www.sellcell.com/assets/images/devices/009/macbook-pro-14-2023.jpg,,,32GB,M3 8-Core CPU 10-Core GPU,FAULTY,0,0,0
Laptops,Apple,"MacBook Pro 14"" (2023)","A2779, A2918, A2992",https://www.sellcell.com/assets/images/devices/009/macbook-pro-14-2023.jpg,,,32GB,M3 8-Core CPU 10-Core GPU,GOOD,0,0,531.25
Laptops,Apple,"MacBook Pro 14"" (2023)","A2779, A2918, A2992",https://www.sellcell.com/assets/images/devices/009/macbook-pro-14-2023.jpg,,,48GB,M3 8-Core CPU 10-Core GPU,GOOD,0,0,531.25
Laptops,Apple,"MacBook Pro 14"" (2023)","A2779, A2918, A2992",https://www.sellcell.com/assets/images/devices/009/macbook-pro-14-2023.jpg,,,36GB,M3 8-Core CPU 10-Core GPU,MINT,0,0,625.0
Laptops,Apple,"MacBook Pro 14"" (2023)","A2779, A2918, A2992",https://www.sellcell.com/assets/images/devices/009/macbook-pro-14-2023.jpg,,,24GB,M3 8-Core CPU 10-Core GPU,MINT,0,0,821.0
Laptops,Apple,"MacBook Pro 14"" (2023)","A2779, A2918, A2992",https://www.sellcell.com/assets/images/devices/009/macbook-pro-14-2023.jpg,,,18GB,M3 8-Core CPU 10-Core GPU,MINT,0,0,625.0
Laptops,Apple,"MacBook Pro 14"" (2023)","A2779, A2918, A2992",https://www.sellcell.com/assets/images/devices/009/macbook-pro-14-2023.jpg,,,16GB,M3 8-Core CPU 10-Core GPU,GOOD,0,0,630.0
Laptops,Apple,"MacBook Pro 14"" (2023)","A2779, A2918, A2992",https://www.sellcell.com/assets/images/devices/009/macbook-pro-14-2023.jpg,,,18GB,M3 8-Core CPU 10-Core GPU,GOOD,0,0,531.25
Laptops,Apple,"MacBook Pro 14"" (2023)","A2779, A2918, A2992",https://www.sellcell.com/assets/images/devices/009/macbook-pro-14-2023.jpg,,,16GB,M3 8-Core CPU 10-Core GPU,POOR,0,0,470.0
Laptops,Apple,"MacBook Pro 14"" (2023)","A2779, A2918, A2992",https://www.sellcell.com/assets/images/devices/009/macbook-pro-14-2023.jpg,,,16GB,M3 8-Core CPU 10-Core GPU,MINT,0,0,721.0
Laptops,Apple,"MacBook Pro 14"" (2023)","A2779, A2918, A2992",https://www.sellcell.com/assets/images/devices/009/macbook-pro-14-2023.jpg,,,16GB,M3 8-Core CPU 10-Core GPU,FAULTY,0,0,415.0
Laptops,Apple,"MacBook Pro 14"" (2023)","A2779, A2918, A2992",https://www.sellcell.com/assets/images/devices/009/macbook-pro-14-2023.jpg,,,128GB,M2 Pro 10-Core CPU 16-Core GPU,FAULTY,0,0,0
Laptops,Apple,"MacBook Pro 14"" (2023)","A2779, A2918, A2992",https://www.sellcell.com/assets/images/devices/009/macbook-pro-14-2023.jpg,,,128GB,M2 Pro 10-Core CPU 16-Core GPU,POOR,0,0,0
Laptops,Apple,"MacBook Pro 14"" (2023)","A2779, A2918, A2992",https://www.sellcell.com/assets/images/devices/009/macbook-pro-14-2023.jpg,,,8GB,M3 8-Core CPU 10-Core GPU,MINT,0,0,625.0
Laptops,Apple,"MacBook Pro 14"" (2023)","A2779, A2918, A2992",https://www.sellcell.com/assets/images/devices/009/macbook-pro-14-2023.jpg,,,8GB,M3 8-Core CPU 10-Core GPU,FAULTY,0,0,260.0
Laptops,Apple,"MacBook Pro 14"" (2023)","A2779, A2918, A2992",https://www.sellcell.com/assets/images/devices/009/macbook-pro-14-2023.jpg,,,128GB,M2 Pro 10-Core CPU 16-Core GPU,GOOD,0,0,0
Laptops,Apple,"MacBook Pro 14"" (2023)","A2779, A2918, A2992",https://www.sellcell.com/assets/images/devices/009/macbook-pro-14-2023.jpg,,,18GB,M3 8-Core CPU 10-Core GPU,POOR,0,0,0
Laptops,Apple,"MacBook Pro 14"" (2023)","A2779, A2918, A2992",https://www.sellcell.com/assets/images/devices/009/macbook-pro-14-2023.jpg,,,8GB,M3 8-Core CPU 10-Core GPU,GOOD,0,0,531.25
Laptops,Apple,"MacBook Pro 14"" (2023)","A2779, A2918, A2992",https://www.sellcell.com/assets/images/devices/009/macbook-pro-14-2023.jpg,,,8GB,M3 8-Core CPU 10-Core GPU,POOR,0,0,405.0
Laptops,Apple,"MacBook Pro 14"" (2023)","A2779, A2918, A2992",https://www.sellcell.com/assets/images/devices/009/macbook-pro-14-2023.jpg,,,128GB,M2 Pro 10-Core CPU 16-Core GPU,MINT,0,0,0
Laptops,Apple,"MacBook Pro 14"" (2023)","A2779, A2918, A2992",https://www.sellcell.com/assets/images/devices/009/macbook-pro-14-2023.jpg,,,96GB,M2 Pro 10-Core CPU 16-Core GPU,POOR,0,0,0
Laptops,Apple,"MacBook Pro 14"" (2023)","A2779, A2918, A2992",https://www.sellcell.com/assets/images/devices/009/macbook-pro-14-2023.jpg,,,96GB,M2 Pro 10-Core CPU 16-Core GPU,GOOD,0,0,0
Laptops,Apple,"MacBook Pro 14"" (2023)","A2779, A2918, A2992",https://www.sellcell.com/assets/images/devices/009/macbook-pro-14-2023.jpg,,,36GB,M3 8-Core CPU 10-Core GPU,FAULTY,0,0,0
Laptops,Apple,"MacBook Pro 14"" (2023)","A2779, A2918, A2992",https://www.sellcell.com/assets/images/devices/009/macbook-pro-14-2023.jpg,,,64GB,M2 Pro 10-Core CPU 16-Core GPU,GOOD,0,0,0
Laptops,Apple,"MacBook Pro 14"" (2023)","A2779, A2918, A2992",https://www.sellcell.com/assets/images/devices/009/macbook-pro-14-2023.jpg,,,64GB,M2 Pro 10-Core CPU 16-Core GPU,POOR,0,0,0
Laptops,Apple,"MacBook Pro 14"" (2023)","A2779, A2918, A2992",https://www.sellcell.com/assets/images/devices/009/macbook-pro-14-2023.jpg,,,64GB,M2 Pro 10-Core CPU 16-Core GPU,FAULTY,0,0,0
Laptops,Apple,"MacBook Pro 14"" (2023)","A2779, A2918, A2992",https://www.sellcell.com/assets/images/devices/009/macbook-pro-14-2023.jpg,,,96GB,M2 Pro 10-Core CPU 16-Core GPU,MINT,0,0,0
Laptops,Apple,"MacBook Pro 14"" (2023)","A2779, A2918, A2992",https://www.sellcell.com/assets/images/devices/009/macbook-pro-14-2023.jpg,,,36GB,M2 Pro 10-Core CPU 16-Core GPU,FAULTY,0,0,0
Laptops,Apple,"MacBook Pro 14"" (2023)","A2779, A2918, A2992",https://www.sellcell.com/assets/images/devices/009/macbook-pro-14-2023.jpg,,,48GB,M2 Pro 10-Core CPU 16-Core GPU,POOR,0,0,0
Laptops,Apple,"MacBook Pro 14"" (2023)","A2779, A2918, A2992",https://www.sellcell.com/assets/images/devices/009/macbook-pro-14-2023.jpg,,,48GB,M2 Pro 10-Core CPU 16-Core GPU,FAULTY,0,0,0
Laptops,Apple,"MacBook Pro 14"" (2023)","A2779, A2918, A2992",https://www.sellcell.com/assets/images/devices/009/macbook-pro-14-2023.jpg,,,36GB,M2 Pro 10-Core CPU 16-Core GPU,POOR,0,0,0
Laptops,Apple,"MacBook Pro 14"" (2023)","A2779, A2918, A2992",https://www.sellcell.com/assets/images/devices/009/macbook-pro-14-2023.jpg,,,36GB,M2 Pro 10-Core CPU 16-Core GPU,GOOD,0,0,0
Laptops,Apple,"MacBook Pro 14"" (2023)","A2779, A2918, A2992",https://www.sellcell.com/assets/images/devices/009/macbook-pro-14-2023.jpg,,,48GB,M2 Pro 10-Core CPU 16-Core GPU,MINT,0,0,0
Laptops,Apple,"MacBook Pro 14"" (2023)","A2779, A2918, A2992",https://www.sellcell.com/assets/images/devices/009/macbook-pro-14-2023.jpg,,,96GB,M2 Pro 10-Core CPU 16-Core GPU,FAULTY,0,0,0
Laptops,Apple,"MacBook Pro 14"" (2023)","A2779, A2918, A2992",https://www.sellcell.com/assets/images/devices/009/macbook-pro-14-2023.jpg,,,64GB,M2 Pro 10-Core CPU 16-Core GPU,MINT,0,0,0
Laptops,Apple,"MacBook Pro 14"" (2023)","A2779, A2918, A2992",https://www.sellcell.com/assets/images/devices/009/macbook-pro-14-2023.jpg,,,32GB,M2 Pro 10-Core CPU 16-Core GPU,GOOD,0,0,775.0
Laptops,Apple,"MacBook Pro 14"" (2023)","A2779, A2918, A2992",https://www.sellcell.com/assets/images/devices/009/macbook-pro-14-2023.jpg,,,24GB,M2 Pro 10-Core CPU 16-Core GPU,GOOD,0,0,0
Laptops,Apple,"MacBook Pro 14"" (2023)","A2779, A2918, A2992",https://www.sellcell.com/assets/images/devices/009/macbook-pro-14-2023.jpg,,,36GB,M2 Pro 10-Core CPU 16-Core GPU,MINT,0,0,0
Laptops,Apple,"MacBook Pro 14"" (2023)","A2779, A2918, A2992",https://www.sellcell.com/assets/images/devices/009/macbook-pro-14-2023.jpg,,,24GB,M2 Pro 10-Core CPU 16-Core GPU,POOR,0,0,0
Laptops,Apple,"MacBook Pro 14"" (2023)","A2779, A2918, A2992",https://www.sellcell.com/assets/images/devices/009/macbook-pro-14-2023.jpg,,,48GB,M2 Pro 10-Core CPU 16-Core GPU,GOOD,0,0,0
Laptops,Apple,"MacBook Pro 14"" (2023)","A2779, A2918, A2992",https://www.sellcell.com/assets/images/devices/009/macbook-pro-14-2023.jpg,,,32GB,M2 Pro 10-Core CPU 16-Core GPU,MINT,0,0,846.0
Laptops,Apple,"MacBook Pro 14"" (2023)","A2779, A2918, A2992",https://www.sellcell.com/assets/images/devices/009/macbook-pro-14-2023.jpg,,,24GB,M2 Pro 10-Core CPU 16-Core GPU,FAULTY,0,0,0
Laptops,Apple,"MacBook Pro 14"" (2023)","A2779, A2918, A2992",https://www.sellcell.com/assets/images/devices/009/macbook-pro-14-2023.jpg,,,32GB,M2 Pro 10-Core CPU 16-Core GPU,FAULTY,0,0,210.0
Laptops,Apple,"MacBook Pro 14"" (2023)","A2779, A2918, A2992",https://www.sellcell.com/assets/images/devices/009/macbook-pro-14-2023.jpg,,,16GB,M2 Pro 10-Core CPU 16-Core GPU,POOR,0,0,465.0
Laptops,Apple,"MacBook Pro 14"" (2023)","A2779, A2918, A2992",https://www.sellcell.com/assets/images/devices/009/macbook-pro-14-2023.jpg,,,18GB,M2 Pro 10-Core CPU 16-Core GPU,FAULTY,0,0,0
Laptops,Apple,"MacBook Pro 14"" (2023)","A2779, A2918, A2992",https://www.sellcell.com/assets/images/devices/009/macbook-pro-14-2023.jpg,,,16GB,M2 Pro 10-Core CPU 16-Core GPU,GOOD,0,0,625.0
Laptops,Apple,"MacBook Pro 14"" (2023)","A2779, A2918, A2992",https://www.sellcell.com/assets/images/devices/009/macbook-pro-14-2023.jpg,,,24GB,M2 Pro 10-Core CPU 16-Core GPU,MINT,0,0,0
Laptops,Apple,"MacBook Pro 14"" (2023)","A2779, A2918, A2992",https://www.sellcell.com/assets/images/devices/009/macbook-pro-14-2023.jpg,,,18GB,M2 Pro 10-Core CPU 16-Core GPU,POOR,0,0,0
Laptops,Apple,"MacBook Pro 14"" (2023)","A2779, A2918, A2992",https://www.sellcell.com/assets/images/devices/009/macbook-pro-14-2023.jpg,,,18GB,M2 Pro 10-Core CPU 16-Core GPU,GOOD,0,0,0
Laptops,Apple,"MacBook Pro 14"" (2023)","A2779, A2918, A2992",https://www.sellcell.com/assets/images/devices/009/macbook-pro-14-2023.jpg,,,8GB,M2 Pro 10-Core CPU 16-Core GPU,FAULTY,0,0,0
Laptops,Apple,"MacBook Pro 14"" (2023)","A2779, A2918, A2992",https://www.sellcell.com/assets/images/devices/009/macbook-pro-14-2023.jpg,,,8GB,M2 Pro 10-Core CPU 16-Core GPU,MINT,0,0,0
Laptops,Apple,"MacBook Pro 14"" (2023)","A2779, A2918, A2992",https://www.sellcell.com/assets/images/devices/009/macbook-pro-14-2023.jpg,,,18GB,M2 Pro 10-Core CPU 16-Core GPU,MINT,0,0,0
Laptops,Apple,"MacBook Pro 14"" (2023)","A2779, A2918, A2992",https://www.sellcell.com/assets/images/devices/009/macbook-pro-14-2023.jpg,,,16GB,M2 Pro 10-Core CPU 16-Core GPU,MINT,0,0,691.0
Laptops,Apple,"MacBook Pro 14"" (2023)","A2779, A2918, A2992",https://www.sellcell.com/assets/images/devices/009/macbook-pro-14-2023.jpg,,,8GB,M2 Pro 10-Core CPU 16-Core GPU,GOOD,0,0,0
Laptops,Apple,"MacBook Pro 14"" (2023)","A2779, A2918, A2992",https://www.sellcell.com/assets/images/devices/009/macbook-pro-14-2023.jpg,,,128GB,M3 Pro 11-Core CPU 14-Core GPU,GOOD,0,0,765.0
Laptops,Apple,"MacBook Pro 14"" (2023)","A2779, A2918, A2992",https://www.sellcell.com/assets/images/devices/009/macbook-pro-14-2023.jpg,,,128GB,M3 Pro 11-Core CPU 14-Core GPU,POOR,0,0,0
Laptops,Apple,"MacBook Pro 14"" (2023)","A2779, A2918, A2992",https://www.sellcell.com/assets/images/devices/009/macbook-pro-14-2023.jpg,,,8GB,M2 Pro 10-Core CPU 16-Core GPU,POOR,0,0,0
Laptops,Apple,"MacBook Pro 14"" (2023)","A2779, A2918, A2992",https://www.sellcell.com/assets/images/devices/009/macbook-pro-14-2023.jpg,,,128GB,M3 Pro 11-Core CPU 14-Core GPU,FAULTY,0,0,0
Laptops,Apple,"MacBook Pro 14"" (2023)","A2779, A2918, A2992",https://www.sellcell.com/assets/images/devices/009/macbook-pro-14-2023.jpg,,,96GB,M3 Pro 11-Core CPU 14-Core GPU,MINT,0,0,900.0
Laptops,Apple,"MacBook Pro 14"" (2023)","A2779, A2918, A2992",https://www.sellcell.com/assets/images/devices/009/macbook-pro-14-2023.jpg,,,64GB,M3 Pro 11-Core CPU 14-Core GPU,POOR,0,0,0
Laptops,Apple,"MacBook Pro 14"" (2023)","A2779, A2918, A2992",https://www.sellcell.com/assets/images/devices/009/macbook-pro-14-2023.jpg,,,96GB,M3 Pro 11-Core CPU 14-Core GPU,FAULTY,0,0,0
Laptops,Apple,"MacBook Pro 14"" (2023)","A2779, A2918, A2992",https://www.sellcell.com/assets/images/devices/009/macbook-pro-14-2023.jpg,,,128GB,M3 Pro 11-Core CPU 14-Core GPU,MINT,0,0,900.0
Laptops,Apple,"MacBook Pro 14"" (2023)","A2779, A2918, A2992",https://www.sellcell.com/assets/images/devices/009/macbook-pro-14-2023.jpg,,,32GB,M2 Pro 10-Core CPU 16-Core GPU,POOR,0,0,620.0
Laptops,Apple,"MacBook Pro 14"" (2023)","A2779, A2918, A2992",https://www.sellcell.com/assets/images/devices/009/macbook-pro-14-2023.jpg,,,64GB,M3 Pro 11-Core CPU 14-Core GPU,GOOD,0,0,765.0
Laptops,Apple,"MacBook Pro 14"" (2023)","A2779, A2918, A2992",https://www.sellcell.com/assets/images/devices/009/macbook-pro-14-2023.jpg,,,96GB,M3 Pro 11-Core CPU 14-Core GPU,POOR,0,0,0
Laptops,Apple,"MacBook Pro 14"" (2023)","A2779, A2918, A2992",https://www.sellcell.com/assets/images/devices/009/macbook-pro-14-2023.jpg,,,96GB,M3 Pro 11-Core CPU 14-Core GPU,GOOD,0,0,765.0
Laptops,Apple,"MacBook Pro 14"" (2023)","A2779, A2918, A2992",https://www.sellcell.com/assets/images/devices/009/macbook-pro-14-2023.jpg,,,64GB,M3 Pro 11-Core CPU 14-Core GPU,FAULTY,0,0,0
Laptops,Apple,"MacBook Pro 14"" (2023)","A2779, A2918, A2992",https://www.sellcell.com/assets/images/devices/009/macbook-pro-14-2023.jpg,,,18GB,M3 8-Core CPU 10-Core GPU,FAULTY,0,0,0
Laptops,Apple,"MacBook Pro 14"" (2023)","A2779, A2918, A2992",https://www.sellcell.com/assets/images/devices/009/macbook-pro-14-2023.jpg,,,48GB,M3 Pro 11-Core CPU 14-Core GPU,POOR,0,0,0
Laptops,Apple,"MacBook Pro 14"" (2023)","A2779, A2918, A2992",https://www.sellcell.com/assets/images/devices/009/macbook-pro-14-2023.jpg,,,48GB,M3 Pro 11-Core CPU 14-Core GPU,MINT,0,0,900.0
Laptops,Apple,"MacBook Pro 14"" (2023)","A2779, A2918, A2992",https://www.sellcell.com/assets/images/devices/009/macbook-pro-14-2023.jpg,,,48GB,M3 Pro 11-Core CPU 14-Core GPU,GOOD,0,0,765.0
Laptops,Apple,"MacBook Pro 14"" (2023)","A2779, A2918, A2992",https://www.sellcell.com/assets/images/devices/009/macbook-pro-14-2023.jpg,,,16GB,M2 Pro 10-Core CPU 16-Core GPU,FAULTY,0,0,210.0
Laptops,Apple,"MacBook Pro 14"" (2023)","A2779, A2918, A2992",https://www.sellcell.com/assets/images/devices/009/macbook-pro-14-2023.jpg,,,36GB,M3 Pro 11-Core CPU 14-Core GPU,POOR,0,0,775.0
Laptops,Apple,"MacBook Pro 14"" (2023)","A2779, A2918, A2992",https://www.sellcell.com/assets/images/devices/009/macbook-pro-14-2023.jpg,,,64GB,M3 Pro 11-Core CPU 14-Core GPU,MINT,0,0,900.0
Laptops,Apple,"MacBook Pro 14"" (2023)","A2779, A2918, A2992",https://www.sellcell.com/assets/images/devices/009/macbook-pro-14-2023.jpg,,,24GB,M3 Pro 11-Core CPU 14-Core GPU,POOR,0,0,0
Laptops,Apple,"MacBook Pro 14"" (2023)","A2779, A2918, A2992",https://www.sellcell.com/assets/images/devices/009/macbook-pro-14-2023.jpg,,,32GB,M3 Pro 11-Core CPU 14-Core GPU,FAULTY,0,0,0
Laptops,Apple,"MacBook Pro 14"" (2023)","A2779, A2918, A2992",https://www.sellcell.com/assets/images/devices/009/macbook-pro-14-2023.jpg,,,24GB,M3 Pro 11-Core CPU 14-Core GPU,FAULTY,0,0,0
Laptops,Apple,"MacBook Pro 14"" (2023)","A2779, A2918, A2992",https://www.sellcell.com/assets/images/devices/009/macbook-pro-14-2023.jpg,,,32GB,M3 Pro 11-Core CPU 14-Core GPU,GOOD,0,0,765.0
Laptops,Apple,"MacBook Pro 14"" (2023)","A2779, A2918, A2992",https://www.sellcell.com/assets/images/devices/009/macbook-pro-14-2023.jpg,,,32GB,M3 Pro 11-Core CPU 14-Core GPU,MINT,0,0,900.0
Laptops,Apple,"MacBook Pro 14"" (2023)","A2779, A2918, A2992",https://www.sellcell.com/assets/images/devices/009/macbook-pro-14-2023.jpg,,,24GB,M3 Pro 11-Core CPU 14-Core GPU,GOOD,0,0,765.0
Laptops,Apple,"MacBook Pro 14"" (2023)","A2779, A2918, A2992",https://www.sellcell.com/assets/images/devices/009/macbook-pro-14-2023.jpg,,,32GB,M3 Pro 11-Core CPU 14-Core GPU,POOR,0,0,0
Laptops,Apple,"MacBook Pro 14"" (2023)","A2779, A2918, A2992",https://www.sellcell.com/assets/images/devices/009/macbook-pro-14-2023.jpg,,,36GB,M3 Pro 11-Core CPU 14-Core GPU,GOOD,0,0,975.0
Laptops,Apple,"MacBook Pro 14"" (2023)","A2779, A2918, A2992",https://www.sellcell.com/assets/images/devices/009/macbook-pro-14-2023.jpg,,,18GB,M3 Pro 11-Core CPU 14-Core GPU,FAULTY,0,0,415.0
Laptops,Apple,"MacBook Pro 14"" (2023)","A2779, A2918, A2992",https://www.sellcell.com/assets/images/devices/009/macbook-pro-14-2023.jpg,,,16GB,M3 Pro 11-Core CPU 14-Core GPU,FAULTY,0,0,0
Laptops,Apple,"MacBook Pro 14"" (2023)","A2779, A2918, A2992",https://www.sellcell.com/assets/images/devices/009/macbook-pro-14-2023.jpg,,,18GB,M3 Pro 11-Core CPU 14-Core GPU,MINT,0,0,900.0
Laptops,Apple,"MacBook Pro 14"" (2023)","A2779, A2918, A2992",https://www.sellcell.com/assets/images/devices/009/macbook-pro-14-2023.jpg,,,18GB,M3 Pro 11-Core CPU 14-Core GPU,POOR,0,0,620.0
Laptops,Apple,"MacBook Pro 14"" (2023)","A2779, A2918, A2992",https://www.sellcell.com/assets/images/devices/009/macbook-pro-14-2023.jpg,,,16GB,M3 Pro 11-Core CPU 14-Core GPU,GOOD,0,0,765.0
Laptops,Apple,"MacBook Pro 14"" (2023)","A2779, A2918, A2992",https://www.sellcell.com/assets/images/devices/009/macbook-pro-14-2023.jpg,,,18GB,M3 Pro 11-Core CPU 14-Core GPU,GOOD,0,0,780.0
Laptops,Apple,"MacBook Pro 14"" (2023)","A2779, A2918, A2992",https://www.sellcell.com/assets/images/devices/009/macbook-pro-14-2023.jpg,,,24GB,M3 Pro 11-Core CPU 14-Core GPU,MINT,0,0,900.0
Laptops,Apple,"MacBook Pro 14"" (2023)","A2779, A2918, A2992",https://www.sellcell.com/assets/images/devices/009/macbook-pro-14-2023.jpg,,,16GB,M3 Pro 11-Core CPU 14-Core GPU,POOR,0,0,0
Laptops,Apple,"MacBook Pro 14"" (2023)","A2779, A2918, A2992",https://www.sellcell.com/assets/images/devices/009/macbook-pro-14-2023.jpg,,,8GB,M3 Pro 11-Core CPU 14-Core GPU,POOR,0,0,0
Laptops,Apple,"MacBook Pro 14"" (2023)","A2779, A2918, A2992",https://www.sellcell.com/assets/images/devices/009/macbook-pro-14-2023.jpg,,,8GB,M3 Pro 11-Core CPU 14-Core GPU,GOOD,0,0,765.0
Laptops,Apple,"MacBook Pro 14"" (2023)","A2779, A2918, A2992",https://www.sellcell.com/assets/images/devices/009/macbook-pro-14-2023.jpg,,,128GB,M3 8-Core CPU 10-Core GPU,GOOD,0,0,531.25
Laptops,Apple,"MacBook Pro 14"" (2023)","A2779, A2918, A2992",https://www.sellcell.com/assets/images/devices/009/macbook-pro-14-2023.jpg,,,8GB,M3 Pro 11-Core CPU 14-Core GPU,MINT,0,0,900.0
Laptops,Apple,"MacBook Pro 14"" (2023)","A2779, A2918, A2992",https://www.sellcell.com/assets/images/devices/009/macbook-pro-14-2023.jpg,,,128GB,M3 Max 16-Core CPU 40-Core GPU,FAULTY,0,0,415.0
Laptops,Apple,"MacBook Pro 14"" (2023)","A2779, A2918, A2992",https://www.sellcell.com/assets/images/devices/009/macbook-pro-14-2023.jpg,,,36GB,M3 Pro 11-Core CPU 14-Core GPU,FAULTY,0,0,415.0
Laptops,Apple,"MacBook Pro 14"" (2023)","A2779, A2918, A2992",https://www.sellcell.com/assets/images/devices/009/macbook-pro-14-2023.jpg,,,128GB,M3 Max 16-Core CPU 40-Core GPU,GOOD,0,0,2200.0
Laptops,Apple,"MacBook Pro 14"" (2023)","A2779, A2918, A2992",https://www.sellcell.com/assets/images/devices/009/macbook-pro-14-2023.jpg,,,8GB,M3 Pro 11-Core CPU 14-Core GPU,FAULTY,0,0,0
Laptops,Apple,"MacBook Pro 14"" (2023)","A2779, A2918, A2992",https://www.sellcell.com/assets/images/devices/009/macbook-pro-14-2023.jpg,,,16GB,M3 Pro 11-Core CPU 14-Core GPU,MINT,0,0,900.0
Laptops,Apple,"MacBook Pro 14"" (2023)","A2779, A2918, A2992",https://www.sellcell.com/assets/images/devices/009/macbook-pro-14-2023.jpg,,,96GB,M3 Max 16-Core CPU 40-Core GPU,GOOD,0,0,1423.75
Laptops,Apple,"MacBook Pro 14"" (2023)","A2779, A2918, A2992",https://www.sellcell.com/assets/images/devices/009/macbook-pro-14-2023.jpg,,,64GB,M3 Max 16-Core CPU 40-Core GPU,GOOD,0,0,1700.0
Laptops,Apple,"MacBook Pro 14"" (2023)","A2779, A2918, A2992",https://www.sellcell.com/assets/images/devices/009/macbook-pro-14-2023.jpg,,,64GB,M3 Max 16-Core CPU 40-Core GPU,POOR,0,0,1345.0
Laptops,Apple,"MacBook Pro 14"" (2023)","A2779, A2918, A2992",https://www.sellcell.com/assets/images/devices/009/macbook-pro-14-2023.jpg,,,96GB,M3 Max 16-Core CPU 40-Core GPU,MINT,0,0,1675.0
Laptops,Apple,"MacBook Pro 14"" (2023)","A2779, A2918, A2992",https://www.sellcell.com/assets/images/devices/009/macbook-pro-14-2023.jpg,,,96GB,M3 Max 16-Core CPU 40-Core GPU,FAULTY,0,0,0
Laptops,Apple,"MacBook Pro 14"" (2023)","A2779, A2918, A2992",https://www.sellcell.com/assets/images/devices/009/macbook-pro-14-2023.jpg,,,128GB,M3 Max 16-Core CPU 40-Core GPU,MINT,0,0,2346.0
Laptops,Apple,"MacBook Pro 14"" (2023)","A2779, A2918, A2992",https://www.sellcell.com/assets/images/devices/009/macbook-pro-14-2023.jpg,,,64GB,M3 Max 16-Core CPU 40-Core GPU,FAULTY,0,0,415.0
Laptops,Apple,"MacBook Pro 14"" (2023)","A2779, A2918, A2992",https://www.sellcell.com/assets/images/devices/009/macbook-pro-14-2023.jpg,,,48GB,M3 Max 16-Core CPU 40-Core GPU,GOOD,0,0,1423.75
Laptops,Apple,"MacBook Pro 14"" (2023)","A2779, A2918, A2992",https://www.sellcell.com/assets/images/devices/009/macbook-pro-14-2023.jpg,,,48GB,M3 Max 16-Core CPU 40-Core GPU,MINT,0,0,1675.0
Laptops,Apple,"MacBook Pro 14"" (2023)","A2779, A2918, A2992",https://www.sellcell.com/assets/images/devices/009/macbook-pro-14-2023.jpg,,,36GB,M3 Max 16-Core CPU 40-Core GPU,POOR,0,0,0
Laptops,Apple,"MacBook Pro 14"" (2023)","A2779, A2918, A2992",https://www.sellcell.com/assets/images/devices/009/macbook-pro-14-2023.jpg,,,48GB,M3 Max 16-Core CPU 40-Core GPU,FAULTY,0,0,415.0
Laptops,Apple,"MacBook Pro 14"" (2023)","A2779, A2918, A2992",https://www.sellcell.com/assets/images/devices/009/macbook-pro-14-2023.jpg,,,96GB,M3 Max 16-Core CPU 40-Core GPU,POOR,0,0,0
Laptops,Apple,"MacBook Pro 14"" (2023)","A2779, A2918, A2992",https://www.sellcell.com/assets/images/devices/009/macbook-pro-14-2023.jpg,,,48GB,M3 Pro 11-Core CPU 14-Core GPU,FAULTY,0,0,0
Laptops,Apple,"MacBook Pro 14"" (2023)","A2779, A2918, A2992",https://www.sellcell.com/assets/images/devices/009/macbook-pro-14-2023.jpg,,,64GB,M3 Max 16-Core CPU 40-Core GPU,MINT,0,0,1846.0
Laptops,Apple,"MacBook Pro 14"" (2023)","A2779, A2918, A2992",https://www.sellcell.com/assets/images/devices/009/macbook-pro-14-2023.jpg,,,36GB,M3 Max 16-Core CPU 40-Core GPU,MINT,0,0,1675.0
Laptops,Apple,"MacBook Pro 14"" (2023)","A2779, A2918, A2992",https://www.sellcell.com/assets/images/devices/009/macbook-pro-14-2023.jpg,,,32GB,M3 Max 16-Core CPU 40-Core GPU,GOOD,0,0,1423.75
Laptops,Apple,"MacBook Pro 14"" (2023)","A2779, A2918, A2992",https://www.sellcell.com/assets/images/devices/009/macbook-pro-14-2023.jpg,,,32GB,M3 Max 16-Core CPU 40-Core GPU,MINT,0,0,1675.0
Laptops,Apple,"MacBook Pro 14"" (2023)","A2779, A2918, A2992",https://www.sellcell.com/assets/images/devices/009/macbook-pro-14-2023.jpg,,,24GB,M3 Max 16-Core CPU 40-Core GPU,FAULTY,0,0,0
Laptops,Apple,"MacBook Pro 14"" (2023)","A2779, A2918, A2992",https://www.sellcell.com/assets/images/devices/009/macbook-pro-14-2023.jpg,,,32GB,M3 Max 16-Core CPU 40-Core GPU,POOR,0,0,0
Laptops,Apple,"MacBook Pro 14"" (2023)","A2779, A2918, A2992",https://www.sellcell.com/assets/images/devices/009/macbook-pro-14-2023.jpg,,,24GB,M3 Max 16-Core CPU 40-Core GPU,POOR,0,0,0
Laptops,Apple,"MacBook Pro 14"" (2023)","A2779, A2918, A2992",https://www.sellcell.com/assets/images/devices/009/macbook-pro-14-2023.jpg,,,36GB,M3 Max 16-Core CPU 40-Core GPU,GOOD,0,0,1423.75
Laptops,Apple,"MacBook Pro 14"" (2023)","A2779, A2918, A2992",https://www.sellcell.com/assets/images/devices/009/macbook-pro-14-2023.jpg,,,24GB,M3 Max 16-Core CPU 40-Core GPU,GOOD,0,0,1423.75
Laptops,Apple,"MacBook Pro 14"" (2023)","A2779, A2918, A2992",https://www.sellcell.com/assets/images/devices/009/macbook-pro-14-2023.jpg,,,128GB,M3 Max 16-Core CPU 40-Core GPU,POOR,0,0,1645.0
Laptops,Apple,"MacBook Pro 14"" (2023)","A2779, A2918, A2992",https://www.sellcell.com/assets/images/devices/009/macbook-pro-14-2023.jpg,,,32GB,M3 Max 16-Core CPU 40-Core GPU,FAULTY,0,0,0
Laptops,Apple,"MacBook Pro 14"" (2023)","A2779, A2918, A2992",https://www.sellcell.com/assets/images/devices/009/macbook-pro-14-2023.jpg,,,16GB,M3 Max 16-Core CPU 40-Core GPU,GOOD,0,0,1423.75
Laptops,Apple,"MacBook Pro 14"" (2023)","A2779, A2918, A2992",https://www.sellcell.com/assets/images/devices/009/macbook-pro-14-2023.jpg,,,18GB,M3 Max 16-Core CPU 40-Core GPU,MINT,0,0,1675.0
Laptops,Apple,"MacBook Pro 14"" (2023)","A2779, A2918, A2992",https://www.sellcell.com/assets/images/devices/009/macbook-pro-14-2023.jpg,,,18GB,M3 Max 16-Core CPU 40-Core GPU,POOR,0,0,0
Laptops,Apple,"MacBook Pro 14"" (2023)","A2779, A2918, A2992",https://www.sellcell.com/assets/images/devices/009/macbook-pro-14-2023.jpg,,,16GB,M3 Max 16-Core CPU 40-Core GPU,FAULTY,0,0,0
Laptops,Apple,"MacBook Pro 14"" (2023)","A2779, A2918, A2992",https://www.sellcell.com/assets/images/devices/009/macbook-pro-14-2023.jpg,,,24GB,M3 Max 16-Core CPU 40-Core GPU,MINT,0,0,1675.0
Laptops,Apple,"MacBook Pro 14"" (2023)","A2779, A2918, A2992",https://www.sellcell.com/assets/images/devices/009/macbook-pro-14-2023.jpg,,,36GB,M3 Max 16-Core CPU 40-Core GPU,FAULTY,0,0,0
Laptops,Apple,"MacBook Pro 14"" (2023)","A2779, A2918, A2992",https://www.sellcell.com/assets/images/devices/009/macbook-pro-14-2023.jpg,,,16GB,M3 Max 16-Core CPU 40-Core GPU,POOR,0,0,0
Laptops,Apple,"MacBook Pro 14"" (2023)","A2779, A2918, A2992",https://www.sellcell.com/assets/images/devices/009/macbook-pro-14-2023.jpg,,,18GB,M3 Max 16-Core CPU 40-Core GPU,GOOD,0,0,1423.75
Laptops,Apple,"MacBook Pro 14"" (2023)","A2779, A2918, A2992",https://www.sellcell.com/assets/images/devices/009/macbook-pro-14-2023.jpg,,,128GB,M3 Max 14-Core CPU 30-Core GPU,POOR,0,0,0
Laptops,Apple,"MacBook Pro 14"" (2023)","A2779, A2918, A2992",https://www.sellcell.com/assets/images/devices/009/macbook-pro-14-2023.jpg,,,16GB,M3 Max 16-Core CPU 40-Core GPU,MINT,0,0,1675.0
Laptops,Apple,"MacBook Pro 14"" (2023)","A2779, A2918, A2992",https://www.sellcell.com/assets/images/devices/009/macbook-pro-14-2023.jpg,,,8GB,M3 Max 16-Core CPU 40-Core GPU,GOOD,0,0,1423.75
Laptops,Apple,"MacBook Pro 14"" (2023)","A2779, A2918, A2992",https://www.sellcell.com/assets/images/devices/009/macbook-pro-14-2023.jpg,,,128GB,M3 Max 14-Core CPU 30-Core GPU,GOOD,0,0,1190.0
Laptops,Apple,"MacBook Pro 14"" (2023)","A2779, A2918, A2992",https://www.sellcell.com/assets/images/devices/009/macbook-pro-14-2023.jpg,,,8GB,M3 Max 16-Core CPU 40-Core GPU,FAULTY,0,0,0
Laptops,Apple,"MacBook Pro 14"" (2023)","A2779, A2918, A2992",https://www.sellcell.com/assets/images/devices/009/macbook-pro-14-2023.jpg,,,48GB,M3 Max 16-Core CPU 40-Core GPU,POOR,0,0,1040.0
Laptops,Apple,"MacBook Pro 14"" (2023)","A2779, A2918, A2992",https://www.sellcell.com/assets/images/devices/009/macbook-pro-14-2023.jpg,,,128GB,M3 Max 14-Core CPU 30-Core GPU,MINT,0,0,1400.0
Laptops,Apple,"MacBook Pro 14"" (2023)","A2779, A2918, A2992",https://www.sellcell.com/assets/images/devices/009/macbook-pro-14-2023.jpg,,,64GB,M3 Max 14-Core CPU 30-Core GPU,POOR,0,0,0
Laptops,Apple,"MacBook Pro 14"" (2023)","A2779, A2918, A2992",https://www.sellcell.com/assets/images/devices/009/macbook-pro-14-2023.jpg,,,96GB,M3 Max 14-Core CPU 30-Core GPU,POOR,0,0,1240.0
Laptops,Apple,"MacBook Pro 14"" (2023)","A2779, A2918, A2992",https://www.sellcell.com/assets/images/devices/009/macbook-pro-14-2023.jpg,,,8GB,M3 Max 16-Core CPU 40-Core GPU,MINT,0,0,1675.0
Laptops,Apple,"MacBook Pro 14"" (2023)","A2779, A2918, A2992",https://www.sellcell.com/assets/images/devices/009/macbook-pro-14-2023.jpg,,,8GB,M3 Max 16-Core CPU 40-Core GPU,POOR,0,0,0
Laptops,Apple,"MacBook Pro 14"" (2023)","A2779, A2918, A2992",https://www.sellcell.com/assets/images/devices/009/macbook-pro-14-2023.jpg,,,96GB,M3 Max 14-Core CPU 30-Core GPU,MINT,0,0,1800.0
Laptops,Apple,"MacBook Pro 14"" (2023)","A2779, A2918, A2992",https://www.sellcell.com/assets/images/devices/009/macbook-pro-14-2023.jpg,,,96GB,M3 Max 14-Core CPU 30-Core GPU,GOOD,0,0,1600.0
Laptops,Apple,"MacBook Pro 14"" (2023)","A2779, A2918, A2992",https://www.sellcell.com/assets/images/devices/009/macbook-pro-14-2023.jpg,,,64GB,M3 Max 14-Core CPU 30-Core GPU,FAULTY,0,0,0
Laptops,Apple,"MacBook Pro 14"" (2023)","A2779, A2918, A2992",https://www.sellcell.com/assets/images/devices/009/macbook-pro-14-2023.jpg,,,96GB,M3 Max 14-Core CPU 30-Core GPU,FAULTY,0,0,415.0
Laptops,Apple,"MacBook Pro 14"" (2023)","A2779, A2918, A2992",https://www.sellcell.com/assets/images/devices/009/macbook-pro-14-2023.jpg,,,64GB,M3 Max 14-Core CPU 30-Core GPU,GOOD,0,0,1190.0
Laptops,Apple,"MacBook Pro 14"" (2023)","A2779, A2918, A2992",https://www.sellcell.com/assets/images/devices/009/macbook-pro-14-2023.jpg,,,48GB,M3 Max 14-Core CPU 30-Core GPU,FAULTY,0,0,0
Laptops,Apple,"MacBook Pro 14"" (2023)","A2779, A2918, A2992",https://www.sellcell.com/assets/images/devices/009/macbook-pro-14-2023.jpg,,,48GB,M3 Max 14-Core CPU 30-Core GPU,POOR,0,0,0
Laptops,Apple,"MacBook Pro 14"" (2023)","A2779, A2918, A2992",https://www.sellcell.com/assets/images/devices/009/macbook-pro-14-2023.jpg,,,64GB,M3 Max 14-Core CPU 30-Core GPU,MINT,0,0,1400.0
Laptops,Apple,"MacBook Pro 14"" (2023)","A2779, A2918, A2992",https://www.sellcell.com/assets/images/devices/009/macbook-pro-14-2023.jpg,,,36GB,M3 Max 14-Core CPU 30-Core GPU,POOR,0,0,835.0
Laptops,Apple,"MacBook Pro 14"" (2023)","A2779, A2918, A2992",https://www.sellcell.com/assets/images/devices/009/macbook-pro-14-2023.jpg,,,36GB,M3 Max 14-Core CPU 30-Core GPU,FAULTY,0,0,415.0
Laptops,Apple,"MacBook Pro 14"" (2023)","A2779, A2918, A2992",https://www.sellcell.com/assets/images/devices/009/macbook-pro-14-2023.jpg,,,36GB,M3 Max 14-Core CPU 30-Core GPU,GOOD,0,0,1190.0
Laptops,Apple,"MacBook Pro 14"" (2023)","A2779, A2918, A2992",https://www.sellcell.com/assets/images/devices/009/macbook-pro-14-2023.jpg,,,32GB,M3 Max 14-Core CPU 30-Core GPU,FAULTY,0,0,0
Laptops,Apple,"MacBook Pro 14"" (2023)","A2779, A2918, A2992",https://www.sellcell.com/assets/images/devices/009/macbook-pro-14-2023.jpg,,,24GB,M3 Max 14-Core CPU 30-Core GPU,POOR,0,0,0
Laptops,Apple,"MacBook Pro 14"" (2023)","A2779, A2918, A2992",https://www.sellcell.com/assets/images/devices/009/macbook-pro-14-2023.jpg,,,32GB,M3 Max 14-Core CPU 30-Core GPU,MINT,0,0,1400.0
Laptops,Apple,"MacBook Pro 14"" (2023)","A2779, A2918, A2992",https://www.sellcell.com/assets/images/devices/009/macbook-pro-14-2023.jpg,,,48GB,M3 Max 14-Core CPU 30-Core GPU,MINT,0,0,1400.0
Laptops,Apple,"MacBook Pro 14"" (2023)","A2779, A2918, A2992",https://www.sellcell.com/assets/images/devices/009/macbook-pro-14-2023.jpg,,,32GB,M3 Max 14-Core CPU 30-Core GPU,GOOD,0,0,1190.0
Laptops,Apple,"MacBook Pro 14"" (2023)","A2779, A2918, A2992",https://www.sellcell.com/assets/images/devices/009/macbook-pro-14-2023.jpg,,,24GB,M3 Max 14-Core CPU 30-Core GPU,FAULTY,0,0,0
Laptops,Apple,"MacBook Pro 14"" (2023)","A2779, A2918, A2992",https://www.sellcell.com/assets/images/devices/009/macbook-pro-14-2023.jpg,,,36GB,M3 Max 14-Core CPU 30-Core GPU,MINT,0,0,1400.0
Laptops,Apple,"MacBook Pro 14"" (2023)","A2779, A2918, A2992",https://www.sellcell.com/assets/images/devices/009/macbook-pro-14-2023.jpg,,,18GB,M3 Max 16-Core CPU 40-Core GPU,FAULTY,0,0,0
Laptops,Apple,"MacBook Pro 14"" (2023)","A2779, A2918, A2992",https://www.sellcell.com/assets/images/devices/009/macbook-pro-14-2023.jpg,,,24GB,M3 Max 14-Core CPU 30-Core GPU,GOOD,0,0,1190.0
Laptops,Apple,"MacBook Pro 14"" (2023)","A2779, A2918, A2992",https://www.sellcell.com/assets/images/devices/009/macbook-pro-14-2023.jpg,,,32GB,M3 Max 14-Core CPU 30-Core GPU,POOR,0,0,0
Laptops,Apple,"MacBook Pro 14"" (2023)","A2779, A2918, A2992",https://www.sellcell.com/assets/images/devices/009/macbook-pro-14-2023.jpg,,,18GB,M3 Max 14-Core CPU 30-Core GPU,POOR,0,0,0
Laptops,Apple,"MacBook Pro 14"" (2023)","A2779, A2918, A2992",https://www.sellcell.com/assets/images/devices/009/macbook-pro-14-2023.jpg,,,16GB,M3 Max 14-Core CPU 30-Core GPU,FAULTY,0,0,0
Laptops,Apple,"MacBook Pro 14"" (2023)","A2779, A2918, A2992",https://www.sellcell.com/assets/images/devices/009/macbook-pro-14-2023.jpg,,,18GB,M3 Max 14-Core CPU 30-Core GPU,FAULTY,0,0,0
Laptops,Apple,"MacBook Pro 14"" (2023)","A2779, A2918, A2992",https://www.sellcell.com/assets/images/devices/009/macbook-pro-14-2023.jpg,,,24GB,M3 Max 14-Core CPU 30-Core GPU,MINT,0,0,1400.0
Laptops,Apple,"MacBook Pro 14"" (2023)","A2779, A2918, A2992",https://www.sellcell.com/assets/images/devices/009/macbook-pro-14-2023.jpg,,,18GB,M3 Max 14-Core CPU 30-Core GPU,GOOD,0,0,1190.0
Laptops,Apple,"MacBook Pro 14"" (2023)","A2779, A2918, A2992",https://www.sellcell.com/assets/images/devices/009/macbook-pro-14-2023.jpg,,,18GB,M3 Max 14-Core CPU 30-Core GPU,MINT,0,0,1400.0
Laptops,Apple,"MacBook Pro 14"" (2023)","A2779, A2918, A2992",https://www.sellcell.com/assets/images/devices/009/macbook-pro-14-2023.jpg,,,16GB,M3 Max 14-Core CPU 30-Core GPU,POOR,0,0,0
Laptops,Apple,"MacBook Pro 14"" (2023)","A2779, A2918, A2992",https://www.sellcell.com/assets/images/devices/009/macbook-pro-14-2023.jpg,,,16GB,M3 Max 14-Core CPU 30-Core GPU,GOOD,0,0,1190.0
Laptops,Apple,"MacBook Pro 14"" (2023)","A2779, A2918, A2992",https://www.sellcell.com/assets/images/devices/009/macbook-pro-14-2023.jpg,,,8GB,M3 Max 14-Core CPU 30-Core GPU,POOR,0,0,0
Laptops,Apple,"MacBook Pro 14"" (2023)","A2779, A2918, A2992",https://www.sellcell.com/assets/images/devices/009/macbook-pro-14-2023.jpg,,,48GB,M3 Max 14-Core CPU 30-Core GPU,GOOD,0,0,1190.0
Laptops,Apple,"MacBook Pro 14"" (2023)","A2779, A2918, A2992",https://www.sellcell.com/assets/images/devices/009/macbook-pro-14-2023.jpg,,,8GB,M3 Max 14-Core CPU 30-Core GPU,MINT,0,0,1400.0
Laptops,Apple,"MacBook Pro 14"" (2023)","A2779, A2918, A2992",https://www.sellcell.com/assets/images/devices/009/macbook-pro-14-2023.jpg,,,128GB,M2 Max 12-Core CPU 30-Core GPU,FAULTY,0,0,0
Laptops,Apple,"MacBook Pro 14"" (2023)","A2779, A2918, A2992",https://www.sellcell.com/assets/images/devices/009/macbook-pro-14-2023.jpg,,,8GB,M3 Max 14-Core CPU 30-Core GPU,GOOD,0,0,1190.0
Laptops,Apple,"MacBook Pro 14"" (2023)","A2779, A2918, A2992",https://www.sellcell.com/assets/images/devices/009/macbook-pro-14-2023.jpg,,,128GB,M2 Max 12-Core CPU 30-Core GPU,POOR,0,0,0
Laptops,Apple,"MacBook Pro 14"" (2023)","A2779, A2918, A2992",https://www.sellcell.com/assets/images/devices/009/macbook-pro-14-2023.jpg,,,16GB,M3 Max 14-Core CPU 30-Core GPU,MINT,0,0,1400.0
Laptops,Apple,"MacBook Pro 14"" (2023)","A2779, A2918, A2992",https://www.sellcell.com/assets/images/devices/009/macbook-pro-14-2023.jpg,,,128GB,M2 Max 12-Core CPU 30-Core GPU,GOOD,0,0,0
Laptops,Apple,"MacBook Pro 14"" (2023)","A2779, A2918, A2992",https://www.sellcell.com/assets/images/devices/009/macbook-pro-14-2023.jpg,,,96GB,M2 Max 12-Core CPU 30-Core GPU,GOOD,0,0,0
Laptops,Apple,"MacBook Pro 14"" (2023)","A2779, A2918, A2992",https://www.sellcell.com/assets/images/devices/009/macbook-pro-14-2023.jpg,,,96GB,M2 Max 12-Core CPU 30-Core GPU,FAULTY,0,0,0
Laptops,Apple,"MacBook Pro 14"" (2023)","A2779, A2918, A2992",https://www.sellcell.com/assets/images/devices/009/macbook-pro-14-2023.jpg,,,64GB,M2 Max 12-Core CPU 30-Core GPU,GOOD,0,0,1075.0
Laptops,Apple,"MacBook Pro 14"" (2023)","A2779, A2918, A2992",https://www.sellcell.com/assets/images/devices/009/macbook-pro-14-2023.jpg,,,128GB,M2 Max 12-Core CPU 30-Core GPU,MINT,0,0,0
Laptops,Apple,"MacBook Pro 14"" (2023)","A2779, A2918, A2992",https://www.sellcell.com/assets/images/devices/009/macbook-pro-14-2023.jpg,,,64GB,M2 Max 12-Core CPU 30-Core GPU,FAULTY,0,0,210.0
Laptops,Apple,"MacBook Pro 14"" (2023)","A2779, A2918, A2992",https://www.sellcell.com/assets/images/devices/009/macbook-pro-14-2023.jpg,,,64GB,M2 Max 12-Core CPU 30-Core GPU,POOR,0,0,930.0
Laptops,Apple,"MacBook Pro 14"" (2023)","A2779, A2918, A2992",https://www.sellcell.com/assets/images/devices/009/macbook-pro-14-2023.jpg,,,96GB,M2 Max 12-Core CPU 30-Core GPU,MINT,0,0,0
Laptops,Apple,"MacBook Pro 14"" (2023)","A2779, A2918, A2992",https://www.sellcell.com/assets/images/devices/009/macbook-pro-14-2023.jpg,,,8GB,M3 Max 14-Core CPU 30-Core GPU,FAULTY,0,0,0
Laptops,Apple,"MacBook Pro 14"" (2023)","A2779, A2918, A2992",https://www.sellcell.com/assets/images/devices/009/macbook-pro-14-2023.jpg,,,36GB,M3 Pro 11-Core CPU 14-Core GPU,MINT,0,0,1076.0
Laptops,Apple,"MacBook Pro 14"" (2023)","A2779, A2918, A2992",https://www.sellcell.com/assets/images/devices/009/macbook-pro-14-2023.jpg,,,36GB,M2 Max 12-Core CPU 30-Core GPU,FAULTY,0,0,0
Laptops,Apple,"MacBook Pro 14"" (2023)","A2779, A2918, A2992",https://www.sellcell.com/assets/images/devices/009/macbook-pro-14-2023.jpg,,,48GB,M2 Max 12-Core CPU 30-Core GPU,FAULTY,0,0,0
Laptops,Apple,"MacBook Pro 14"" (2023)","A2779, A2918, A2992",https://www.sellcell.com/assets/images/devices/009/macbook-pro-14-2023.jpg,,,48GB,M2 Max 12-Core CPU 30-Core GPU,POOR,0,0,0
Laptops,Apple,"MacBook Pro 14"" (2023)","A2779, A2918, A2992",https://www.sellcell.com/assets/images/devices/009/macbook-pro-14-2023.jpg,,,48GB,M2 Max 12-Core CPU 30-Core GPU,MINT,0,0,0
Laptops,Apple,"MacBook Pro 14"" (2023)","A2779, A2918, A2992",https://www.sellcell.com/assets/images/devices/009/macbook-pro-14-2023.jpg,,,36GB,M2 Max 12-Core CPU 30-Core GPU,POOR,0,0,0
Laptops,Apple,"MacBook Pro 14"" (2023)","A2779, A2918, A2992",https://www.sellcell.com/assets/images/devices/009/macbook-pro-14-2023.jpg,,,96GB,M2 Max 12-Core CPU 30-Core GPU,POOR,0,0,0
Laptops,Apple,"MacBook Pro 14"" (2023)","A2779, A2918, A2992",https://www.sellcell.com/assets/images/devices/009/macbook-pro-14-2023.jpg,,,36GB,M2 Max 12-Core CPU 30-Core GPU,GOOD,0,0,0
Laptops,Apple,"MacBook Pro 14"" (2023)","A2779, A2918, A2992",https://www.sellcell.com/assets/images/devices/009/macbook-pro-14-2023.jpg,,,32GB,M2 Max 12-Core CPU 30-Core GPU,GOOD,0,0,935.0
Laptops,Apple,"MacBook Pro 14"" (2023)","A2779, A2918, A2992",https://www.sellcell.com/assets/images/devices/009/macbook-pro-14-2023.jpg,,,64GB,M2 Max 12-Core CPU 30-Core GPU,MINT,0,0,1181.0
Laptops,Apple,"MacBook Pro 14"" (2023)","A2779, A2918, A2992",https://www.sellcell.com/assets/images/devices/009/macbook-pro-14-2023.jpg,,,48GB,M2 Max 12-Core CPU 30-Core GPU,GOOD,0,0,0
Laptops,Apple,"MacBook Pro 14"" (2023)","A2779, A2918, A2992",https://www.sellcell.com/assets/images/devices/009/macbook-pro-14-2023.jpg,,,24GB,M2 Max 12-Core CPU 30-Core GPU,POOR,0,0,0
Laptops,Apple,"MacBook Pro 14"" (2023)","A2779, A2918, A2992",https://www.sellcell.com/assets/images/devices/009/macbook-pro-14-2023.jpg,,,32GB,M2 Max 12-Core CPU 30-Core GPU,POOR,0,0,725.0
Laptops,Apple,"MacBook Pro 14"" (2023)","A2779, A2918, A2992",https://www.sellcell.com/assets/images/devices/009/macbook-pro-14-2023.jpg,,,36GB,M2 Max 12-Core CPU 30-Core GPU,MINT,0,0,0
Laptops,Apple,"MacBook Pro 14"" (2023)","A2779, A2918, A2992",https://www.sellcell.com/assets/images/devices/009/macbook-pro-14-2023.jpg,,,24GB,M2 Max 12-Core CPU 30-Core GPU,GOOD,0,0,0
Laptops,Apple,"MacBook Pro 14"" (2023)","A2779, A2918, A2992",https://www.sellcell.com/assets/images/devices/009/macbook-pro-14-2023.jpg,,,24GB,M2 Max 12-Core CPU 30-Core GPU,MINT,0,0,0
Laptops,Apple,"MacBook Pro 14"" (2023)","A2779, A2918, A2992",https://www.sellcell.com/assets/images/devices/009/macbook-pro-14-2023.jpg,,,24GB,M2 Max 12-Core CPU 30-Core GPU,FAULTY,0,0,0
Laptops,Apple,"MacBook Pro 14"" (2023)","A2779, A2918, A2992",https://www.sellcell.com/assets/images/devices/009/macbook-pro-14-2023.jpg,,,18GB,M2 Max 12-Core CPU 30-Core GPU,FAULTY,0,0,0
Laptops,Apple,"MacBook Pro 14"" (2023)","A2779, A2918, A2992",https://www.sellcell.com/assets/images/devices/009/macbook-pro-14-2023.jpg,,,16GB,M2 Max 12-Core CPU 30-Core GPU,POOR,0,0,0
Laptops,Apple,"MacBook Pro 14"" (2023)","A2779, A2918, A2992",https://www.sellcell.com/assets/images/devices/009/macbook-pro-14-2023.jpg,,,18GB,M2 Max 12-Core CPU 30-Core GPU,POOR,0,0,0
Laptops,Apple,"MacBook Pro 14"" (2023)","A2779, A2918, A2992",https://www.sellcell.com/assets/images/devices/009/macbook-pro-14-2023.jpg,,,18GB,M2 Max 12-Core CPU 30-Core GPU,MINT,0,0,0
Laptops,Apple,"MacBook Pro 14"" (2023)","A2779, A2918, A2992",https://www.sellcell.com/assets/images/devices/009/macbook-pro-14-2023.jpg,,,18GB,M2 Max 12-Core CPU 30-Core GPU,GOOD,0,0,0
Laptops,Apple,"MacBook Pro 14"" (2023)","A2779, A2918, A2992",https://www.sellcell.com/assets/images/devices/009/macbook-pro-14-2023.jpg,,,32GB,M2 Max 12-Core CPU 30-Core GPU,MINT,0,0,1100.0
Laptops,Apple,"MacBook Pro 14"" (2023)","A2779, A2918, A2992",https://www.sellcell.com/assets/images/devices/009/macbook-pro-14-2023.jpg,,,8GB,M2 Max 12-Core CPU 30-Core GPU,FAULTY,0,0,0
Laptops,Apple,"MacBook Pro 14"" (2023)","A2779, A2918, A2992",https://www.sellcell.com/assets/images/devices/009/macbook-pro-14-2023.jpg,,,32GB,M2 Max 12-Core CPU 30-Core GPU,FAULTY,0,0,210.0
Laptops,Apple,"MacBook Pro 14"" (2023)","A2779, A2918, A2992",https://www.sellcell.com/assets/images/devices/009/macbook-pro-14-2023.jpg,,,16GB,M2 Max 12-Core CPU 30-Core GPU,MINT,0,0,0
Laptops,Apple,"MacBook Pro 14"" (2023)","A2779, A2918, A2992",https://www.sellcell.com/assets/images/devices/009/macbook-pro-14-2023.jpg,,,8GB,M2 Max 12-Core CPU 30-Core GPU,GOOD,0,0,0
Laptops,Apple,"MacBook Pro 14"" (2023)","A2779, A2918, A2992",https://www.sellcell.com/assets/images/devices/009/macbook-pro-14-2023.jpg,,,16GB,M2 Max 12-Core CPU 30-Core GPU,GOOD,0,0,0
Laptops,Apple,"MacBook Pro 14"" (2023)","A2779, A2918, A2992",https://www.sellcell.com/assets/images/devices/009/macbook-pro-14-2023.jpg,,,8GB,M2 Max 12-Core CPU 30-Core GPU,POOR,0,0,0
Laptops,Apple,"MacBook 12"" (2017)",A1534,https://www.sellcell.com/assets/images/devices/008/macbook-12-2017.jpg,,,8GB,m3 1.2GHz,FAULTY,0,0,6.0
Laptops,Apple,"MacBook 12"" (2017)",A1534,https://www.sellcell.com/assets/images/devices/008/macbook-12-2017.jpg,,,16GB,i7 1.4GHz,FAULTY,0,0,10.0
Laptops,Apple,"MacBook 12"" (2017)",A1534,https://www.sellcell.com/assets/images/devices/008/macbook-12-2017.jpg,,,16GB,i7 1.4GHz,POOR,0,0,110.0
Laptops,Apple,"MacBook Pro 14"" (2023)","A2779, A2918, A2992",https://www.sellcell.com/assets/images/devices/009/macbook-pro-14-2023.jpg,,,8GB,M2 Max 12-Core CPU 30-Core GPU,MINT,0,0,0
Laptops,Apple,"MacBook 12"" (2017)",A1534,https://www.sellcell.com/assets/images/devices/008/macbook-12-2017.jpg,,,8GB,m3 1.2GHz,POOR,0,0,35.0
Laptops,Apple,"MacBook 12"" (2017)",A1534,https://www.sellcell.com/assets/images/devices/008/macbook-12-2017.jpg,,,16GB,m3 1.2GHz,FAULTY,0,0,6.0
Laptops,Apple,"MacBook 12"" (2017)",A1534,https://www.sellcell.com/assets/images/devices/008/macbook-12-2017.jpg,,,8GB,m3 1.2GHz,GOOD,0,0,93.5
Laptops,Apple,"MacBook 12"" (2017)",A1534,https://www.sellcell.com/assets/images/devices/008/macbook-12-2017.jpg,,,16GB,m3 1.2GHz,MINT,0,0,150.0
Laptops,Apple,"MacBook Pro 14"" (2023)","A2779, A2918, A2992",https://www.sellcell.com/assets/images/devices/009/macbook-pro-14-2023.jpg,,,16GB,M2 Max 12-Core CPU 30-Core GPU,FAULTY,0,0,0
Laptops,Apple,"MacBook 12"" (2017)",A1534,https://www.sellcell.com/assets/images/devices/008/macbook-12-2017.jpg,,,16GB,i7 1.4GHz,MINT,0,0,200.0
Laptops,Apple,"MacBook 12"" (2017)",A1534,https://www.sellcell.com/assets/images/devices/008/macbook-12-2017.jpg,,,8GB,i7 1.4GHz,FAULTY,0,0,10.0
Laptops,Apple,"MacBook 12"" (2017)",A1534,https://www.sellcell.com/assets/images/devices/008/macbook-12-2017.jpg,,,8GB,m3 1.2GHz,MINT,0,0,125.0
Laptops,Apple,"MacBook 12"" (2017)",A1534,https://www.sellcell.com/assets/images/devices/008/macbook-12-2017.jpg,,,16GB,m3 1.2GHz,GOOD,0,0,110.0
Laptops,Apple,"MacBook 12"" (2017)",A1534,https://www.sellcell.com/assets/images/devices/008/macbook-12-2017.jpg,,,8GB,i7 1.4GHz,GOOD,0,0,135.0
Laptops,Apple,"MacBook 12"" (2017)",A1534,https://www.sellcell.com/assets/images/devices/008/macbook-12-2017.jpg,,,8GB,i7 1.4GHz,MINT,0,0,175.0
Laptops,Apple,"MacBook 12"" (2017)",A1534,https://www.sellcell.com/assets/images/devices/008/macbook-12-2017.jpg,,,16GB,i5 1.3GHz,POOR,0,0,90.0
Laptops,Apple,"MacBook 12"" (2017)",A1534,https://www.sellcell.com/assets/images/devices/008/macbook-12-2017.jpg,,,16GB,i7 1.4GHz,GOOD,0,0,160.0
Laptops,Apple,"MacBook 12"" (2017)",A1534,https://www.sellcell.com/assets/images/devices/008/macbook-12-2017.jpg,,,8GB,i7 1.4GHz,POOR,0,0,85.0
Laptops,Apple,"MacBook 12"" (2017)",A1534,https://www.sellcell.com/assets/images/devices/008/macbook-12-2017.jpg,,,8GB,i5 1.3GHz,MINT,0,0,155.0
Laptops,Apple,"MacBook 12"" (2017)",A1534,https://www.sellcell.com/assets/images/devices/008/macbook-12-2017.jpg,,,16GB,i5 1.3GHz,MINT,0,0,180.0
Laptops,Apple,"MacBook 12"" (2017)",A1534,https://www.sellcell.com/assets/images/devices/008/macbook-12-2017.jpg,,,8GB,i5 1.3GHz,GOOD,0,0,115.0
Laptops,Apple,"MacBook 12"" (2017)",A1534,https://www.sellcell.com/assets/images/devices/008/macbook-12-2017.jpg,,,8GB,i5 1.3GHz,FAULTY,0,0,8.0
Laptops,Apple,"MacBook 12"" (2017)",A1534,https://www.sellcell.com/assets/images/devices/008/macbook-12-2017.jpg,,,16GB,i5 1.3GHz,GOOD,0,0,140.0
Laptops,Apple,"MacBook 12"" (2017)",A1534,https://www.sellcell.com/assets/images/devices/008/macbook-12-2017.jpg,,,8GB,i5 1.3GHz,POOR,0,0,65.0
Laptops,Apple,"MacBook 12"" (2017)",A1534,https://www.sellcell.com/assets/images/devices/008/macbook-12-2017.jpg,,,16GB,m3 1.2GHz,POOR,0,0,60.0
Laptops,Apple,"MacBook 12"" (2017)",A1534,https://www.sellcell.com/assets/images/devices/008/macbook-12-2017.jpg,,,16GB,i5 1.3GHz,FAULTY,0,0,9.0
Laptops,Apple,"MacBook Pro 14"" (2023)","A2779, A2918, A2992",https://www.sellcell.com/assets/images/devices/009/macbook-pro-14-2023.jpg,,,128GB,M3 Max 14-Core CPU 30-Core GPU,FAULTY,0,0,0
