Category,Brand,Type,Name,Network,Capacity,Condition,Maximum_Price,Buybackworld_Price
Smartphones,Apple,Cell Phone,iPhone 7,Unlocked,256GB,FAULTY,,
Smartphones,Apple,Cell Phone,iPhone SE 1st Gen (2016),Unlocked,128GB,FAULTY,,
Smartphones,Apple,Cell Phone,iPhone SE 1st Gen (2016),Unlocked,128GB,POOR,,
Smartphones,Apple,Cell Phone,iPhone SE 1st Gen (2016),Unlocked,128GB,GOOD,3,3
Smartphones,Apple,Cell Phone,iPhone SE 1st Gen (2016),Unlocked,128GB,MINT,3,3
Smartphones,Apple,Cell Phone,iPhone SE 1st Gen (2016),Unlocked,64GB,FAULTY,,
Smartphones,Apple,Cell Phone,iPhone SE 1st Gen (2016),Unlocked,64GB,POOR,,
Smartphones,Apple,Cell Phone,iPhone SE 1st Gen (2016),Unlocked,64GB,GOOD,2,2
Smartphones,Apple,Cell Phone,iPhone SE 1st Gen (2016),Unlocked,64GB,MINT,2,2
Smartphones,Apple,Cell Phone,iPhone SE 1st Gen (2016),Other,128GB,FAULTY,,
Smartphones,Apple,Cell Phone,iPhone SE 1st Gen (2016),Other,128GB,POOR,,
Smartphones,Apple,Cell Phone,iPhone SE 1st Gen (2016),Other,128GB,GOOD,,
Smartphones,Apple,Cell Phone,iPhone SE 1st Gen (2016),Other,128GB,MINT,,
Smartphones,Apple,Cell Phone,iPhone SE 1st Gen (2016),Other,64GB,FAULTY,,
Smartphones,Apple,Cell Phone,iPhone SE 1st Gen (2016),Other,64GB,POOR,,
Smartphones,Apple,Cell Phone,iPhone SE 1st Gen (2016),Other,64GB,GOOD,,
Smartphones,Apple,Cell Phone,iPhone SE 1st Gen (2016),Other,64GB,MINT,,
Smartphones,Apple,Cell Phone,iPhone SE 1st Gen (2016),T-Mobile,128GB,FAULTY,,
Smartphones,Apple,Cell Phone,iPhone SE 1st Gen (2016),T-Mobile,128GB,POOR,,
Smartphones,Apple,Cell Phone,iPhone SE 1st Gen (2016),T-Mobile,128GB,GOOD,,
Smartphones,Apple,Cell Phone,iPhone SE 1st Gen (2016),T-Mobile,128GB,MINT,,
Smartphones,Apple,Cell Phone,iPhone SE 1st Gen (2016),T-Mobile,64GB,FAULTY,,
Smartphones,Apple,Cell Phone,iPhone SE 1st Gen (2016),T-Mobile,64GB,POOR,,
Smartphones,Apple,Cell Phone,iPhone SE 1st Gen (2016),T-Mobile,64GB,GOOD,,
Smartphones,Apple,Cell Phone,iPhone SE 1st Gen (2016),T-Mobile,64GB,MINT,,
Smartphones,Apple,Cell Phone,iPhone SE 1st Gen (2016),AT&T,128GB,FAULTY,,
Smartphones,Apple,Cell Phone,iPhone SE 1st Gen (2016),AT&T,128GB,POOR,,
Smartphones,Apple,Cell Phone,iPhone SE 1st Gen (2016),AT&T,128GB,GOOD,1,1
Smartphones,Apple,Cell Phone,iPhone SE 1st Gen (2016),AT&T,128GB,MINT,1,1
Smartphones,Apple,Cell Phone,iPhone SE 1st Gen (2016),AT&T,64GB,FAULTY,,
Smartphones,Apple,Cell Phone,iPhone SE 1st Gen (2016),AT&T,64GB,POOR,,
Smartphones,Apple,Cell Phone,iPhone SE 1st Gen (2016),AT&T,64GB,GOOD,,
Smartphones,Apple,Cell Phone,iPhone SE 1st Gen (2016),AT&T,64GB,MINT,,
Smartphones,Apple,Cell Phone,iPhone SE 1st Gen (2016),Verizon,128GB,FAULTY,,
Smartphones,Apple,Cell Phone,iPhone SE 1st Gen (2016),Verizon,128GB,POOR,,
Smartphones,Apple,Cell Phone,iPhone SE 1st Gen (2016),Verizon,128GB,GOOD,2,2
Smartphones,Apple,Cell Phone,iPhone SE 1st Gen (2016),Verizon,128GB,MINT,2,2
Smartphones,Apple,Cell Phone,iPhone SE 1st Gen (2016),Verizon,64GB,FAULTY,,
Smartphones,Apple,Cell Phone,iPhone SE 1st Gen (2016),Verizon,64GB,POOR,,
Smartphones,Apple,Cell Phone,iPhone SE 1st Gen (2016),Verizon,64GB,GOOD,,
Smartphones,Apple,Cell Phone,iPhone SE 1st Gen (2016),Verizon,64GB,MINT,,
Smartphones,Apple,Cell Phone,iPhone 7,Unlocked,256GB,POOR,5,
Smartphones,Apple,Cell Phone,iPhone 7,Unlocked,256GB,GOOD,8,
Smartphones,Apple,Cell Phone,iPhone 7,Unlocked,256GB,MINT,12,1
Smartphones,Apple,Cell Phone,iPhone 7,Unlocked,128GB,FAULTY,,
Smartphones,Apple,Cell Phone,iPhone 7,Unlocked,128GB,POOR,4,
Smartphones,Apple,Cell Phone,iPhone 7,Unlocked,128GB,GOOD,6,
Smartphones,Apple,Cell Phone,iPhone 7,Unlocked,128GB,MINT,11,
Smartphones,Apple,Cell Phone,iPhone 7,Unlocked,32GB,FAULTY,,
Smartphones,Apple,Cell Phone,iPhone 7,Unlocked,32GB,POOR,4,
Smartphones,Apple,Cell Phone,iPhone 7,Unlocked,32GB,GOOD,6,
Smartphones,Apple,Cell Phone,iPhone 7,Unlocked,32GB,MINT,11,
Smartphones,Apple,Cell Phone,iPhone 7,Other,256GB,FAULTY,,
Smartphones,Apple,Cell Phone,iPhone 7,Other,256GB,POOR,,
Smartphones,Apple,Cell Phone,iPhone 7,Other,256GB,GOOD,4,
Smartphones,Apple,Cell Phone,iPhone 7,Other,256GB,MINT,7,
Smartphones,Apple,Cell Phone,iPhone 7,Other,128GB,FAULTY,,
Smartphones,Apple,Cell Phone,iPhone 7,Other,128GB,POOR,,
Smartphones,Apple,Cell Phone,iPhone 7,Other,128GB,GOOD,6,
Smartphones,Apple,Cell Phone,iPhone 7,Other,128GB,MINT,6,
Smartphones,Apple,Cell Phone,iPhone 7,Other,32GB,FAULTY,,
Smartphones,Apple,Cell Phone,iPhone 7,Other,32GB,POOR,,
Smartphones,Apple,Cell Phone,iPhone 7,Other,32GB,GOOD,2,
Smartphones,Apple,Cell Phone,iPhone 7,Other,32GB,MINT,5,
Smartphones,Apple,Cell Phone,iPhone 7,T-Mobile,256GB,FAULTY,,
Smartphones,Apple,Cell Phone,iPhone 7,T-Mobile,256GB,POOR,2,
Smartphones,Apple,Cell Phone,iPhone 7,T-Mobile,256GB,GOOD,5,
Smartphones,Apple,Cell Phone,iPhone 7,T-Mobile,256GB,MINT,10,
Smartphones,Apple,Cell Phone,iPhone 7,T-Mobile,128GB,FAULTY,,
Smartphones,Apple,Cell Phone,iPhone 7,T-Mobile,128GB,POOR,2,
Smartphones,Apple,Cell Phone,iPhone 7,T-Mobile,128GB,GOOD,4,
Smartphones,Apple,Cell Phone,iPhone 7,T-Mobile,128GB,MINT,9,
Smartphones,Apple,Cell Phone,iPhone 7,T-Mobile,32GB,FAULTY,,
Smartphones,Apple,Cell Phone,iPhone 7,T-Mobile,32GB,POOR,1,
Smartphones,Apple,Cell Phone,iPhone 7,T-Mobile,32GB,GOOD,3,
Smartphones,Apple,Cell Phone,iPhone 7,T-Mobile,32GB,MINT,8,
Smartphones,Apple,Cell Phone,iPhone 7,AT&T,256GB,FAULTY,,
Smartphones,Apple,Cell Phone,iPhone 7,AT&T,256GB,POOR,4,
Smartphones,Apple,Cell Phone,iPhone 7,AT&T,256GB,GOOD,6,
Smartphones,Apple,Cell Phone,iPhone 7,AT&T,256GB,MINT,11,
Smartphones,Apple,Cell Phone,iPhone 7,AT&T,128GB,FAULTY,,
Smartphones,Apple,Cell Phone,iPhone 7,AT&T,128GB,POOR,2,
Smartphones,Apple,Cell Phone,iPhone 7,AT&T,128GB,GOOD,5,
Smartphones,Apple,Cell Phone,iPhone 7,AT&T,128GB,MINT,10,
Smartphones,Apple,Cell Phone,iPhone 7,AT&T,32GB,FAULTY,,
Smartphones,Apple,Cell Phone,iPhone 7,AT&T,32GB,POOR,2,
Smartphones,Apple,Cell Phone,iPhone 7,AT&T,32GB,GOOD,5,
Smartphones,Apple,Cell Phone,iPhone 7,AT&T,32GB,MINT,10,
Smartphones,Apple,Cell Phone,iPhone 7,Verizon,256GB,FAULTY,,
Smartphones,Apple,Cell Phone,iPhone 7,Verizon,256GB,POOR,5,
Smartphones,Apple,Cell Phone,iPhone 7,Verizon,256GB,GOOD,8,
Smartphones,Apple,Cell Phone,iPhone 7,Verizon,256GB,MINT,12,
Smartphones,Apple,Cell Phone,iPhone 7,Verizon,128GB,FAULTY,,
Smartphones,Apple,Cell Phone,iPhone 7,Verizon,128GB,POOR,4,
Smartphones,Apple,Cell Phone,iPhone 7,Verizon,128GB,GOOD,6,
Smartphones,Apple,Cell Phone,iPhone 7,Verizon,128GB,MINT,11,
Smartphones,Apple,Cell Phone,iPhone 7,Verizon,32GB,FAULTY,,
Smartphones,Apple,Cell Phone,iPhone 7,Verizon,32GB,POOR,4,
Smartphones,Apple,Cell Phone,iPhone 7,Verizon,32GB,GOOD,6,
Smartphones,Apple,Cell Phone,iPhone 7,Verizon,32GB,MINT,11,
Smartphones,Apple,Cell Phone,iPhone 7 Plus,Unlocked,256GB,FAULTY,,
Smartphones,Apple,Cell Phone,iPhone 8,Unlocked,256GB,FAULTY,12,
Smartphones,Apple,Cell Phone,iPhone 8,Unlocked,256GB,POOR,19,
Smartphones,Apple,Cell Phone,iPhone 8,Unlocked,256GB,GOOD,29,10
Smartphones,Apple,Cell Phone,iPhone 8,Unlocked,256GB,MINT,34,20
Smartphones,Apple,Cell Phone,iPhone 8,Unlocked,128GB,FAULTY,11,
Smartphones,Apple,Cell Phone,iPhone 8,Unlocked,128GB,POOR,17,
Smartphones,Apple,Cell Phone,iPhone 8,Unlocked,128GB,GOOD,27,5
Smartphones,Apple,Cell Phone,iPhone 8,Unlocked,128GB,MINT,32,15
Smartphones,Apple,Cell Phone,iPhone 8,Unlocked,64GB,FAULTY,9,
Smartphones,Apple,Cell Phone,iPhone 8,Unlocked,64GB,POOR,12,
Smartphones,Apple,Cell Phone,iPhone 8,Unlocked,64GB,GOOD,22,
Smartphones,Apple,Cell Phone,iPhone 8,Unlocked,64GB,MINT,27,10
Smartphones,Apple,Cell Phone,iPhone 8,Other,256GB,FAULTY,20,
Smartphones,Apple,Cell Phone,iPhone 8,Other,256GB,POOR,20,
Smartphones,Apple,Cell Phone,iPhone 8,Other,256GB,GOOD,30,
Smartphones,Apple,Cell Phone,iPhone 8,Other,256GB,MINT,30,
Smartphones,Apple,Cell Phone,iPhone 8,Other,128GB,FAULTY,5,
Smartphones,Apple,Cell Phone,iPhone 8,Other,128GB,POOR,5,
Smartphones,Apple,Cell Phone,iPhone 8,Other,128GB,GOOD,10,
Smartphones,Apple,Cell Phone,iPhone 8,Other,128GB,MINT,13,
Smartphones,Apple,Cell Phone,iPhone 8,Other,64GB,FAULTY,5,
Smartphones,Apple,Cell Phone,iPhone 8,Other,64GB,POOR,5,
Smartphones,Apple,Cell Phone,iPhone 8,Other,64GB,GOOD,10,
Smartphones,Apple,Cell Phone,iPhone 8,Other,64GB,MINT,10,
Smartphones,Apple,Cell Phone,iPhone 8,T-Mobile,256GB,FAULTY,20,
Smartphones,Apple,Cell Phone,iPhone 8,T-Mobile,256GB,POOR,20,
Smartphones,Apple,Cell Phone,iPhone 8,T-Mobile,256GB,GOOD,30,
Smartphones,Apple,Cell Phone,iPhone 8,T-Mobile,256GB,MINT,30,5
Smartphones,Apple,Cell Phone,iPhone 8,T-Mobile,128GB,FAULTY,9,
Smartphones,Apple,Cell Phone,iPhone 8,T-Mobile,128GB,POOR,12,
Smartphones,Apple,Cell Phone,iPhone 8,T-Mobile,128GB,GOOD,22,
Smartphones,Apple,Cell Phone,iPhone 8,T-Mobile,128GB,MINT,27,
Smartphones,Apple,Cell Phone,iPhone 8,T-Mobile,64GB,FAULTY,7,
Smartphones,Apple,Cell Phone,iPhone 8,T-Mobile,64GB,POOR,7,
Smartphones,Apple,Cell Phone,iPhone 8,T-Mobile,64GB,GOOD,17,
Smartphones,Apple,Cell Phone,iPhone 8,T-Mobile,64GB,MINT,22,
Smartphones,Apple,Cell Phone,iPhone 8,AT&T,256GB,FAULTY,20,
Smartphones,Apple,Cell Phone,iPhone 8,AT&T,256GB,POOR,20,
Smartphones,Apple,Cell Phone,iPhone 8,AT&T,256GB,GOOD,30,
Smartphones,Apple,Cell Phone,iPhone 8,AT&T,256GB,MINT,30,10
Smartphones,Apple,Cell Phone,iPhone 8,AT&T,128GB,FAULTY,9,
Smartphones,Apple,Cell Phone,iPhone 8,AT&T,128GB,POOR,12,
Smartphones,Apple,Cell Phone,iPhone 8,AT&T,128GB,GOOD,22,
Smartphones,Apple,Cell Phone,iPhone 8,AT&T,128GB,MINT,27,10
Smartphones,Apple,Cell Phone,iPhone 8,AT&T,64GB,FAULTY,7,
Smartphones,Apple,Cell Phone,iPhone 8,AT&T,64GB,POOR,7,
Smartphones,Apple,Cell Phone,iPhone 8,AT&T,64GB,GOOD,17,
Smartphones,Apple,Cell Phone,iPhone 8,AT&T,64GB,MINT,22,5
Smartphones,Apple,Cell Phone,iPhone 8,Verizon,256GB,FAULTY,12,
Smartphones,Apple,Cell Phone,iPhone 8,Verizon,256GB,POOR,19,
Smartphones,Apple,Cell Phone,iPhone 8,Verizon,256GB,GOOD,29,5
Smartphones,Apple,Cell Phone,iPhone 8,Verizon,256GB,MINT,34,15
Smartphones,Apple,Cell Phone,iPhone 8,Verizon,128GB,FAULTY,11,
Smartphones,Apple,Cell Phone,iPhone 8,Verizon,128GB,POOR,17,
Smartphones,Apple,Cell Phone,iPhone 8,Verizon,128GB,GOOD,27,
Smartphones,Apple,Cell Phone,iPhone 8,Verizon,128GB,MINT,32,10
Smartphones,Apple,Cell Phone,iPhone 8,Verizon,64GB,FAULTY,9,
Smartphones,Apple,Cell Phone,iPhone 8,Verizon,64GB,POOR,12,
Smartphones,Apple,Cell Phone,iPhone 8,Verizon,64GB,GOOD,22,
Smartphones,Apple,Cell Phone,iPhone 8,Verizon,64GB,MINT,27,10
Smartphones,Apple,Cell Phone,iPhone 7 Plus,Unlocked,256GB,POOR,11,
Smartphones,Apple,Cell Phone,iPhone 7 Plus,Unlocked,256GB,GOOD,25,10
Smartphones,Apple,Cell Phone,iPhone 7 Plus,Unlocked,256GB,MINT,25,15
Smartphones,Apple,Cell Phone,iPhone 7 Plus,Unlocked,128GB,FAULTY,,
Smartphones,Apple,Cell Phone,iPhone 7 Plus,Unlocked,128GB,POOR,6,
Smartphones,Apple,Cell Phone,iPhone 7 Plus,Unlocked,128GB,GOOD,20,8
Smartphones,Apple,Cell Phone,iPhone 7 Plus,Unlocked,128GB,MINT,20,12
Smartphones,Apple,Cell Phone,iPhone 7 Plus,Unlocked,32GB,FAULTY,,
Smartphones,Apple,Cell Phone,iPhone 7 Plus,Unlocked,32GB,POOR,5,
Smartphones,Apple,Cell Phone,iPhone 7 Plus,Unlocked,32GB,GOOD,15,6
Smartphones,Apple,Cell Phone,iPhone 7 Plus,Unlocked,32GB,MINT,16,10
Smartphones,Apple,Cell Phone,iPhone 7 Plus,Other,256GB,FAULTY,,
Smartphones,Apple,Cell Phone,iPhone 7 Plus,Other,256GB,POOR,,
Smartphones,Apple,Cell Phone,iPhone 7 Plus,Other,256GB,GOOD,15,
Smartphones,Apple,Cell Phone,iPhone 7 Plus,Other,256GB,MINT,15,
Smartphones,Apple,Cell Phone,iPhone 7 Plus,Other,128GB,FAULTY,,
Smartphones,Apple,Cell Phone,iPhone 7 Plus,Other,128GB,POOR,,
Smartphones,Apple,Cell Phone,iPhone 7 Plus,Other,128GB,GOOD,10,
Smartphones,Apple,Cell Phone,iPhone 7 Plus,Other,128GB,MINT,11,
Smartphones,Apple,Cell Phone,iPhone 7 Plus,Other,32GB,FAULTY,,
Smartphones,Apple,Cell Phone,iPhone 7 Plus,Other,32GB,POOR,,
Smartphones,Apple,Cell Phone,iPhone 7 Plus,Other,32GB,GOOD,7,
Smartphones,Apple,Cell Phone,iPhone 7 Plus,Other,32GB,MINT,10,
Smartphones,Apple,Cell Phone,iPhone 7 Plus,T-Mobile,256GB,FAULTY,,
Smartphones,Apple,Cell Phone,iPhone 7 Plus,T-Mobile,256GB,POOR,7,
Smartphones,Apple,Cell Phone,iPhone 7 Plus,T-Mobile,256GB,GOOD,15,5
Smartphones,Apple,Cell Phone,iPhone 7 Plus,T-Mobile,256GB,MINT,15,10
Smartphones,Apple,Cell Phone,iPhone 7 Plus,T-Mobile,128GB,FAULTY,,
Smartphones,Apple,Cell Phone,iPhone 7 Plus,T-Mobile,128GB,POOR,5,
Smartphones,Apple,Cell Phone,iPhone 7 Plus,T-Mobile,128GB,GOOD,10,5
Smartphones,Apple,Cell Phone,iPhone 7 Plus,T-Mobile,128GB,MINT,11,7
Smartphones,Apple,Cell Phone,iPhone 7 Plus,T-Mobile,32GB,FAULTY,,
Smartphones,Apple,Cell Phone,iPhone 7 Plus,T-Mobile,32GB,POOR,,
Smartphones,Apple,Cell Phone,iPhone 7 Plus,T-Mobile,32GB,GOOD,5,2
Smartphones,Apple,Cell Phone,iPhone 7 Plus,T-Mobile,32GB,MINT,9,4
Smartphones,Apple,Cell Phone,iPhone 7 Plus,AT&T,256GB,FAULTY,,
Smartphones,Apple,Cell Phone,iPhone 7 Plus,AT&T,256GB,POOR,10,
Smartphones,Apple,Cell Phone,iPhone 7 Plus,AT&T,256GB,GOOD,15,5
Smartphones,Apple,Cell Phone,iPhone 7 Plus,AT&T,256GB,MINT,16,10
Smartphones,Apple,Cell Phone,iPhone 7 Plus,AT&T,128GB,FAULTY,,
Smartphones,Apple,Cell Phone,iPhone 7 Plus,AT&T,128GB,POOR,9,
Smartphones,Apple,Cell Phone,iPhone 7 Plus,AT&T,128GB,GOOD,11,5
Smartphones,Apple,Cell Phone,iPhone 7 Plus,AT&T,128GB,MINT,15,7
Smartphones,Apple,Cell Phone,iPhone 7 Plus,AT&T,32GB,FAULTY,,
Smartphones,Apple,Cell Phone,iPhone 7 Plus,AT&T,32GB,POOR,7,
Smartphones,Apple,Cell Phone,iPhone 7 Plus,AT&T,32GB,GOOD,9,3
Smartphones,Apple,Cell Phone,iPhone 7 Plus,AT&T,32GB,MINT,13,5
Smartphones,Apple,Cell Phone,iPhone 7 Plus,Verizon,256GB,FAULTY,,
Smartphones,Apple,Cell Phone,iPhone 7 Plus,Verizon,256GB,POOR,11,
Smartphones,Apple,Cell Phone,iPhone 7 Plus,Verizon,256GB,GOOD,25,5
Smartphones,Apple,Cell Phone,iPhone 7 Plus,Verizon,256GB,MINT,25,10
Smartphones,Apple,Cell Phone,iPhone 7 Plus,Verizon,128GB,FAULTY,,
Smartphones,Apple,Cell Phone,iPhone 7 Plus,Verizon,128GB,POOR,6,
Smartphones,Apple,Cell Phone,iPhone 7 Plus,Verizon,128GB,GOOD,20,5
Smartphones,Apple,Cell Phone,iPhone 7 Plus,Verizon,128GB,MINT,20,7
Smartphones,Apple,Cell Phone,iPhone 7 Plus,Verizon,32GB,FAULTY,,
Smartphones,Apple,Cell Phone,iPhone 7 Plus,Verizon,32GB,POOR,5,
Smartphones,Apple,Cell Phone,iPhone 7 Plus,Verizon,32GB,GOOD,15,3
Smartphones,Apple,Cell Phone,iPhone 7 Plus,Verizon,32GB,MINT,16,5
Smartphones,Apple,Cell Phone,iPhone 8 Plus,Unlocked,256GB,FAULTY,10,6
Smartphones,Apple,Cell Phone,iPhone X,Unlocked,256GB,FAULTY,20,7
Smartphones,Apple,Cell Phone,iPhone X,Unlocked,256GB,POOR,53,7
Smartphones,Apple,Cell Phone,iPhone X,Unlocked,256GB,GOOD,75,55
Smartphones,Apple,Cell Phone,iPhone X,Unlocked,256GB,MINT,90,65
Smartphones,Apple,Cell Phone,iPhone X,Unlocked,64GB,FAULTY,13,7
Smartphones,Apple,Cell Phone,iPhone X,Unlocked,64GB,POOR,33,7
Smartphones,Apple,Cell Phone,iPhone X,Unlocked,64GB,GOOD,65,51
Smartphones,Apple,Cell Phone,iPhone X,Unlocked,64GB,MINT,75,61
Smartphones,Apple,Cell Phone,iPhone X,Other,256GB,FAULTY,10,2
Smartphones,Apple,Cell Phone,iPhone X,Other,256GB,POOR,20,2
Smartphones,Apple,Cell Phone,iPhone X,Other,256GB,GOOD,33,21
Smartphones,Apple,Cell Phone,iPhone X,Other,256GB,MINT,42.5,30
Smartphones,Apple,Cell Phone,iPhone X,Other,64GB,FAULTY,7,2
Smartphones,Apple,Cell Phone,iPhone X,Other,64GB,POOR,13,2
Smartphones,Apple,Cell Phone,iPhone X,Other,64GB,GOOD,26.25,20
Smartphones,Apple,Cell Phone,iPhone X,Other,64GB,MINT,35,30
Smartphones,Apple,Cell Phone,iPhone X,T-Mobile,256GB,FAULTY,10,2
Smartphones,Apple,Cell Phone,iPhone X,T-Mobile,256GB,POOR,25,2
Smartphones,Apple,Cell Phone,iPhone X,T-Mobile,256GB,GOOD,50,35
Smartphones,Apple,Cell Phone,iPhone X,T-Mobile,256GB,MINT,63.75,45
Smartphones,Apple,Cell Phone,iPhone X,T-Mobile,64GB,FAULTY,9,2
Smartphones,Apple,Cell Phone,iPhone X,T-Mobile,64GB,POOR,9,2
Smartphones,Apple,Cell Phone,iPhone X,T-Mobile,64GB,GOOD,39.38,30
Smartphones,Apple,Cell Phone,iPhone X,T-Mobile,64GB,MINT,52.5,41
Smartphones,Apple,Cell Phone,iPhone X,AT&T,256GB,FAULTY,13,5
Smartphones,Apple,Cell Phone,iPhone X,AT&T,256GB,POOR,33,5
Smartphones,Apple,Cell Phone,iPhone X,AT&T,256GB,GOOD,70,40
Smartphones,Apple,Cell Phone,iPhone X,AT&T,256GB,MINT,80,50
Smartphones,Apple,Cell Phone,iPhone X,AT&T,64GB,FAULTY,9,5
Smartphones,Apple,Cell Phone,iPhone X,AT&T,64GB,POOR,14,5
Smartphones,Apple,Cell Phone,iPhone X,AT&T,64GB,GOOD,55,41
Smartphones,Apple,Cell Phone,iPhone X,AT&T,64GB,MINT,65,51
Smartphones,Apple,Cell Phone,iPhone X,Verizon,256GB,FAULTY,20,7
Smartphones,Apple,Cell Phone,iPhone X,Verizon,256GB,POOR,53,7
Smartphones,Apple,Cell Phone,iPhone X,Verizon,256GB,GOOD,75,51
Smartphones,Apple,Cell Phone,iPhone X,Verizon,256GB,MINT,85,61
Smartphones,Apple,Cell Phone,iPhone X,Verizon,64GB,FAULTY,13,7
Smartphones,Apple,Cell Phone,iPhone X,Verizon,64GB,POOR,33,7
Smartphones,Apple,Cell Phone,iPhone X,Verizon,64GB,GOOD,55,45
Smartphones,Apple,Cell Phone,iPhone X,Verizon,64GB,MINT,65,55
Smartphones,Apple,Cell Phone,iPhone 8 Plus,Unlocked,256GB,POOR,48,6
Smartphones,Apple,Cell Phone,iPhone 8 Plus,Unlocked,256GB,GOOD,65,55
Smartphones,Apple,Cell Phone,iPhone 8 Plus,Unlocked,256GB,MINT,70,65
Smartphones,Apple,Cell Phone,iPhone 8 Plus,Unlocked,128GB,FAULTY,7,5
Smartphones,Apple,Cell Phone,iPhone 8 Plus,Unlocked,128GB,POOR,43,5
Smartphones,Apple,Cell Phone,iPhone 8 Plus,Unlocked,128GB,GOOD,60,50
Smartphones,Apple,Cell Phone,iPhone 8 Plus,Unlocked,128GB,MINT,65,60
Smartphones,Apple,Cell Phone,iPhone 8 Plus,Unlocked,64GB,FAULTY,7,5
Smartphones,Apple,Cell Phone,iPhone 8 Plus,Unlocked,64GB,POOR,33,5
Smartphones,Apple,Cell Phone,iPhone 8 Plus,Unlocked,64GB,GOOD,50,41
Smartphones,Apple,Cell Phone,iPhone 8 Plus,Unlocked,64GB,MINT,55,50
Smartphones,Apple,Cell Phone,iPhone 8 Plus,Other,256GB,FAULTY,6,2
Smartphones,Apple,Cell Phone,iPhone 8 Plus,Other,256GB,POOR,11,2
Smartphones,Apple,Cell Phone,iPhone 8 Plus,Other,256GB,GOOD,35,35
Smartphones,Apple,Cell Phone,iPhone 8 Plus,Other,256GB,MINT,45,45
Smartphones,Apple,Cell Phone,iPhone 8 Plus,Other,128GB,FAULTY,6,2
Smartphones,Apple,Cell Phone,iPhone 8 Plus,Other,128GB,POOR,8,2
Smartphones,Apple,Cell Phone,iPhone 8 Plus,Other,128GB,GOOD,20,5
Smartphones,Apple,Cell Phone,iPhone 8 Plus,Other,128GB,MINT,20,15
Smartphones,Apple,Cell Phone,iPhone 8 Plus,Other,64GB,FAULTY,5,2
Smartphones,Apple,Cell Phone,iPhone 8 Plus,Other,64GB,POOR,6,2
Smartphones,Apple,Cell Phone,iPhone 8 Plus,Other,64GB,GOOD,15,10
Smartphones,Apple,Cell Phone,iPhone 8 Plus,Other,64GB,MINT,16,15
Smartphones,Apple,Cell Phone,iPhone 8 Plus,T-Mobile,256GB,FAULTY,6,5
Smartphones,Apple,Cell Phone,iPhone 8 Plus,T-Mobile,256GB,POOR,33,5
Smartphones,Apple,Cell Phone,iPhone 8 Plus,T-Mobile,256GB,GOOD,50,40
Smartphones,Apple,Cell Phone,iPhone 8 Plus,T-Mobile,256GB,MINT,55,50
Smartphones,Apple,Cell Phone,iPhone 8 Plus,T-Mobile,128GB,FAULTY,6,2
Smartphones,Apple,Cell Phone,iPhone 8 Plus,T-Mobile,128GB,POOR,28,2
Smartphones,Apple,Cell Phone,iPhone 8 Plus,T-Mobile,128GB,GOOD,45,20
Smartphones,Apple,Cell Phone,iPhone 8 Plus,T-Mobile,128GB,MINT,50,30
Smartphones,Apple,Cell Phone,iPhone 8 Plus,T-Mobile,64GB,FAULTY,6,3
Smartphones,Apple,Cell Phone,iPhone 8 Plus,T-Mobile,64GB,POOR,18,3
Smartphones,Apple,Cell Phone,iPhone 8 Plus,T-Mobile,64GB,GOOD,35,20
Smartphones,Apple,Cell Phone,iPhone 8 Plus,T-Mobile,64GB,MINT,40,30
Smartphones,Apple,Cell Phone,iPhone 8 Plus,AT&T,256GB,FAULTY,6,5
Smartphones,Apple,Cell Phone,iPhone 8 Plus,AT&T,256GB,POOR,38,5
Smartphones,Apple,Cell Phone,iPhone 8 Plus,AT&T,256GB,GOOD,55,45
Smartphones,Apple,Cell Phone,iPhone 8 Plus,AT&T,256GB,MINT,60,55
Smartphones,Apple,Cell Phone,iPhone 8 Plus,AT&T,128GB,FAULTY,6,3
Smartphones,Apple,Cell Phone,iPhone 8 Plus,AT&T,128GB,POOR,33,3
Smartphones,Apple,Cell Phone,iPhone 8 Plus,AT&T,128GB,GOOD,50,35
Smartphones,Apple,Cell Phone,iPhone 8 Plus,AT&T,128GB,MINT,55,45
Smartphones,Apple,Cell Phone,iPhone 8 Plus,AT&T,64GB,FAULTY,6,3
Smartphones,Apple,Cell Phone,iPhone 8 Plus,AT&T,64GB,POOR,23,3
Smartphones,Apple,Cell Phone,iPhone 8 Plus,AT&T,64GB,GOOD,40,30
Smartphones,Apple,Cell Phone,iPhone 8 Plus,AT&T,64GB,MINT,45,41
Smartphones,Apple,Cell Phone,iPhone 8 Plus,Verizon,256GB,FAULTY,10,5
Smartphones,Apple,Cell Phone,iPhone 8 Plus,Verizon,256GB,POOR,48,5
Smartphones,Apple,Cell Phone,iPhone 8 Plus,Verizon,256GB,GOOD,65,51
Smartphones,Apple,Cell Phone,iPhone 8 Plus,Verizon,256GB,MINT,70,61
Smartphones,Apple,Cell Phone,iPhone 8 Plus,Verizon,128GB,FAULTY,7,3
Smartphones,Apple,Cell Phone,iPhone 8 Plus,Verizon,128GB,POOR,43,3
Smartphones,Apple,Cell Phone,iPhone 8 Plus,Verizon,128GB,GOOD,60,40
Smartphones,Apple,Cell Phone,iPhone 8 Plus,Verizon,128GB,MINT,65,50
Smartphones,Apple,Cell Phone,iPhone 8 Plus,Verizon,64GB,FAULTY,7,5
Smartphones,Apple,Cell Phone,iPhone 8 Plus,Verizon,64GB,POOR,33,5
Smartphones,Apple,Cell Phone,iPhone 8 Plus,Verizon,64GB,GOOD,50,35
Smartphones,Apple,Cell Phone,iPhone 8 Plus,Verizon,64GB,MINT,55,45
Smartphones,Apple,Cell Phone,iPhone XR,Unlocked,256GB,FAULTY,30,5
Smartphones,Apple,Cell Phone,iPhone XS,Unlocked,512GB,FAULTY,28,15
Smartphones,Apple,Cell Phone,iPhone XS,Unlocked,512GB,POOR,53,15
Smartphones,Apple,Cell Phone,iPhone XS,Unlocked,512GB,GOOD,93,70
Smartphones,Apple,Cell Phone,iPhone XS,Unlocked,512GB,MINT,110,80
Smartphones,Apple,Cell Phone,iPhone XS,Unlocked,256GB,FAULTY,25,15
Smartphones,Apple,Cell Phone,iPhone XS,Unlocked,256GB,POOR,48,15
Smartphones,Apple,Cell Phone,iPhone XS,Unlocked,256GB,GOOD,80,60
Smartphones,Apple,Cell Phone,iPhone XS,Unlocked,256GB,MINT,90,70
Smartphones,Apple,Cell Phone,iPhone XS,Unlocked,64GB,FAULTY,23,15
Smartphones,Apple,Cell Phone,iPhone XS,Unlocked,64GB,POOR,33,15
Smartphones,Apple,Cell Phone,iPhone XS,Unlocked,64GB,GOOD,65,45
Smartphones,Apple,Cell Phone,iPhone XS,Unlocked,64GB,MINT,75,55
Smartphones,Apple,Cell Phone,iPhone XS,Other,512GB,FAULTY,18,10
Smartphones,Apple,Cell Phone,iPhone XS,Other,512GB,POOR,28,10
Smartphones,Apple,Cell Phone,iPhone XS,Other,512GB,GOOD,60,35
Smartphones,Apple,Cell Phone,iPhone XS,Other,512GB,MINT,70,45
Smartphones,Apple,Cell Phone,iPhone XS,Other,256GB,FAULTY,15,3
Smartphones,Apple,Cell Phone,iPhone XS,Other,256GB,POOR,23,3
Smartphones,Apple,Cell Phone,iPhone XS,Other,256GB,GOOD,55,20
Smartphones,Apple,Cell Phone,iPhone XS,Other,256GB,MINT,65,30
Smartphones,Apple,Cell Phone,iPhone XS,Other,64GB,FAULTY,13,3
Smartphones,Apple,Cell Phone,iPhone XS,Other,64GB,POOR,18,3
Smartphones,Apple,Cell Phone,iPhone XS,Other,64GB,GOOD,40,20
Smartphones,Apple,Cell Phone,iPhone XS,Other,64GB,MINT,53,30
Smartphones,Apple,Cell Phone,iPhone XS,T-Mobile,512GB,FAULTY,23,10
Smartphones,Apple,Cell Phone,iPhone XS,T-Mobile,512GB,POOR,38,10
Smartphones,Apple,Cell Phone,iPhone XS,T-Mobile,512GB,GOOD,70,35
Smartphones,Apple,Cell Phone,iPhone XS,T-Mobile,512GB,MINT,80,55
Smartphones,Apple,Cell Phone,iPhone XS,T-Mobile,256GB,FAULTY,20,5
Smartphones,Apple,Cell Phone,iPhone XS,T-Mobile,256GB,POOR,33,5
Smartphones,Apple,Cell Phone,iPhone XS,T-Mobile,256GB,GOOD,65,25
Smartphones,Apple,Cell Phone,iPhone XS,T-Mobile,256GB,MINT,75,35
Smartphones,Apple,Cell Phone,iPhone XS,T-Mobile,64GB,FAULTY,18,3
Smartphones,Apple,Cell Phone,iPhone XS,T-Mobile,64GB,POOR,20,3
Smartphones,Apple,Cell Phone,iPhone XS,T-Mobile,64GB,GOOD,50,20
Smartphones,Apple,Cell Phone,iPhone XS,T-Mobile,64GB,MINT,60,30
Smartphones,Apple,Cell Phone,iPhone XS,AT&T,512GB,FAULTY,25,15
Smartphones,Apple,Cell Phone,iPhone XS,AT&T,512GB,POOR,75,15
Smartphones,Apple,Cell Phone,iPhone XS,AT&T,512GB,GOOD,80,55
Smartphones,Apple,Cell Phone,iPhone XS,AT&T,512GB,MINT,95,65
Smartphones,Apple,Cell Phone,iPhone XS,AT&T,256GB,FAULTY,20,15
Smartphones,Apple,Cell Phone,iPhone XS,AT&T,256GB,POOR,38,15
Smartphones,Apple,Cell Phone,iPhone XS,AT&T,256GB,GOOD,70,35
Smartphones,Apple,Cell Phone,iPhone XS,AT&T,256GB,MINT,80,45
Smartphones,Apple,Cell Phone,iPhone XS,AT&T,64GB,FAULTY,18,10
Smartphones,Apple,Cell Phone,iPhone XS,AT&T,64GB,POOR,23,10
Smartphones,Apple,Cell Phone,iPhone XS,AT&T,64GB,GOOD,55,30
Smartphones,Apple,Cell Phone,iPhone XS,AT&T,64GB,MINT,65,40
Smartphones,Apple,Cell Phone,iPhone XS,Verizon,512GB,FAULTY,28,15
Smartphones,Apple,Cell Phone,iPhone XS,Verizon,512GB,POOR,50,15
Smartphones,Apple,Cell Phone,iPhone XS,Verizon,512GB,GOOD,95,65
Smartphones,Apple,Cell Phone,iPhone XS,Verizon,512GB,MINT,110,75
Smartphones,Apple,Cell Phone,iPhone XS,Verizon,256GB,FAULTY,25,15
Smartphones,Apple,Cell Phone,iPhone XS,Verizon,256GB,POOR,40,15
Smartphones,Apple,Cell Phone,iPhone XS,Verizon,256GB,GOOD,80,45
Smartphones,Apple,Cell Phone,iPhone XS,Verizon,256GB,MINT,95,55
Smartphones,Apple,Cell Phone,iPhone XS,Verizon,64GB,FAULTY,23,15
Smartphones,Apple,Cell Phone,iPhone XS,Verizon,64GB,POOR,28,15
Smartphones,Apple,Cell Phone,iPhone XS,Verizon,64GB,GOOD,60,35
Smartphones,Apple,Cell Phone,iPhone XS,Verizon,64GB,MINT,70,45
Smartphones,Apple,Cell Phone,iPhone XR,Unlocked,256GB,POOR,60,5
Smartphones,Apple,Cell Phone,iPhone XR,Unlocked,256GB,GOOD,99,65
Smartphones,Apple,Cell Phone,iPhone XR,Unlocked,256GB,MINT,110,75
Smartphones,Apple,Cell Phone,iPhone XR,Unlocked,128GB,FAULTY,25,5
Smartphones,Apple,Cell Phone,iPhone XR,Unlocked,128GB,POOR,50,5
Smartphones,Apple,Cell Phone,iPhone XR,Unlocked,128GB,GOOD,83,55
Smartphones,Apple,Cell Phone,iPhone XR,Unlocked,128GB,MINT,94,65
Smartphones,Apple,Cell Phone,iPhone XR,Unlocked,64GB,FAULTY,21,3
Smartphones,Apple,Cell Phone,iPhone XR,Unlocked,64GB,POOR,40,3
Smartphones,Apple,Cell Phone,iPhone XR,Unlocked,64GB,GOOD,66,45
Smartphones,Apple,Cell Phone,iPhone XR,Unlocked,64GB,MINT,77,55
Smartphones,Apple,Cell Phone,iPhone XR,Other,256GB,FAULTY,15,3
Smartphones,Apple,Cell Phone,iPhone XR,Other,256GB,POOR,30,3
Smartphones,Apple,Cell Phone,iPhone XR,Other,256GB,GOOD,50,45
Smartphones,Apple,Cell Phone,iPhone XR,Other,256GB,MINT,55,55
Smartphones,Apple,Cell Phone,iPhone XR,Other,128GB,FAULTY,15,3
Smartphones,Apple,Cell Phone,iPhone XR,Other,128GB,POOR,25,3
Smartphones,Apple,Cell Phone,iPhone XR,Other,128GB,GOOD,42,30
Smartphones,Apple,Cell Phone,iPhone XR,Other,128GB,MINT,47,45
Smartphones,Apple,Cell Phone,iPhone XR,Other,64GB,FAULTY,10,3
Smartphones,Apple,Cell Phone,iPhone XR,Other,64GB,POOR,20,3
Smartphones,Apple,Cell Phone,iPhone XR,Other,64GB,GOOD,33,17
Smartphones,Apple,Cell Phone,iPhone XR,Other,64GB,MINT,39,27
Smartphones,Apple,Cell Phone,iPhone XR,T-Mobile,256GB,FAULTY,20,5
Smartphones,Apple,Cell Phone,iPhone XR,T-Mobile,256GB,POOR,45,5
Smartphones,Apple,Cell Phone,iPhone XR,T-Mobile,256GB,GOOD,70,55
Smartphones,Apple,Cell Phone,iPhone XR,T-Mobile,256GB,MINT,75,65
Smartphones,Apple,Cell Phone,iPhone XR,T-Mobile,128GB,FAULTY,17,3
Smartphones,Apple,Cell Phone,iPhone XR,T-Mobile,128GB,POOR,35,3
Smartphones,Apple,Cell Phone,iPhone XR,T-Mobile,128GB,GOOD,60,30
Smartphones,Apple,Cell Phone,iPhone XR,T-Mobile,128GB,MINT,65,45
Smartphones,Apple,Cell Phone,iPhone XR,T-Mobile,64GB,FAULTY,16,3
Smartphones,Apple,Cell Phone,iPhone XR,T-Mobile,64GB,POOR,25,3
Smartphones,Apple,Cell Phone,iPhone XR,T-Mobile,64GB,GOOD,50,30
Smartphones,Apple,Cell Phone,iPhone XR,T-Mobile,64GB,MINT,56.25,40
Smartphones,Apple,Cell Phone,iPhone XR,AT&T,256GB,FAULTY,24,5
Smartphones,Apple,Cell Phone,iPhone XR,AT&T,256GB,POOR,50,5
Smartphones,Apple,Cell Phone,iPhone XR,AT&T,256GB,GOOD,75,55
Smartphones,Apple,Cell Phone,iPhone XR,AT&T,256GB,MINT,80,65
Smartphones,Apple,Cell Phone,iPhone XR,AT&T,128GB,FAULTY,22,5
Smartphones,Apple,Cell Phone,iPhone XR,AT&T,128GB,POOR,40,5
Smartphones,Apple,Cell Phone,iPhone XR,AT&T,128GB,GOOD,65,52
Smartphones,Apple,Cell Phone,iPhone XR,AT&T,128GB,MINT,70,62
Smartphones,Apple,Cell Phone,iPhone XR,AT&T,64GB,FAULTY,21,3
Smartphones,Apple,Cell Phone,iPhone XR,AT&T,64GB,POOR,33,3
Smartphones,Apple,Cell Phone,iPhone XR,AT&T,64GB,GOOD,55,40
Smartphones,Apple,Cell Phone,iPhone XR,AT&T,64GB,MINT,61,50
Smartphones,Apple,Cell Phone,iPhone XR,Verizon,256GB,FAULTY,30,5
Smartphones,Apple,Cell Phone,iPhone XR,Verizon,256GB,POOR,59,5
Smartphones,Apple,Cell Phone,iPhone XR,Verizon,256GB,GOOD,99,60
Smartphones,Apple,Cell Phone,iPhone XR,Verizon,256GB,MINT,110,70
Smartphones,Apple,Cell Phone,iPhone XR,Verizon,128GB,FAULTY,25,5
Smartphones,Apple,Cell Phone,iPhone XR,Verizon,128GB,POOR,50,5
Smartphones,Apple,Cell Phone,iPhone XR,Verizon,128GB,GOOD,83,50
Smartphones,Apple,Cell Phone,iPhone XR,Verizon,128GB,MINT,94,65
Smartphones,Apple,Cell Phone,iPhone XR,Verizon,64GB,FAULTY,21,3
Smartphones,Apple,Cell Phone,iPhone XR,Verizon,64GB,POOR,40,3
Smartphones,Apple,Cell Phone,iPhone XR,Verizon,64GB,GOOD,66,40
Smartphones,Apple,Cell Phone,iPhone XR,Verizon,64GB,MINT,77,50
Smartphones,Apple,Cell Phone,iPhone XS Max,Unlocked,512GB,FAULTY,43,20
Smartphones,Apple,Cell Phone,iPhone SE 2nd Gen (2020),Unlocked,256GB,FAULTY,17,4
Smartphones,Apple,Cell Phone,iPhone SE 2nd Gen (2020),Unlocked,256GB,POOR,42,4
Smartphones,Apple,Cell Phone,iPhone SE 2nd Gen (2020),Unlocked,256GB,GOOD,55,45
Smartphones,Apple,Cell Phone,iPhone SE 2nd Gen (2020),Unlocked,256GB,MINT,66,60
Smartphones,Apple,Cell Phone,iPhone SE 2nd Gen (2020),Unlocked,128GB,FAULTY,14,4
Smartphones,Apple,Cell Phone,iPhone SE 2nd Gen (2020),Unlocked,128GB,POOR,37,4
Smartphones,Apple,Cell Phone,iPhone SE 2nd Gen (2020),Unlocked,128GB,GOOD,47,42
Smartphones,Apple,Cell Phone,iPhone SE 2nd Gen (2020),Unlocked,128GB,MINT,52,52
Smartphones,Apple,Cell Phone,iPhone SE 2nd Gen (2020),Unlocked,64GB,FAULTY,11,3
Smartphones,Apple,Cell Phone,iPhone SE 2nd Gen (2020),Unlocked,64GB,POOR,27,3
Smartphones,Apple,Cell Phone,iPhone SE 2nd Gen (2020),Unlocked,64GB,GOOD,37,30
Smartphones,Apple,Cell Phone,iPhone SE 2nd Gen (2020),Unlocked,64GB,MINT,42,40
Smartphones,Apple,Cell Phone,iPhone SE 2nd Gen (2020),Other,256GB,FAULTY,9,3
Smartphones,Apple,Cell Phone,iPhone SE 2nd Gen (2020),Other,256GB,POOR,17,3
Smartphones,Apple,Cell Phone,iPhone SE 2nd Gen (2020),Other,256GB,GOOD,37.8,22
Smartphones,Apple,Cell Phone,iPhone SE 2nd Gen (2020),Other,256GB,MINT,42,32
Smartphones,Apple,Cell Phone,iPhone SE 2nd Gen (2020),Other,128GB,FAULTY,7,2
Smartphones,Apple,Cell Phone,iPhone SE 2nd Gen (2020),Other,128GB,POOR,14,2
Smartphones,Apple,Cell Phone,iPhone SE 2nd Gen (2020),Other,128GB,GOOD,31.5,12
Smartphones,Apple,Cell Phone,iPhone SE 2nd Gen (2020),Other,128GB,MINT,35,17
Smartphones,Apple,Cell Phone,iPhone SE 2nd Gen (2020),Other,64GB,FAULTY,6,
Smartphones,Apple,Cell Phone,iPhone SE 2nd Gen (2020),Other,64GB,POOR,11,
Smartphones,Apple,Cell Phone,iPhone SE 2nd Gen (2020),Other,64GB,GOOD,25.2,2
Smartphones,Apple,Cell Phone,iPhone SE 2nd Gen (2020),Other,64GB,MINT,28,5
Smartphones,Apple,Cell Phone,iPhone SE 2nd Gen (2020),T-Mobile,256GB,FAULTY,12,4
Smartphones,Apple,Cell Phone,iPhone SE 2nd Gen (2020),T-Mobile,256GB,POOR,23,4
Smartphones,Apple,Cell Phone,iPhone SE 2nd Gen (2020),T-Mobile,256GB,GOOD,48.6,37
Smartphones,Apple,Cell Phone,iPhone SE 2nd Gen (2020),T-Mobile,256GB,MINT,54,52
Smartphones,Apple,Cell Phone,iPhone SE 2nd Gen (2020),T-Mobile,128GB,FAULTY,7,3
Smartphones,Apple,Cell Phone,iPhone SE 2nd Gen (2020),T-Mobile,128GB,POOR,10,3
Smartphones,Apple,Cell Phone,iPhone SE 2nd Gen (2020),T-Mobile,128GB,GOOD,40.5,27
Smartphones,Apple,Cell Phone,iPhone SE 2nd Gen (2020),T-Mobile,128GB,MINT,45,37
Smartphones,Apple,Cell Phone,iPhone SE 2nd Gen (2020),T-Mobile,64GB,FAULTY,4,3
Smartphones,Apple,Cell Phone,iPhone SE 2nd Gen (2020),T-Mobile,64GB,POOR,10,3
Smartphones,Apple,Cell Phone,iPhone SE 2nd Gen (2020),T-Mobile,64GB,GOOD,32.4,12
Smartphones,Apple,Cell Phone,iPhone SE 2nd Gen (2020),T-Mobile,64GB,MINT,36,22
Smartphones,Apple,Cell Phone,iPhone SE 2nd Gen (2020),AT&T,256GB,FAULTY,13,4
Smartphones,Apple,Cell Phone,iPhone SE 2nd Gen (2020),AT&T,256GB,POOR,27,4
Smartphones,Apple,Cell Phone,iPhone SE 2nd Gen (2020),AT&T,256GB,GOOD,48.6,40
Smartphones,Apple,Cell Phone,iPhone SE 2nd Gen (2020),AT&T,256GB,MINT,55,55
Smartphones,Apple,Cell Phone,iPhone SE 2nd Gen (2020),AT&T,128GB,FAULTY,9,3
Smartphones,Apple,Cell Phone,iPhone SE 2nd Gen (2020),AT&T,128GB,POOR,22,3
Smartphones,Apple,Cell Phone,iPhone SE 2nd Gen (2020),AT&T,128GB,GOOD,40.5,37
Smartphones,Apple,Cell Phone,iPhone SE 2nd Gen (2020),AT&T,128GB,MINT,47,47
Smartphones,Apple,Cell Phone,iPhone SE 2nd Gen (2020),AT&T,64GB,FAULTY,6,3
Smartphones,Apple,Cell Phone,iPhone SE 2nd Gen (2020),AT&T,64GB,POOR,12,3
Smartphones,Apple,Cell Phone,iPhone SE 2nd Gen (2020),AT&T,64GB,GOOD,32.4,22
Smartphones,Apple,Cell Phone,iPhone SE 2nd Gen (2020),AT&T,64GB,MINT,36,32
Smartphones,Apple,Cell Phone,iPhone SE 2nd Gen (2020),Verizon,256GB,FAULTY,17,4
Smartphones,Apple,Cell Phone,iPhone SE 2nd Gen (2020),Verizon,256GB,POOR,42,4
Smartphones,Apple,Cell Phone,iPhone SE 2nd Gen (2020),Verizon,256GB,GOOD,55,40
Smartphones,Apple,Cell Phone,iPhone SE 2nd Gen (2020),Verizon,256GB,MINT,72,55
Smartphones,Apple,Cell Phone,iPhone SE 2nd Gen (2020),Verizon,128GB,FAULTY,14,3
Smartphones,Apple,Cell Phone,iPhone SE 2nd Gen (2020),Verizon,128GB,POOR,37,3
Smartphones,Apple,Cell Phone,iPhone SE 2nd Gen (2020),Verizon,128GB,GOOD,47,37
Smartphones,Apple,Cell Phone,iPhone SE 2nd Gen (2020),Verizon,128GB,MINT,52,47
Smartphones,Apple,Cell Phone,iPhone SE 2nd Gen (2020),Verizon,64GB,FAULTY,11,3
Smartphones,Apple,Cell Phone,iPhone SE 2nd Gen (2020),Verizon,64GB,POOR,27,3
Smartphones,Apple,Cell Phone,iPhone SE 2nd Gen (2020),Verizon,64GB,GOOD,37,25
Smartphones,Apple,Cell Phone,iPhone SE 2nd Gen (2020),Verizon,64GB,MINT,42,35
Smartphones,Apple,Cell Phone,iPhone XS Max,Unlocked,512GB,POOR,100,20
Smartphones,Apple,Cell Phone,iPhone XS Max,Unlocked,512GB,GOOD,141,76
Smartphones,Apple,Cell Phone,iPhone XS Max,Unlocked,512GB,MINT,151,90
Smartphones,Apple,Cell Phone,iPhone XS Max,Unlocked,256GB,FAULTY,39,20
Smartphones,Apple,Cell Phone,iPhone XS Max,Unlocked,256GB,POOR,95,20
Smartphones,Apple,Cell Phone,iPhone XS Max,Unlocked,256GB,GOOD,126,60
Smartphones,Apple,Cell Phone,iPhone XS Max,Unlocked,256GB,MINT,146,82
Smartphones,Apple,Cell Phone,iPhone XS Max,Unlocked,64GB,FAULTY,33,15
Smartphones,Apple,Cell Phone,iPhone XS Max,Unlocked,64GB,POOR,85,15
Smartphones,Apple,Cell Phone,iPhone XS Max,Unlocked,64GB,GOOD,111,65
Smartphones,Apple,Cell Phone,iPhone XS Max,Unlocked,64GB,MINT,131,75
Smartphones,Apple,Cell Phone,iPhone XS Max,Other,512GB,FAULTY,22,10
Smartphones,Apple,Cell Phone,iPhone XS Max,Other,512GB,POOR,43,10
Smartphones,Apple,Cell Phone,iPhone XS Max,Other,512GB,GOOD,73,45
Smartphones,Apple,Cell Phone,iPhone XS Max,Other,512GB,MINT,78,55
Smartphones,Apple,Cell Phone,iPhone XS Max,Other,256GB,FAULTY,19,10
Smartphones,Apple,Cell Phone,iPhone XS Max,Other,256GB,POOR,39,10
Smartphones,Apple,Cell Phone,iPhone XS Max,Other,256GB,GOOD,64,35
Smartphones,Apple,Cell Phone,iPhone XS Max,Other,256GB,MINT,75,50
Smartphones,Apple,Cell Phone,iPhone XS Max,Other,64GB,FAULTY,17,5
Smartphones,Apple,Cell Phone,iPhone XS Max,Other,64GB,POOR,33,5
Smartphones,Apple,Cell Phone,iPhone XS Max,Other,64GB,GOOD,56,25
Smartphones,Apple,Cell Phone,iPhone XS Max,Other,64GB,MINT,67,35
Smartphones,Apple,Cell Phone,iPhone XS Max,T-Mobile,512GB,FAULTY,24,15
Smartphones,Apple,Cell Phone,iPhone XS Max,T-Mobile,512GB,POOR,65,15
Smartphones,Apple,Cell Phone,iPhone XS Max,T-Mobile,512GB,GOOD,83,55
Smartphones,Apple,Cell Phone,iPhone XS Max,T-Mobile,512GB,MINT,106,72
Smartphones,Apple,Cell Phone,iPhone XS Max,T-Mobile,256GB,FAULTY,22,10
Smartphones,Apple,Cell Phone,iPhone XS Max,T-Mobile,256GB,POOR,45,10
Smartphones,Apple,Cell Phone,iPhone XS Max,T-Mobile,256GB,GOOD,75,40
Smartphones,Apple,Cell Phone,iPhone XS Max,T-Mobile,256GB,MINT,100,55
Smartphones,Apple,Cell Phone,iPhone XS Max,T-Mobile,64GB,FAULTY,20,10
Smartphones,Apple,Cell Phone,iPhone XS Max,T-Mobile,64GB,POOR,35,10
Smartphones,Apple,Cell Phone,iPhone XS Max,T-Mobile,64GB,GOOD,60,30
Smartphones,Apple,Cell Phone,iPhone XS Max,T-Mobile,64GB,MINT,80,45
Smartphones,Apple,Cell Phone,iPhone XS Max,AT&T,512GB,FAULTY,33,15
Smartphones,Apple,Cell Phone,iPhone XS Max,AT&T,512GB,POOR,70,15
Smartphones,Apple,Cell Phone,iPhone XS Max,AT&T,512GB,GOOD,111,60
Smartphones,Apple,Cell Phone,iPhone XS Max,AT&T,512GB,MINT,129,75
Smartphones,Apple,Cell Phone,iPhone XS Max,AT&T,256GB,FAULTY,30,15
Smartphones,Apple,Cell Phone,iPhone XS Max,AT&T,256GB,POOR,65,15
Smartphones,Apple,Cell Phone,iPhone XS Max,AT&T,256GB,GOOD,100,50
Smartphones,Apple,Cell Phone,iPhone XS Max,AT&T,256GB,MINT,121,65
Smartphones,Apple,Cell Phone,iPhone XS Max,AT&T,64GB,FAULTY,25,10
Smartphones,Apple,Cell Phone,iPhone XS Max,AT&T,64GB,POOR,55,10
Smartphones,Apple,Cell Phone,iPhone XS Max,AT&T,64GB,GOOD,80,35
Smartphones,Apple,Cell Phone,iPhone XS Max,AT&T,64GB,MINT,100,50
Smartphones,Apple,Cell Phone,iPhone XS Max,Verizon,512GB,FAULTY,43,20
Smartphones,Apple,Cell Phone,iPhone XS Max,Verizon,512GB,POOR,100,20
Smartphones,Apple,Cell Phone,iPhone XS Max,Verizon,512GB,GOOD,141,70
Smartphones,Apple,Cell Phone,iPhone XS Max,Verizon,512GB,MINT,151,80
Smartphones,Apple,Cell Phone,iPhone XS Max,Verizon,256GB,FAULTY,39,20
Smartphones,Apple,Cell Phone,iPhone XS Max,Verizon,256GB,POOR,95,20
Smartphones,Apple,Cell Phone,iPhone XS Max,Verizon,256GB,GOOD,126,55
Smartphones,Apple,Cell Phone,iPhone XS Max,Verizon,256GB,MINT,146,75
Smartphones,Apple,Cell Phone,iPhone XS Max,Verizon,64GB,FAULTY,33,10
Smartphones,Apple,Cell Phone,iPhone XS Max,Verizon,64GB,POOR,85,10
Smartphones,Apple,Cell Phone,iPhone XS Max,Verizon,64GB,GOOD,111,45
Smartphones,Apple,Cell Phone,iPhone XS Max,Verizon,64GB,MINT,131,55
Smartphones,Apple,Cell Phone,iPhone SE 3rd Gen (2022),Unlocked,256GB,FAULTY,29,10
Smartphones,Apple,Cell Phone,iPhone 11,Unlocked,256GB,FAULTY,41,25
Smartphones,Apple,Cell Phone,iPhone 11,Unlocked,256GB,POOR,100,25
Smartphones,Apple,Cell Phone,iPhone 11,Unlocked,256GB,GOOD,133,85
Smartphones,Apple,Cell Phone,iPhone 11,Unlocked,256GB,MINT,150,100
Smartphones,Apple,Cell Phone,iPhone 11,Unlocked,128GB,FAULTY,41,20
Smartphones,Apple,Cell Phone,iPhone 11,Unlocked,128GB,POOR,85,20
Smartphones,Apple,Cell Phone,iPhone 11,Unlocked,128GB,GOOD,118,80
Smartphones,Apple,Cell Phone,iPhone 11,Unlocked,128GB,MINT,135,90
Smartphones,Apple,Cell Phone,iPhone 11,Unlocked,64GB,FAULTY,31,20
Smartphones,Apple,Cell Phone,iPhone 11,Unlocked,64GB,POOR,51,20
Smartphones,Apple,Cell Phone,iPhone 11,Unlocked,64GB,GOOD,85,70
Smartphones,Apple,Cell Phone,iPhone 11,Unlocked,64GB,MINT,103,80
Smartphones,Apple,Cell Phone,iPhone 11,Other,256GB,FAULTY,31,10
Smartphones,Apple,Cell Phone,iPhone 11,Other,256GB,POOR,65,10
Smartphones,Apple,Cell Phone,iPhone 11,Other,256GB,GOOD,85,45
Smartphones,Apple,Cell Phone,iPhone 11,Other,256GB,MINT,101,55
Smartphones,Apple,Cell Phone,iPhone 11,Other,128GB,FAULTY,31,10
Smartphones,Apple,Cell Phone,iPhone 11,Other,128GB,POOR,50,10
Smartphones,Apple,Cell Phone,iPhone 11,Other,128GB,GOOD,70,45
Smartphones,Apple,Cell Phone,iPhone 11,Other,128GB,MINT,86,55
Smartphones,Apple,Cell Phone,iPhone 11,Other,64GB,FAULTY,21,10
Smartphones,Apple,Cell Phone,iPhone 11,Other,64GB,POOR,25,10
Smartphones,Apple,Cell Phone,iPhone 11,Other,64GB,GOOD,43,25
Smartphones,Apple,Cell Phone,iPhone 11,Other,64GB,MINT,55,35
Smartphones,Apple,Cell Phone,iPhone 11,T-Mobile,256GB,FAULTY,35,10
Smartphones,Apple,Cell Phone,iPhone 11,T-Mobile,256GB,POOR,85,10
Smartphones,Apple,Cell Phone,iPhone 11,T-Mobile,256GB,GOOD,118,50
Smartphones,Apple,Cell Phone,iPhone 11,T-Mobile,256GB,MINT,135,60
Smartphones,Apple,Cell Phone,iPhone 11,T-Mobile,128GB,FAULTY,31,10
Smartphones,Apple,Cell Phone,iPhone 11,T-Mobile,128GB,POOR,70,10
Smartphones,Apple,Cell Phone,iPhone 11,T-Mobile,128GB,GOOD,101,45
Smartphones,Apple,Cell Phone,iPhone 11,T-Mobile,128GB,MINT,120,55
Smartphones,Apple,Cell Phone,iPhone 11,T-Mobile,64GB,FAULTY,21,10
Smartphones,Apple,Cell Phone,iPhone 11,T-Mobile,64GB,POOR,36,10
Smartphones,Apple,Cell Phone,iPhone 11,T-Mobile,64GB,GOOD,58,25
Smartphones,Apple,Cell Phone,iPhone 11,T-Mobile,64GB,MINT,79,35
Smartphones,Apple,Cell Phone,iPhone 11,AT&T,256GB,FAULTY,35,20
Smartphones,Apple,Cell Phone,iPhone 11,AT&T,256GB,POOR,85,20
Smartphones,Apple,Cell Phone,iPhone 11,AT&T,256GB,GOOD,118,75
Smartphones,Apple,Cell Phone,iPhone 11,AT&T,256GB,MINT,135,85
Smartphones,Apple,Cell Phone,iPhone 11,AT&T,128GB,FAULTY,31,20
Smartphones,Apple,Cell Phone,iPhone 11,AT&T,128GB,POOR,70,20
Smartphones,Apple,Cell Phone,iPhone 11,AT&T,128GB,GOOD,103,70
Smartphones,Apple,Cell Phone,iPhone 11,AT&T,128GB,MINT,125,80
Smartphones,Apple,Cell Phone,iPhone 11,AT&T,64GB,FAULTY,24,15
Smartphones,Apple,Cell Phone,iPhone 11,AT&T,64GB,POOR,44,15
Smartphones,Apple,Cell Phone,iPhone 11,AT&T,64GB,GOOD,73,45
Smartphones,Apple,Cell Phone,iPhone 11,AT&T,64GB,MINT,91,55
Smartphones,Apple,Cell Phone,iPhone 11,Verizon,256GB,FAULTY,41,20
Smartphones,Apple,Cell Phone,iPhone 11,Verizon,256GB,POOR,100,20
Smartphones,Apple,Cell Phone,iPhone 11,Verizon,256GB,GOOD,133,75
Smartphones,Apple,Cell Phone,iPhone 11,Verizon,256GB,MINT,150,90
Smartphones,Apple,Cell Phone,iPhone 11,Verizon,128GB,FAULTY,35,20
Smartphones,Apple,Cell Phone,iPhone 11,Verizon,128GB,POOR,85,20
Smartphones,Apple,Cell Phone,iPhone 11,Verizon,128GB,GOOD,118,65
Smartphones,Apple,Cell Phone,iPhone 11,Verizon,128GB,MINT,135,80
Smartphones,Apple,Cell Phone,iPhone 11,Verizon,64GB,FAULTY,29,15
Smartphones,Apple,Cell Phone,iPhone 11,Verizon,64GB,POOR,51,15
Smartphones,Apple,Cell Phone,iPhone 11,Verizon,64GB,GOOD,85,50
Smartphones,Apple,Cell Phone,iPhone 11,Verizon,64GB,MINT,109,60
Smartphones,Apple,Cell Phone,iPhone SE 3rd Gen (2022),Unlocked,256GB,POOR,65,10
Smartphones,Apple,Cell Phone,iPhone SE 3rd Gen (2022),Unlocked,256GB,GOOD,97,95
Smartphones,Apple,Cell Phone,iPhone SE 3rd Gen (2022),Unlocked,256GB,MINT,120,110
Smartphones,Apple,Cell Phone,iPhone SE 3rd Gen (2022),Unlocked,128GB,FAULTY,25,7
Smartphones,Apple,Cell Phone,iPhone SE 3rd Gen (2022),Unlocked,128GB,POOR,55,7
Smartphones,Apple,Cell Phone,iPhone SE 3rd Gen (2022),Unlocked,128GB,GOOD,86,75
Smartphones,Apple,Cell Phone,iPhone SE 3rd Gen (2022),Unlocked,128GB,MINT,110,90
Smartphones,Apple,Cell Phone,iPhone SE 3rd Gen (2022),Unlocked,64GB,FAULTY,21,4
Smartphones,Apple,Cell Phone,iPhone SE 3rd Gen (2022),Unlocked,64GB,POOR,45,4
Smartphones,Apple,Cell Phone,iPhone SE 3rd Gen (2022),Unlocked,64GB,GOOD,69,55
Smartphones,Apple,Cell Phone,iPhone SE 3rd Gen (2022),Unlocked,64GB,MINT,78,65
Smartphones,Apple,Cell Phone,iPhone SE 3rd Gen (2022),Other,256GB,FAULTY,14,5
Smartphones,Apple,Cell Phone,iPhone SE 3rd Gen (2022),Other,256GB,POOR,29,5
Smartphones,Apple,Cell Phone,iPhone SE 3rd Gen (2022),Other,256GB,GOOD,63,55
Smartphones,Apple,Cell Phone,iPhone SE 3rd Gen (2022),Other,256GB,MINT,70,70
Smartphones,Apple,Cell Phone,iPhone SE 3rd Gen (2022),Other,128GB,FAULTY,13,5
Smartphones,Apple,Cell Phone,iPhone SE 3rd Gen (2022),Other,128GB,POOR,25,5
Smartphones,Apple,Cell Phone,iPhone SE 3rd Gen (2022),Other,128GB,GOOD,53.54,30
Smartphones,Apple,Cell Phone,iPhone SE 3rd Gen (2022),Other,128GB,MINT,59.49,40
Smartphones,Apple,Cell Phone,iPhone SE 3rd Gen (2022),Other,64GB,FAULTY,10,2
Smartphones,Apple,Cell Phone,iPhone SE 3rd Gen (2022),Other,64GB,POOR,21,2
Smartphones,Apple,Cell Phone,iPhone SE 3rd Gen (2022),Other,64GB,GOOD,44.1,15
Smartphones,Apple,Cell Phone,iPhone SE 3rd Gen (2022),Other,64GB,MINT,49,25
Smartphones,Apple,Cell Phone,iPhone SE 3rd Gen (2022),T-Mobile,256GB,FAULTY,24,10
Smartphones,Apple,Cell Phone,iPhone SE 3rd Gen (2022),T-Mobile,256GB,POOR,48,10
Smartphones,Apple,Cell Phone,iPhone SE 3rd Gen (2022),T-Mobile,256GB,GOOD,81,65
Smartphones,Apple,Cell Phone,iPhone SE 3rd Gen (2022),T-Mobile,256GB,MINT,90,80
Smartphones,Apple,Cell Phone,iPhone SE 3rd Gen (2022),T-Mobile,128GB,FAULTY,16,7
Smartphones,Apple,Cell Phone,iPhone SE 3rd Gen (2022),T-Mobile,128GB,POOR,32,7
Smartphones,Apple,Cell Phone,iPhone SE 3rd Gen (2022),T-Mobile,128GB,GOOD,68.85,35
Smartphones,Apple,Cell Phone,iPhone SE 3rd Gen (2022),T-Mobile,128GB,MINT,76.5,50
Smartphones,Apple,Cell Phone,iPhone SE 3rd Gen (2022),T-Mobile,64GB,FAULTY,15,3
Smartphones,Apple,Cell Phone,iPhone SE 3rd Gen (2022),T-Mobile,64GB,POOR,29,3
Smartphones,Apple,Cell Phone,iPhone SE 3rd Gen (2022),T-Mobile,64GB,GOOD,56.7,20
Smartphones,Apple,Cell Phone,iPhone SE 3rd Gen (2022),T-Mobile,64GB,MINT,63,35
Smartphones,Apple,Cell Phone,iPhone SE 3rd Gen (2022),AT&T,256GB,FAULTY,28,10
Smartphones,Apple,Cell Phone,iPhone SE 3rd Gen (2022),AT&T,256GB,POOR,55,10
Smartphones,Apple,Cell Phone,iPhone SE 3rd Gen (2022),AT&T,256GB,GOOD,91,85
Smartphones,Apple,Cell Phone,iPhone SE 3rd Gen (2022),AT&T,256GB,MINT,100,100
Smartphones,Apple,Cell Phone,iPhone SE 3rd Gen (2022),AT&T,128GB,FAULTY,22,4
Smartphones,Apple,Cell Phone,iPhone SE 3rd Gen (2022),AT&T,128GB,POOR,45,4
Smartphones,Apple,Cell Phone,iPhone SE 3rd Gen (2022),AT&T,128GB,GOOD,75,60
Smartphones,Apple,Cell Phone,iPhone SE 3rd Gen (2022),AT&T,128GB,MINT,80,75
Smartphones,Apple,Cell Phone,iPhone SE 3rd Gen (2022),AT&T,64GB,FAULTY,18,3
Smartphones,Apple,Cell Phone,iPhone SE 3rd Gen (2022),AT&T,64GB,POOR,35,3
Smartphones,Apple,Cell Phone,iPhone SE 3rd Gen (2022),AT&T,64GB,GOOD,58,45
Smartphones,Apple,Cell Phone,iPhone SE 3rd Gen (2022),AT&T,64GB,MINT,67,55
Smartphones,Apple,Cell Phone,iPhone SE 3rd Gen (2022),Verizon,256GB,FAULTY,32,10
Smartphones,Apple,Cell Phone,iPhone SE 3rd Gen (2022),Verizon,256GB,POOR,65,10
Smartphones,Apple,Cell Phone,iPhone SE 3rd Gen (2022),Verizon,256GB,GOOD,108,85
Smartphones,Apple,Cell Phone,iPhone SE 3rd Gen (2022),Verizon,256GB,MINT,114,100
Smartphones,Apple,Cell Phone,iPhone SE 3rd Gen (2022),Verizon,128GB,FAULTY,25,5
Smartphones,Apple,Cell Phone,iPhone SE 3rd Gen (2022),Verizon,128GB,POOR,55,5
Smartphones,Apple,Cell Phone,iPhone SE 3rd Gen (2022),Verizon,128GB,GOOD,86,65
Smartphones,Apple,Cell Phone,iPhone SE 3rd Gen (2022),Verizon,128GB,MINT,89,80
Smartphones,Apple,Cell Phone,iPhone SE 3rd Gen (2022),Verizon,64GB,FAULTY,20,3
Smartphones,Apple,Cell Phone,iPhone SE 3rd Gen (2022),Verizon,64GB,POOR,45,3
Smartphones,Apple,Cell Phone,iPhone SE 3rd Gen (2022),Verizon,64GB,GOOD,67,50
Smartphones,Apple,Cell Phone,iPhone SE 3rd Gen (2022),Verizon,64GB,MINT,78,60
Smartphones,Apple,Cell Phone,iPhone 11 Pro,Unlocked,512GB,FAULTY,44,25
Smartphones,Apple,Cell Phone,iPhone 11 Pro Max,Unlocked,512GB,FAULTY,65,45
Smartphones,Apple,Cell Phone,iPhone 11 Pro Max,Unlocked,512GB,POOR,165,45
Smartphones,Apple,Cell Phone,iPhone 11 Pro Max,Unlocked,512GB,GOOD,206,125
Smartphones,Apple,Cell Phone,iPhone 11 Pro Max,Unlocked,512GB,MINT,226,140
Smartphones,Apple,Cell Phone,iPhone 11 Pro Max,Unlocked,256GB,FAULTY,58,40
Smartphones,Apple,Cell Phone,iPhone 11 Pro Max,Unlocked,256GB,POOR,145,40
Smartphones,Apple,Cell Phone,iPhone 11 Pro Max,Unlocked,256GB,GOOD,186,115
Smartphones,Apple,Cell Phone,iPhone 11 Pro Max,Unlocked,256GB,MINT,206,130
Smartphones,Apple,Cell Phone,iPhone 11 Pro Max,Unlocked,64GB,FAULTY,56,35
Smartphones,Apple,Cell Phone,iPhone 11 Pro Max,Unlocked,64GB,POOR,140,35
Smartphones,Apple,Cell Phone,iPhone 11 Pro Max,Unlocked,64GB,GOOD,181,105
Smartphones,Apple,Cell Phone,iPhone 11 Pro Max,Unlocked,64GB,MINT,201,120
Smartphones,Apple,Cell Phone,iPhone 11 Pro Max,Other,512GB,FAULTY,33,20
Smartphones,Apple,Cell Phone,iPhone 11 Pro Max,Other,512GB,POOR,115,20
Smartphones,Apple,Cell Phone,iPhone 11 Pro Max,Other,512GB,GOOD,145,85
Smartphones,Apple,Cell Phone,iPhone 11 Pro Max,Other,512GB,MINT,165,100
Smartphones,Apple,Cell Phone,iPhone 11 Pro Max,Other,256GB,FAULTY,30,20
Smartphones,Apple,Cell Phone,iPhone 11 Pro Max,Other,256GB,POOR,95,20
Smartphones,Apple,Cell Phone,iPhone 11 Pro Max,Other,256GB,GOOD,125,60
Smartphones,Apple,Cell Phone,iPhone 11 Pro Max,Other,256GB,MINT,145,75
Smartphones,Apple,Cell Phone,iPhone 11 Pro Max,Other,64GB,FAULTY,30,20
Smartphones,Apple,Cell Phone,iPhone 11 Pro Max,Other,64GB,POOR,90,20
Smartphones,Apple,Cell Phone,iPhone 11 Pro Max,Other,64GB,GOOD,120,65
Smartphones,Apple,Cell Phone,iPhone 11 Pro Max,Other,64GB,MINT,140,80
Smartphones,Apple,Cell Phone,iPhone 11 Pro Max,T-Mobile,512GB,FAULTY,55,25
Smartphones,Apple,Cell Phone,iPhone 11 Pro Max,T-Mobile,512GB,POOR,135,25
Smartphones,Apple,Cell Phone,iPhone 11 Pro Max,T-Mobile,512GB,GOOD,176,90
Smartphones,Apple,Cell Phone,iPhone 11 Pro Max,T-Mobile,512GB,MINT,196,105
Smartphones,Apple,Cell Phone,iPhone 11 Pro Max,T-Mobile,256GB,FAULTY,48,25
Smartphones,Apple,Cell Phone,iPhone 11 Pro Max,T-Mobile,256GB,POOR,115,25
Smartphones,Apple,Cell Phone,iPhone 11 Pro Max,T-Mobile,256GB,GOOD,156,75
Smartphones,Apple,Cell Phone,iPhone 11 Pro Max,T-Mobile,256GB,MINT,176,90
Smartphones,Apple,Cell Phone,iPhone 11 Pro Max,T-Mobile,64GB,FAULTY,46,25
Smartphones,Apple,Cell Phone,iPhone 11 Pro Max,T-Mobile,64GB,POOR,110,25
Smartphones,Apple,Cell Phone,iPhone 11 Pro Max,T-Mobile,64GB,GOOD,151,80
Smartphones,Apple,Cell Phone,iPhone 11 Pro Max,T-Mobile,64GB,MINT,171,95
Smartphones,Apple,Cell Phone,iPhone 11 Pro Max,AT&T,512GB,FAULTY,58,35
Smartphones,Apple,Cell Phone,iPhone 11 Pro Max,AT&T,512GB,POOR,145,35
Smartphones,Apple,Cell Phone,iPhone 11 Pro Max,AT&T,512GB,GOOD,186,110
Smartphones,Apple,Cell Phone,iPhone 11 Pro Max,AT&T,512GB,MINT,206,125
Smartphones,Apple,Cell Phone,iPhone 11 Pro Max,AT&T,256GB,FAULTY,52,35
Smartphones,Apple,Cell Phone,iPhone 11 Pro Max,AT&T,256GB,POOR,125,35
Smartphones,Apple,Cell Phone,iPhone 11 Pro Max,AT&T,256GB,GOOD,166,105
Smartphones,Apple,Cell Phone,iPhone 11 Pro Max,AT&T,256GB,MINT,186,120
Smartphones,Apple,Cell Phone,iPhone 11 Pro Max,AT&T,64GB,FAULTY,50,30
Smartphones,Apple,Cell Phone,iPhone 11 Pro Max,AT&T,64GB,POOR,120,30
Smartphones,Apple,Cell Phone,iPhone 11 Pro Max,AT&T,64GB,GOOD,161,95
Smartphones,Apple,Cell Phone,iPhone 11 Pro Max,AT&T,64GB,MINT,181,100
Smartphones,Apple,Cell Phone,iPhone 11 Pro Max,Verizon,512GB,FAULTY,62,40
Smartphones,Apple,Cell Phone,iPhone 11 Pro Max,Verizon,512GB,POOR,155,40
Smartphones,Apple,Cell Phone,iPhone 11 Pro Max,Verizon,512GB,GOOD,196,115
Smartphones,Apple,Cell Phone,iPhone 11 Pro Max,Verizon,512GB,MINT,216,125
Smartphones,Apple,Cell Phone,iPhone 11 Pro Max,Verizon,256GB,FAULTY,55,40
Smartphones,Apple,Cell Phone,iPhone 11 Pro Max,Verizon,256GB,POOR,135,40
Smartphones,Apple,Cell Phone,iPhone 11 Pro Max,Verizon,256GB,GOOD,176,115
Smartphones,Apple,Cell Phone,iPhone 11 Pro Max,Verizon,256GB,MINT,196,125
Smartphones,Apple,Cell Phone,iPhone 11 Pro Max,Verizon,64GB,FAULTY,53,35
Smartphones,Apple,Cell Phone,iPhone 11 Pro Max,Verizon,64GB,POOR,130,35
Smartphones,Apple,Cell Phone,iPhone 11 Pro Max,Verizon,64GB,GOOD,171,105
Smartphones,Apple,Cell Phone,iPhone 11 Pro Max,Verizon,64GB,MINT,191,110
Smartphones,Apple,Cell Phone,iPhone 11 Pro,Unlocked,512GB,POOR,125,25
Smartphones,Apple,Cell Phone,iPhone 11 Pro,Unlocked,512GB,GOOD,160,100
Smartphones,Apple,Cell Phone,iPhone 11 Pro,Unlocked,512GB,MINT,175,125
Smartphones,Apple,Cell Phone,iPhone 11 Pro,Unlocked,256GB,FAULTY,41,25
Smartphones,Apple,Cell Phone,iPhone 11 Pro,Unlocked,256GB,POOR,100,25
Smartphones,Apple,Cell Phone,iPhone 11 Pro,Unlocked,256GB,GOOD,150,75
Smartphones,Apple,Cell Phone,iPhone 11 Pro,Unlocked,256GB,MINT,165,110
Smartphones,Apple,Cell Phone,iPhone 11 Pro,Unlocked,64GB,FAULTY,31,15
Smartphones,Apple,Cell Phone,iPhone 11 Pro,Unlocked,64GB,POOR,71,15
Smartphones,Apple,Cell Phone,iPhone 11 Pro,Unlocked,64GB,GOOD,120,65
Smartphones,Apple,Cell Phone,iPhone 11 Pro,Unlocked,64GB,MINT,130,85
Smartphones,Apple,Cell Phone,iPhone 11 Pro,Other,512GB,FAULTY,23,15
Smartphones,Apple,Cell Phone,iPhone 11 Pro,Other,512GB,POOR,76,15
Smartphones,Apple,Cell Phone,iPhone 11 Pro,Other,512GB,GOOD,105,75
Smartphones,Apple,Cell Phone,iPhone 11 Pro,Other,512GB,MINT,121,90
Smartphones,Apple,Cell Phone,iPhone 11 Pro,Other,256GB,FAULTY,21,10
Smartphones,Apple,Cell Phone,iPhone 11 Pro,Other,256GB,POOR,51,10
Smartphones,Apple,Cell Phone,iPhone 11 Pro,Other,256GB,GOOD,80,55
Smartphones,Apple,Cell Phone,iPhone 11 Pro,Other,256GB,MINT,96,75
Smartphones,Apple,Cell Phone,iPhone 11 Pro,Other,64GB,FAULTY,17,5
Smartphones,Apple,Cell Phone,iPhone 11 Pro,Other,64GB,POOR,35,5
Smartphones,Apple,Cell Phone,iPhone 11 Pro,Other,64GB,GOOD,56,40
Smartphones,Apple,Cell Phone,iPhone 11 Pro,Other,64GB,MINT,72,60
Smartphones,Apple,Cell Phone,iPhone 11 Pro,T-Mobile,512GB,FAULTY,33,15
Smartphones,Apple,Cell Phone,iPhone 11 Pro,T-Mobile,512GB,POOR,115,15
Smartphones,Apple,Cell Phone,iPhone 11 Pro,T-Mobile,512GB,GOOD,145,80
Smartphones,Apple,Cell Phone,iPhone 11 Pro,T-Mobile,512GB,MINT,161,95
Smartphones,Apple,Cell Phone,iPhone 11 Pro,T-Mobile,256GB,FAULTY,27,10
Smartphones,Apple,Cell Phone,iPhone 11 Pro,T-Mobile,256GB,POOR,90,10
Smartphones,Apple,Cell Phone,iPhone 11 Pro,T-Mobile,256GB,GOOD,120,55
Smartphones,Apple,Cell Phone,iPhone 11 Pro,T-Mobile,256GB,MINT,136,75
Smartphones,Apple,Cell Phone,iPhone 11 Pro,T-Mobile,64GB,FAULTY,21,5
Smartphones,Apple,Cell Phone,iPhone 11 Pro,T-Mobile,64GB,POOR,61,5
Smartphones,Apple,Cell Phone,iPhone 11 Pro,T-Mobile,64GB,GOOD,90,40
Smartphones,Apple,Cell Phone,iPhone 11 Pro,T-Mobile,64GB,MINT,106,60
Smartphones,Apple,Cell Phone,iPhone 11 Pro,AT&T,512GB,FAULTY,33,20
Smartphones,Apple,Cell Phone,iPhone 11 Pro,AT&T,512GB,POOR,115,20
Smartphones,Apple,Cell Phone,iPhone 11 Pro,AT&T,512GB,GOOD,145,90
Smartphones,Apple,Cell Phone,iPhone 11 Pro,AT&T,512GB,MINT,161,105
Smartphones,Apple,Cell Phone,iPhone 11 Pro,AT&T,256GB,FAULTY,30,20
Smartphones,Apple,Cell Phone,iPhone 11 Pro,AT&T,256GB,POOR,90,20
Smartphones,Apple,Cell Phone,iPhone 11 Pro,AT&T,256GB,GOOD,130,75
Smartphones,Apple,Cell Phone,iPhone 11 Pro,AT&T,256GB,MINT,145,80
Smartphones,Apple,Cell Phone,iPhone 11 Pro,AT&T,64GB,FAULTY,26,10
Smartphones,Apple,Cell Phone,iPhone 11 Pro,AT&T,64GB,POOR,61,10
Smartphones,Apple,Cell Phone,iPhone 11 Pro,AT&T,64GB,GOOD,100,55
Smartphones,Apple,Cell Phone,iPhone 11 Pro,AT&T,64GB,MINT,111,65
Smartphones,Apple,Cell Phone,iPhone 11 Pro,Verizon,512GB,FAULTY,36,20
Smartphones,Apple,Cell Phone,iPhone 11 Pro,Verizon,512GB,POOR,125,20
Smartphones,Apple,Cell Phone,iPhone 11 Pro,Verizon,512GB,GOOD,155,95
Smartphones,Apple,Cell Phone,iPhone 11 Pro,Verizon,512GB,MINT,171,115
Smartphones,Apple,Cell Phone,iPhone 11 Pro,Verizon,256GB,FAULTY,33,25
Smartphones,Apple,Cell Phone,iPhone 11 Pro,Verizon,256GB,POOR,100,25
Smartphones,Apple,Cell Phone,iPhone 11 Pro,Verizon,256GB,GOOD,140,85
Smartphones,Apple,Cell Phone,iPhone 11 Pro,Verizon,256GB,MINT,155,100
Smartphones,Apple,Cell Phone,iPhone 11 Pro,Verizon,64GB,FAULTY,31,15
Smartphones,Apple,Cell Phone,iPhone 11 Pro,Verizon,64GB,POOR,71,15
Smartphones,Apple,Cell Phone,iPhone 11 Pro,Verizon,64GB,GOOD,115,70
Smartphones,Apple,Cell Phone,iPhone 11 Pro,Verizon,64GB,MINT,175,85
Smartphones,Apple,Cell Phone,iPhone 12 Mini,Unlocked,256GB,FAULTY,39,
Smartphones,Apple,Cell Phone,iPhone 12,Unlocked,256GB,FAULTY,65,35
Smartphones,Apple,Cell Phone,iPhone 12,Unlocked,256GB,POOR,115,35
Smartphones,Apple,Cell Phone,iPhone 12,Unlocked,256GB,GOOD,163,105
Smartphones,Apple,Cell Phone,iPhone 12,Unlocked,256GB,MINT,180,120
Smartphones,Apple,Cell Phone,iPhone 12,Unlocked,128GB,FAULTY,64,30
Smartphones,Apple,Cell Phone,iPhone 12,Unlocked,128GB,POOR,100,30
Smartphones,Apple,Cell Phone,iPhone 12,Unlocked,128GB,GOOD,148,95
Smartphones,Apple,Cell Phone,iPhone 12,Unlocked,128GB,MINT,165,110
Smartphones,Apple,Cell Phone,iPhone 12,Unlocked,64GB,FAULTY,62,35
Smartphones,Apple,Cell Phone,iPhone 12,Unlocked,64GB,POOR,72,35
Smartphones,Apple,Cell Phone,iPhone 12,Unlocked,64GB,GOOD,118,75
Smartphones,Apple,Cell Phone,iPhone 12,Unlocked,64GB,MINT,137,90
Smartphones,Apple,Cell Phone,iPhone 12,Other,256GB,FAULTY,31,15
Smartphones,Apple,Cell Phone,iPhone 12,Other,256GB,POOR,51,15
Smartphones,Apple,Cell Phone,iPhone 12,Other,256GB,GOOD,85,65
Smartphones,Apple,Cell Phone,iPhone 12,Other,256GB,MINT,94,80
Smartphones,Apple,Cell Phone,iPhone 12,Other,128GB,FAULTY,23,15
Smartphones,Apple,Cell Phone,iPhone 12,Other,128GB,POOR,45,15
Smartphones,Apple,Cell Phone,iPhone 12,Other,128GB,GOOD,76,55
Smartphones,Apple,Cell Phone,iPhone 12,Other,128GB,MINT,86,70
Smartphones,Apple,Cell Phone,iPhone 12,Other,64GB,FAULTY,21,15
Smartphones,Apple,Cell Phone,iPhone 12,Other,64GB,POOR,39,15
Smartphones,Apple,Cell Phone,iPhone 12,Other,64GB,GOOD,59,35
Smartphones,Apple,Cell Phone,iPhone 12,Other,64GB,MINT,72,50
Smartphones,Apple,Cell Phone,iPhone 12,T-Mobile,256GB,FAULTY,46,20
Smartphones,Apple,Cell Phone,iPhone 12,T-Mobile,256GB,POOR,86,20
Smartphones,Apple,Cell Phone,iPhone 12,T-Mobile,256GB,GOOD,133,85
Smartphones,Apple,Cell Phone,iPhone 12,T-Mobile,256GB,MINT,155,100
Smartphones,Apple,Cell Phone,iPhone 12,T-Mobile,128GB,FAULTY,44,20
Smartphones,Apple,Cell Phone,iPhone 12,T-Mobile,128GB,POOR,74,20
Smartphones,Apple,Cell Phone,iPhone 12,T-Mobile,128GB,GOOD,118,75
Smartphones,Apple,Cell Phone,iPhone 12,T-Mobile,128GB,MINT,140,90
Smartphones,Apple,Cell Phone,iPhone 12,T-Mobile,64GB,FAULTY,42,20
Smartphones,Apple,Cell Phone,iPhone 12,T-Mobile,64GB,POOR,54,20
Smartphones,Apple,Cell Phone,iPhone 12,T-Mobile,64GB,GOOD,83,50
Smartphones,Apple,Cell Phone,iPhone 12,T-Mobile,64GB,MINT,110,65
Smartphones,Apple,Cell Phone,iPhone 12,AT&T,256GB,FAULTY,56,25
Smartphones,Apple,Cell Phone,iPhone 12,AT&T,256GB,POOR,115,25
Smartphones,Apple,Cell Phone,iPhone 12,AT&T,256GB,GOOD,163,90
Smartphones,Apple,Cell Phone,iPhone 12,AT&T,256GB,MINT,180,105
Smartphones,Apple,Cell Phone,iPhone 12,AT&T,128GB,FAULTY,50,20
Smartphones,Apple,Cell Phone,iPhone 12,AT&T,128GB,POOR,100,20
Smartphones,Apple,Cell Phone,iPhone 12,AT&T,128GB,GOOD,148,80
Smartphones,Apple,Cell Phone,iPhone 12,AT&T,128GB,MINT,165,95
Smartphones,Apple,Cell Phone,iPhone 12,AT&T,64GB,FAULTY,42,30
Smartphones,Apple,Cell Phone,iPhone 12,AT&T,64GB,POOR,72,30
Smartphones,Apple,Cell Phone,iPhone 12,AT&T,64GB,GOOD,118,60
Smartphones,Apple,Cell Phone,iPhone 12,AT&T,64GB,MINT,137,75
Smartphones,Apple,Cell Phone,iPhone 12,Verizon,256GB,FAULTY,65,30
Smartphones,Apple,Cell Phone,iPhone 12,Verizon,256GB,POOR,115,30
Smartphones,Apple,Cell Phone,iPhone 12,Verizon,256GB,GOOD,163,95
Smartphones,Apple,Cell Phone,iPhone 12,Verizon,256GB,MINT,180,110
Smartphones,Apple,Cell Phone,iPhone 12,Verizon,128GB,FAULTY,64,30
Smartphones,Apple,Cell Phone,iPhone 12,Verizon,128GB,POOR,100,30
Smartphones,Apple,Cell Phone,iPhone 12,Verizon,128GB,GOOD,148,85
Smartphones,Apple,Cell Phone,iPhone 12,Verizon,128GB,MINT,165,100
Smartphones,Apple,Cell Phone,iPhone 12,Verizon,64GB,FAULTY,62,30
Smartphones,Apple,Cell Phone,iPhone 12,Verizon,64GB,POOR,72,30
Smartphones,Apple,Cell Phone,iPhone 12,Verizon,64GB,GOOD,118,65
Smartphones,Apple,Cell Phone,iPhone 12,Verizon,64GB,MINT,137,80
Smartphones,Apple,Cell Phone,iPhone 12 Mini,Unlocked,256GB,POOR,81,
Smartphones,Apple,Cell Phone,iPhone 12 Mini,Unlocked,256GB,GOOD,111,
Smartphones,Apple,Cell Phone,iPhone 12 Mini,Unlocked,256GB,MINT,126,
Smartphones,Apple,Cell Phone,iPhone 12 Mini,Unlocked,128GB,FAULTY,37,
Smartphones,Apple,Cell Phone,iPhone 12 Mini,Unlocked,128GB,POOR,75,
Smartphones,Apple,Cell Phone,iPhone 12 Mini,Unlocked,128GB,GOOD,100,
Smartphones,Apple,Cell Phone,iPhone 12 Mini,Unlocked,128GB,MINT,116,
Smartphones,Apple,Cell Phone,iPhone 12 Mini,Unlocked,64GB,FAULTY,37,
Smartphones,Apple,Cell Phone,iPhone 12 Mini,Unlocked,64GB,POOR,51,
Smartphones,Apple,Cell Phone,iPhone 12 Mini,Unlocked,64GB,GOOD,85,
Smartphones,Apple,Cell Phone,iPhone 12 Mini,Unlocked,64GB,MINT,92,
Smartphones,Apple,Cell Phone,iPhone 12 Mini,Other,256GB,FAULTY,31,25
Smartphones,Apple,Cell Phone,iPhone 12 Mini,Other,256GB,POOR,33,25
Smartphones,Apple,Cell Phone,iPhone 12 Mini,Other,256GB,GOOD,60,60
Smartphones,Apple,Cell Phone,iPhone 12 Mini,Other,256GB,MINT,76,75
Smartphones,Apple,Cell Phone,iPhone 12 Mini,Other,128GB,FAULTY,26,25
Smartphones,Apple,Cell Phone,iPhone 12 Mini,Other,128GB,POOR,30,25
Smartphones,Apple,Cell Phone,iPhone 12 Mini,Other,128GB,GOOD,55,45
Smartphones,Apple,Cell Phone,iPhone 12 Mini,Other,128GB,MINT,61,60
Smartphones,Apple,Cell Phone,iPhone 12 Mini,Other,64GB,FAULTY,16,15
Smartphones,Apple,Cell Phone,iPhone 12 Mini,Other,64GB,POOR,24,15
Smartphones,Apple,Cell Phone,iPhone 12 Mini,Other,64GB,GOOD,48,30
Smartphones,Apple,Cell Phone,iPhone 12 Mini,Other,64GB,MINT,52,45
Smartphones,Apple,Cell Phone,iPhone 12 Mini,T-Mobile,256GB,FAULTY,37,
Smartphones,Apple,Cell Phone,iPhone 12 Mini,T-Mobile,256GB,POOR,49,
Smartphones,Apple,Cell Phone,iPhone 12 Mini,T-Mobile,256GB,GOOD,80,
Smartphones,Apple,Cell Phone,iPhone 12 Mini,T-Mobile,256GB,MINT,96,
Smartphones,Apple,Cell Phone,iPhone 12 Mini,T-Mobile,128GB,FAULTY,30,
Smartphones,Apple,Cell Phone,iPhone 12 Mini,T-Mobile,128GB,POOR,39,
Smartphones,Apple,Cell Phone,iPhone 12 Mini,T-Mobile,128GB,GOOD,59.06,
Smartphones,Apple,Cell Phone,iPhone 12 Mini,T-Mobile,128GB,MINT,79,
Smartphones,Apple,Cell Phone,iPhone 12 Mini,T-Mobile,64GB,FAULTY,27,
Smartphones,Apple,Cell Phone,iPhone 12 Mini,T-Mobile,64GB,POOR,33,
Smartphones,Apple,Cell Phone,iPhone 12 Mini,T-Mobile,64GB,GOOD,50,
Smartphones,Apple,Cell Phone,iPhone 12 Mini,T-Mobile,64GB,MINT,64,
Smartphones,Apple,Cell Phone,iPhone 12 Mini,AT&T,256GB,FAULTY,37,
Smartphones,Apple,Cell Phone,iPhone 12 Mini,AT&T,256GB,POOR,66,
Smartphones,Apple,Cell Phone,iPhone 12 Mini,AT&T,256GB,GOOD,91,
Smartphones,Apple,Cell Phone,iPhone 12 Mini,AT&T,256GB,MINT,110,
Smartphones,Apple,Cell Phone,iPhone 12 Mini,AT&T,128GB,FAULTY,30,
Smartphones,Apple,Cell Phone,iPhone 12 Mini,AT&T,128GB,POOR,61,
Smartphones,Apple,Cell Phone,iPhone 12 Mini,AT&T,128GB,GOOD,86,
Smartphones,Apple,Cell Phone,iPhone 12 Mini,AT&T,128GB,MINT,106,
Smartphones,Apple,Cell Phone,iPhone 12 Mini,AT&T,64GB,FAULTY,27,
Smartphones,Apple,Cell Phone,iPhone 12 Mini,AT&T,64GB,POOR,40,
Smartphones,Apple,Cell Phone,iPhone 12 Mini,AT&T,64GB,GOOD,61,
Smartphones,Apple,Cell Phone,iPhone 12 Mini,AT&T,64GB,MINT,81,
Smartphones,Apple,Cell Phone,iPhone 12 Mini,Verizon,256GB,FAULTY,42,
Smartphones,Apple,Cell Phone,iPhone 12 Mini,Verizon,256GB,POOR,81,
Smartphones,Apple,Cell Phone,iPhone 12 Mini,Verizon,256GB,GOOD,120,
Smartphones,Apple,Cell Phone,iPhone 12 Mini,Verizon,256GB,MINT,131,
Smartphones,Apple,Cell Phone,iPhone 12 Mini,Verizon,128GB,FAULTY,36,
Smartphones,Apple,Cell Phone,iPhone 12 Mini,Verizon,128GB,POOR,76,
Smartphones,Apple,Cell Phone,iPhone 12 Mini,Verizon,128GB,GOOD,100,
Smartphones,Apple,Cell Phone,iPhone 12 Mini,Verizon,128GB,MINT,116,
Smartphones,Apple,Cell Phone,iPhone 12 Mini,Verizon,64GB,FAULTY,32,
Smartphones,Apple,Cell Phone,iPhone 12 Mini,Verizon,64GB,POOR,51,
Smartphones,Apple,Cell Phone,iPhone 12 Mini,Verizon,64GB,GOOD,75,
Smartphones,Apple,Cell Phone,iPhone 12 Mini,Verizon,64GB,MINT,91,
Smartphones,Apple,Cell Phone,iPhone 12 Pro,Unlocked,512GB,FAULTY,94,70
Smartphones,Apple,Cell Phone,iPhone 12 Pro Max,Unlocked,512GB,FAULTY,92,85
Smartphones,Apple,Cell Phone,iPhone 12 Pro Max,Unlocked,512GB,POOR,185,85
Smartphones,Apple,Cell Phone,iPhone 12 Pro Max,Unlocked,512GB,GOOD,251,220
Smartphones,Apple,Cell Phone,iPhone 12 Pro Max,Unlocked,512GB,MINT,274,240
Smartphones,Apple,Cell Phone,iPhone 12 Pro Max,Unlocked,256GB,FAULTY,87,80
Smartphones,Apple,Cell Phone,iPhone 12 Pro Max,Unlocked,256GB,POOR,174,80
Smartphones,Apple,Cell Phone,iPhone 12 Pro Max,Unlocked,256GB,GOOD,236,195
Smartphones,Apple,Cell Phone,iPhone 12 Pro Max,Unlocked,256GB,MINT,259,215
Smartphones,Apple,Cell Phone,iPhone 12 Pro Max,Unlocked,128GB,FAULTY,82,70
Smartphones,Apple,Cell Phone,iPhone 12 Pro Max,Unlocked,128GB,POOR,156,70
Smartphones,Apple,Cell Phone,iPhone 12 Pro Max,Unlocked,128GB,GOOD,216,165
Smartphones,Apple,Cell Phone,iPhone 12 Pro Max,Unlocked,128GB,MINT,239,185
Smartphones,Apple,Cell Phone,iPhone 12 Pro Max,Other,512GB,FAULTY,76,75
Smartphones,Apple,Cell Phone,iPhone 12 Pro Max,Other,512GB,POOR,111,75
Smartphones,Apple,Cell Phone,iPhone 12 Pro Max,Other,512GB,GOOD,195,195
Smartphones,Apple,Cell Phone,iPhone 12 Pro Max,Other,512GB,MINT,216,215
Smartphones,Apple,Cell Phone,iPhone 12 Pro Max,Other,256GB,FAULTY,56,55
Smartphones,Apple,Cell Phone,iPhone 12 Pro Max,Other,256GB,POOR,96,55
Smartphones,Apple,Cell Phone,iPhone 12 Pro Max,Other,256GB,GOOD,170,170
Smartphones,Apple,Cell Phone,iPhone 12 Pro Max,Other,256GB,MINT,191,190
Smartphones,Apple,Cell Phone,iPhone 12 Pro Max,Other,128GB,FAULTY,46,45
Smartphones,Apple,Cell Phone,iPhone 12 Pro Max,Other,128GB,POOR,76,45
Smartphones,Apple,Cell Phone,iPhone 12 Pro Max,Other,128GB,GOOD,140,140
Smartphones,Apple,Cell Phone,iPhone 12 Pro Max,Other,128GB,MINT,156,155
Smartphones,Apple,Cell Phone,iPhone 12 Pro Max,T-Mobile,512GB,FAULTY,82,75
Smartphones,Apple,Cell Phone,iPhone 12 Pro Max,T-Mobile,512GB,POOR,151,75
Smartphones,Apple,Cell Phone,iPhone 12 Pro Max,T-Mobile,512GB,GOOD,211,195
Smartphones,Apple,Cell Phone,iPhone 12 Pro Max,T-Mobile,512GB,MINT,238,215
Smartphones,Apple,Cell Phone,iPhone 12 Pro Max,T-Mobile,256GB,FAULTY,72,55
Smartphones,Apple,Cell Phone,iPhone 12 Pro Max,T-Mobile,256GB,POOR,136,55
Smartphones,Apple,Cell Phone,iPhone 12 Pro Max,T-Mobile,256GB,GOOD,196,170
Smartphones,Apple,Cell Phone,iPhone 12 Pro Max,T-Mobile,256GB,MINT,222,190
Smartphones,Apple,Cell Phone,iPhone 12 Pro Max,T-Mobile,128GB,FAULTY,65,45
Smartphones,Apple,Cell Phone,iPhone 12 Pro Max,T-Mobile,128GB,POOR,116,45
Smartphones,Apple,Cell Phone,iPhone 12 Pro Max,T-Mobile,128GB,GOOD,176,140
Smartphones,Apple,Cell Phone,iPhone 12 Pro Max,T-Mobile,128GB,MINT,202,155
Smartphones,Apple,Cell Phone,iPhone 12 Pro Max,AT&T,512GB,FAULTY,94,75
Smartphones,Apple,Cell Phone,iPhone 12 Pro Max,AT&T,512GB,POOR,152,75
Smartphones,Apple,Cell Phone,iPhone 12 Pro Max,AT&T,512GB,GOOD,226,195
Smartphones,Apple,Cell Phone,iPhone 12 Pro Max,AT&T,512GB,MINT,267,215
Smartphones,Apple,Cell Phone,iPhone 12 Pro Max,AT&T,256GB,FAULTY,89,65
Smartphones,Apple,Cell Phone,iPhone 12 Pro Max,AT&T,256GB,POOR,140,65
Smartphones,Apple,Cell Phone,iPhone 12 Pro Max,AT&T,256GB,GOOD,206,170
Smartphones,Apple,Cell Phone,iPhone 12 Pro Max,AT&T,256GB,MINT,247,190
Smartphones,Apple,Cell Phone,iPhone 12 Pro Max,AT&T,128GB,FAULTY,87,45
Smartphones,Apple,Cell Phone,iPhone 12 Pro Max,AT&T,128GB,POOR,128,45
Smartphones,Apple,Cell Phone,iPhone 12 Pro Max,AT&T,128GB,GOOD,186,140
Smartphones,Apple,Cell Phone,iPhone 12 Pro Max,AT&T,128GB,MINT,207,155
Smartphones,Apple,Cell Phone,iPhone 12 Pro Max,Verizon,512GB,FAULTY,89,80
Smartphones,Apple,Cell Phone,iPhone 12 Pro Max,Verizon,512GB,POOR,171,80
Smartphones,Apple,Cell Phone,iPhone 12 Pro Max,Verizon,512GB,GOOD,236,210
Smartphones,Apple,Cell Phone,iPhone 12 Pro Max,Verizon,512GB,MINT,267,230
Smartphones,Apple,Cell Phone,iPhone 12 Pro Max,Verizon,256GB,FAULTY,84,75
Smartphones,Apple,Cell Phone,iPhone 12 Pro Max,Verizon,256GB,POOR,156,75
Smartphones,Apple,Cell Phone,iPhone 12 Pro Max,Verizon,256GB,GOOD,216,185
Smartphones,Apple,Cell Phone,iPhone 12 Pro Max,Verizon,256GB,MINT,253,205
Smartphones,Apple,Cell Phone,iPhone 12 Pro Max,Verizon,128GB,FAULTY,82,60
Smartphones,Apple,Cell Phone,iPhone 12 Pro Max,Verizon,128GB,POOR,136,60
Smartphones,Apple,Cell Phone,iPhone 12 Pro Max,Verizon,128GB,GOOD,196,160
Smartphones,Apple,Cell Phone,iPhone 12 Pro Max,Verizon,128GB,MINT,227,180
Smartphones,Apple,Cell Phone,iPhone 12 Pro,Unlocked,512GB,POOR,151,70
Smartphones,Apple,Cell Phone,iPhone 12 Pro,Unlocked,512GB,GOOD,231,175
Smartphones,Apple,Cell Phone,iPhone 12 Pro,Unlocked,512GB,MINT,246,190
Smartphones,Apple,Cell Phone,iPhone 12 Pro,Unlocked,256GB,FAULTY,94,60
Smartphones,Apple,Cell Phone,iPhone 12 Pro,Unlocked,256GB,POOR,151,60
Smartphones,Apple,Cell Phone,iPhone 12 Pro,Unlocked,256GB,GOOD,206,160
Smartphones,Apple,Cell Phone,iPhone 12 Pro,Unlocked,256GB,MINT,241,175
Smartphones,Apple,Cell Phone,iPhone 12 Pro,Unlocked,128GB,FAULTY,67,55
Smartphones,Apple,Cell Phone,iPhone 12 Pro,Unlocked,128GB,POOR,113,55
Smartphones,Apple,Cell Phone,iPhone 12 Pro,Unlocked,128GB,GOOD,181,125
Smartphones,Apple,Cell Phone,iPhone 12 Pro,Unlocked,128GB,MINT,210,140
Smartphones,Apple,Cell Phone,iPhone 12 Pro,Other,512GB,FAULTY,56,55
Smartphones,Apple,Cell Phone,iPhone 12 Pro,Other,512GB,POOR,74,55
Smartphones,Apple,Cell Phone,iPhone 12 Pro,Other,512GB,GOOD,155,155
Smartphones,Apple,Cell Phone,iPhone 12 Pro,Other,512GB,MINT,176,175
Smartphones,Apple,Cell Phone,iPhone 12 Pro,Other,256GB,FAULTY,41,40
Smartphones,Apple,Cell Phone,iPhone 12 Pro,Other,256GB,POOR,71,40
Smartphones,Apple,Cell Phone,iPhone 12 Pro,Other,256GB,GOOD,120,120
Smartphones,Apple,Cell Phone,iPhone 12 Pro,Other,256GB,MINT,146,135
Smartphones,Apple,Cell Phone,iPhone 12 Pro,Other,128GB,FAULTY,41,35
Smartphones,Apple,Cell Phone,iPhone 12 Pro,Other,128GB,POOR,71,35
Smartphones,Apple,Cell Phone,iPhone 12 Pro,Other,128GB,GOOD,100,100
Smartphones,Apple,Cell Phone,iPhone 12 Pro,Other,128GB,MINT,117,115
Smartphones,Apple,Cell Phone,iPhone 12 Pro,T-Mobile,512GB,FAULTY,62,55
Smartphones,Apple,Cell Phone,iPhone 12 Pro,T-Mobile,512GB,POOR,121,55
Smartphones,Apple,Cell Phone,iPhone 12 Pro,T-Mobile,512GB,GOOD,176,155
Smartphones,Apple,Cell Phone,iPhone 12 Pro,T-Mobile,512GB,MINT,211,175
Smartphones,Apple,Cell Phone,iPhone 12 Pro,T-Mobile,256GB,FAULTY,62,40
Smartphones,Apple,Cell Phone,iPhone 12 Pro,T-Mobile,256GB,POOR,121,40
Smartphones,Apple,Cell Phone,iPhone 12 Pro,T-Mobile,256GB,GOOD,176,120
Smartphones,Apple,Cell Phone,iPhone 12 Pro,T-Mobile,256GB,MINT,210,135
Smartphones,Apple,Cell Phone,iPhone 12 Pro,T-Mobile,128GB,FAULTY,53,35
Smartphones,Apple,Cell Phone,iPhone 12 Pro,T-Mobile,128GB,POOR,96,35
Smartphones,Apple,Cell Phone,iPhone 12 Pro,T-Mobile,128GB,GOOD,136,100
Smartphones,Apple,Cell Phone,iPhone 12 Pro,T-Mobile,128GB,MINT,170,115
Smartphones,Apple,Cell Phone,iPhone 12 Pro,AT&T,512GB,FAULTY,72,60
Smartphones,Apple,Cell Phone,iPhone 12 Pro,AT&T,512GB,POOR,151,60
Smartphones,Apple,Cell Phone,iPhone 12 Pro,AT&T,512GB,GOOD,206,160
Smartphones,Apple,Cell Phone,iPhone 12 Pro,AT&T,512GB,MINT,241,175
Smartphones,Apple,Cell Phone,iPhone 12 Pro,AT&T,256GB,FAULTY,72,40
Smartphones,Apple,Cell Phone,iPhone 12 Pro,AT&T,256GB,POOR,151,40
Smartphones,Apple,Cell Phone,iPhone 12 Pro,AT&T,256GB,GOOD,206,135
Smartphones,Apple,Cell Phone,iPhone 12 Pro,AT&T,256GB,MINT,240,150
Smartphones,Apple,Cell Phone,iPhone 12 Pro,AT&T,128GB,FAULTY,59,45
Smartphones,Apple,Cell Phone,iPhone 12 Pro,AT&T,128GB,POOR,111,45
Smartphones,Apple,Cell Phone,iPhone 12 Pro,AT&T,128GB,GOOD,166,110
Smartphones,Apple,Cell Phone,iPhone 12 Pro,AT&T,128GB,MINT,200,125
Smartphones,Apple,Cell Phone,iPhone 12 Pro,Verizon,512GB,FAULTY,72,65
Smartphones,Apple,Cell Phone,iPhone 12 Pro,Verizon,512GB,POOR,131,65
Smartphones,Apple,Cell Phone,iPhone 12 Pro,Verizon,512GB,GOOD,201,165
Smartphones,Apple,Cell Phone,iPhone 12 Pro,Verizon,512GB,MINT,231,180
Smartphones,Apple,Cell Phone,iPhone 12 Pro,Verizon,256GB,FAULTY,67,50
Smartphones,Apple,Cell Phone,iPhone 12 Pro,Verizon,256GB,POOR,131,50
Smartphones,Apple,Cell Phone,iPhone 12 Pro,Verizon,256GB,GOOD,186,150
Smartphones,Apple,Cell Phone,iPhone 12 Pro,Verizon,256GB,MINT,229,170
Smartphones,Apple,Cell Phone,iPhone 12 Pro,Verizon,128GB,FAULTY,62,40
Smartphones,Apple,Cell Phone,iPhone 12 Pro,Verizon,128GB,POOR,109,40
Smartphones,Apple,Cell Phone,iPhone 12 Pro,Verizon,128GB,GOOD,166,120
Smartphones,Apple,Cell Phone,iPhone 12 Pro,Verizon,128GB,MINT,200,135
Smartphones,Apple,Cell Phone,iPhone 13 Mini,Unlocked,512GB,FAULTY,81,
Smartphones,Apple,Cell Phone,iPhone 13,Unlocked,512GB,FAULTY,129,45
Smartphones,Apple,Cell Phone,iPhone 13,Unlocked,512GB,POOR,165,45
Smartphones,Apple,Cell Phone,iPhone 13,Unlocked,512GB,GOOD,226,165
Smartphones,Apple,Cell Phone,iPhone 13,Unlocked,512GB,MINT,260,190
Smartphones,Apple,Cell Phone,iPhone 13,Unlocked,256GB,FAULTY,119,45
Smartphones,Apple,Cell Phone,iPhone 13,Unlocked,256GB,POOR,155,45
Smartphones,Apple,Cell Phone,iPhone 13,Unlocked,256GB,GOOD,208,160
Smartphones,Apple,Cell Phone,iPhone 13,Unlocked,256GB,MINT,250,175
Smartphones,Apple,Cell Phone,iPhone 13,Unlocked,128GB,FAULTY,101,40
Smartphones,Apple,Cell Phone,iPhone 13,Unlocked,128GB,POOR,122,40
Smartphones,Apple,Cell Phone,iPhone 13,Unlocked,128GB,GOOD,178,135
Smartphones,Apple,Cell Phone,iPhone 13,Unlocked,128GB,MINT,215,155
Smartphones,Apple,Cell Phone,iPhone 13,Other,512GB,FAULTY,71,45
Smartphones,Apple,Cell Phone,iPhone 13,Other,512GB,POOR,81,45
Smartphones,Apple,Cell Phone,iPhone 13,Other,512GB,GOOD,126,85
Smartphones,Apple,Cell Phone,iPhone 13,Other,512GB,MINT,156,100
Smartphones,Apple,Cell Phone,iPhone 13,Other,256GB,FAULTY,58,20
Smartphones,Apple,Cell Phone,iPhone 13,Other,256GB,POOR,71,20
Smartphones,Apple,Cell Phone,iPhone 13,Other,256GB,GOOD,110.25,60
Smartphones,Apple,Cell Phone,iPhone 13,Other,256GB,MINT,146,70
Smartphones,Apple,Cell Phone,iPhone 13,Other,128GB,FAULTY,49,20
Smartphones,Apple,Cell Phone,iPhone 13,Other,128GB,POOR,56,20
Smartphones,Apple,Cell Phone,iPhone 13,Other,128GB,GOOD,94.5,50
Smartphones,Apple,Cell Phone,iPhone 13,Other,128GB,MINT,114,65
Smartphones,Apple,Cell Phone,iPhone 13,T-Mobile,512GB,FAULTY,119,40
Smartphones,Apple,Cell Phone,iPhone 13,T-Mobile,512GB,POOR,132,40
Smartphones,Apple,Cell Phone,iPhone 13,T-Mobile,512GB,GOOD,208,120
Smartphones,Apple,Cell Phone,iPhone 13,T-Mobile,512GB,MINT,231,150
Smartphones,Apple,Cell Phone,iPhone 13,T-Mobile,256GB,FAULTY,108,40
Smartphones,Apple,Cell Phone,iPhone 13,T-Mobile,256GB,POOR,120,40
Smartphones,Apple,Cell Phone,iPhone 13,T-Mobile,256GB,GOOD,189,70
Smartphones,Apple,Cell Phone,iPhone 13,T-Mobile,256GB,MINT,212,100
Smartphones,Apple,Cell Phone,iPhone 13,T-Mobile,128GB,FAULTY,91,35
Smartphones,Apple,Cell Phone,iPhone 13,T-Mobile,128GB,POOR,102,35
Smartphones,Apple,Cell Phone,iPhone 13,T-Mobile,128GB,GOOD,160,75
Smartphones,Apple,Cell Phone,iPhone 13,T-Mobile,128GB,MINT,185,90
Smartphones,Apple,Cell Phone,iPhone 13,AT&T,512GB,FAULTY,119,40
Smartphones,Apple,Cell Phone,iPhone 13,AT&T,512GB,POOR,139,40
Smartphones,Apple,Cell Phone,iPhone 13,AT&T,512GB,GOOD,208,150
Smartphones,Apple,Cell Phone,iPhone 13,AT&T,512GB,MINT,233,175
Smartphones,Apple,Cell Phone,iPhone 13,AT&T,256GB,FAULTY,108,40
Smartphones,Apple,Cell Phone,iPhone 13,AT&T,256GB,POOR,128,40
Smartphones,Apple,Cell Phone,iPhone 13,AT&T,256GB,GOOD,189,130
Smartphones,Apple,Cell Phone,iPhone 13,AT&T,256GB,MINT,222,150
Smartphones,Apple,Cell Phone,iPhone 13,AT&T,128GB,FAULTY,91,35
Smartphones,Apple,Cell Phone,iPhone 13,AT&T,128GB,POOR,107,35
Smartphones,Apple,Cell Phone,iPhone 13,AT&T,128GB,GOOD,160,120
Smartphones,Apple,Cell Phone,iPhone 13,AT&T,128GB,MINT,189,140
Smartphones,Apple,Cell Phone,iPhone 13,Verizon,512GB,FAULTY,119,40
Smartphones,Apple,Cell Phone,iPhone 13,Verizon,512GB,POOR,139,40
Smartphones,Apple,Cell Phone,iPhone 13,Verizon,512GB,GOOD,208,150
Smartphones,Apple,Cell Phone,iPhone 13,Verizon,512GB,MINT,240,175
Smartphones,Apple,Cell Phone,iPhone 13,Verizon,256GB,FAULTY,108,40
Smartphones,Apple,Cell Phone,iPhone 13,Verizon,256GB,POOR,120,40
Smartphones,Apple,Cell Phone,iPhone 13,Verizon,256GB,GOOD,189,130
Smartphones,Apple,Cell Phone,iPhone 13,Verizon,256GB,MINT,212,150
Smartphones,Apple,Cell Phone,iPhone 13,Verizon,128GB,FAULTY,91,40
Smartphones,Apple,Cell Phone,iPhone 13,Verizon,128GB,POOR,107,40
Smartphones,Apple,Cell Phone,iPhone 13,Verizon,128GB,GOOD,160,125
Smartphones,Apple,Cell Phone,iPhone 13,Verizon,128GB,MINT,193,140
Smartphones,Apple,Cell Phone,iPhone 13 Mini,Unlocked,512GB,POOR,141,
Smartphones,Apple,Cell Phone,iPhone 13 Mini,Unlocked,512GB,GOOD,195,
Smartphones,Apple,Cell Phone,iPhone 13 Mini,Unlocked,512GB,MINT,233,
Smartphones,Apple,Cell Phone,iPhone 13 Mini,Unlocked,256GB,FAULTY,75,
Smartphones,Apple,Cell Phone,iPhone 13 Mini,Unlocked,256GB,POOR,121,
Smartphones,Apple,Cell Phone,iPhone 13 Mini,Unlocked,256GB,GOOD,175,
Smartphones,Apple,Cell Phone,iPhone 13 Mini,Unlocked,256GB,MINT,214,
Smartphones,Apple,Cell Phone,iPhone 13 Mini,Unlocked,128GB,FAULTY,62,
Smartphones,Apple,Cell Phone,iPhone 13 Mini,Unlocked,128GB,POOR,92,
Smartphones,Apple,Cell Phone,iPhone 13 Mini,Unlocked,128GB,GOOD,145,
Smartphones,Apple,Cell Phone,iPhone 13 Mini,Unlocked,128GB,MINT,179,
Smartphones,Apple,Cell Phone,iPhone 13 Mini,Other,512GB,FAULTY,41,35
Smartphones,Apple,Cell Phone,iPhone 13 Mini,Other,512GB,POOR,61,35
Smartphones,Apple,Cell Phone,iPhone 13 Mini,Other,512GB,GOOD,126,75
Smartphones,Apple,Cell Phone,iPhone 13 Mini,Other,512GB,MINT,146,90
Smartphones,Apple,Cell Phone,iPhone 13 Mini,Other,256GB,FAULTY,36,30
Smartphones,Apple,Cell Phone,iPhone 13 Mini,Other,256GB,POOR,54,30
Smartphones,Apple,Cell Phone,iPhone 13 Mini,Other,256GB,GOOD,100,65
Smartphones,Apple,Cell Phone,iPhone 13 Mini,Other,256GB,MINT,126,80
Smartphones,Apple,Cell Phone,iPhone 13 Mini,Other,128GB,FAULTY,34,30
Smartphones,Apple,Cell Phone,iPhone 13 Mini,Other,128GB,POOR,45,30
Smartphones,Apple,Cell Phone,iPhone 13 Mini,Other,128GB,GOOD,85.05,55
Smartphones,Apple,Cell Phone,iPhone 13 Mini,Other,128GB,MINT,96,70
Smartphones,Apple,Cell Phone,iPhone 13 Mini,T-Mobile,512GB,FAULTY,71,
Smartphones,Apple,Cell Phone,iPhone 13 Mini,T-Mobile,512GB,POOR,111,
Smartphones,Apple,Cell Phone,iPhone 13 Mini,T-Mobile,512GB,GOOD,165,
Smartphones,Apple,Cell Phone,iPhone 13 Mini,T-Mobile,512GB,MINT,213,
Smartphones,Apple,Cell Phone,iPhone 13 Mini,T-Mobile,256GB,FAULTY,62,
Smartphones,Apple,Cell Phone,iPhone 13 Mini,T-Mobile,256GB,POOR,92,
Smartphones,Apple,Cell Phone,iPhone 13 Mini,T-Mobile,256GB,GOOD,145,
Smartphones,Apple,Cell Phone,iPhone 13 Mini,T-Mobile,256GB,MINT,189,
Smartphones,Apple,Cell Phone,iPhone 13 Mini,T-Mobile,128GB,FAULTY,48,
Smartphones,Apple,Cell Phone,iPhone 13 Mini,T-Mobile,128GB,POOR,75,
Smartphones,Apple,Cell Phone,iPhone 13 Mini,T-Mobile,128GB,GOOD,119,
Smartphones,Apple,Cell Phone,iPhone 13 Mini,T-Mobile,128GB,MINT,159,
Smartphones,Apple,Cell Phone,iPhone 13 Mini,AT&T,512GB,FAULTY,68,
Smartphones,Apple,Cell Phone,iPhone 13 Mini,AT&T,512GB,POOR,141,
Smartphones,Apple,Cell Phone,iPhone 13 Mini,AT&T,512GB,GOOD,165,
Smartphones,Apple,Cell Phone,iPhone 13 Mini,AT&T,512GB,MINT,210,
Smartphones,Apple,Cell Phone,iPhone 13 Mini,AT&T,256GB,FAULTY,62,
Smartphones,Apple,Cell Phone,iPhone 13 Mini,AT&T,256GB,POOR,92,
Smartphones,Apple,Cell Phone,iPhone 13 Mini,AT&T,256GB,GOOD,145,
Smartphones,Apple,Cell Phone,iPhone 13 Mini,AT&T,256GB,MINT,189,
Smartphones,Apple,Cell Phone,iPhone 13 Mini,AT&T,128GB,FAULTY,52,
Smartphones,Apple,Cell Phone,iPhone 13 Mini,AT&T,128GB,POOR,75,
Smartphones,Apple,Cell Phone,iPhone 13 Mini,AT&T,128GB,GOOD,119,
Smartphones,Apple,Cell Phone,iPhone 13 Mini,AT&T,128GB,MINT,159,
Smartphones,Apple,Cell Phone,iPhone 13 Mini,Verizon,512GB,FAULTY,69,
Smartphones,Apple,Cell Phone,iPhone 13 Mini,Verizon,512GB,POOR,102,
Smartphones,Apple,Cell Phone,iPhone 13 Mini,Verizon,512GB,GOOD,162,
Smartphones,Apple,Cell Phone,iPhone 13 Mini,Verizon,512GB,MINT,206,
Smartphones,Apple,Cell Phone,iPhone 13 Mini,Verizon,256GB,FAULTY,62,
Smartphones,Apple,Cell Phone,iPhone 13 Mini,Verizon,256GB,POOR,92,
Smartphones,Apple,Cell Phone,iPhone 13 Mini,Verizon,256GB,GOOD,145,
Smartphones,Apple,Cell Phone,iPhone 13 Mini,Verizon,256GB,MINT,182,
Smartphones,Apple,Cell Phone,iPhone 13 Mini,Verizon,128GB,FAULTY,47,
Smartphones,Apple,Cell Phone,iPhone 13 Mini,Verizon,128GB,POOR,70,
Smartphones,Apple,Cell Phone,iPhone 13 Mini,Verizon,128GB,GOOD,111,
Smartphones,Apple,Cell Phone,iPhone 13 Mini,Verizon,128GB,MINT,149,
Smartphones,Apple,Cell Phone,iPhone 13 Pro,Unlocked,1TB,FAULTY,193,105
Smartphones,Apple,Cell Phone,iPhone 13 Pro Max,Unlocked,1TB,FAULTY,253,120
Smartphones,Apple,Cell Phone,iPhone 13 Pro Max,Unlocked,1TB,POOR,283,120
Smartphones,Apple,Cell Phone,iPhone 13 Pro Max,Unlocked,1TB,GOOD,411,280
Smartphones,Apple,Cell Phone,iPhone 13 Pro Max,Unlocked,1TB,MINT,449,310
Smartphones,Apple,Cell Phone,iPhone 13 Pro Max,Unlocked,512GB,FAULTY,233,115
Smartphones,Apple,Cell Phone,iPhone 13 Pro Max,Unlocked,512GB,POOR,268,115
Smartphones,Apple,Cell Phone,iPhone 13 Pro Max,Unlocked,512GB,GOOD,385,255
Smartphones,Apple,Cell Phone,iPhone 13 Pro Max,Unlocked,512GB,MINT,420,285
Smartphones,Apple,Cell Phone,iPhone 13 Pro Max,Unlocked,256GB,FAULTY,193,110
Smartphones,Apple,Cell Phone,iPhone 13 Pro Max,Unlocked,256GB,POOR,256,110
Smartphones,Apple,Cell Phone,iPhone 13 Pro Max,Unlocked,256GB,GOOD,349,235
Smartphones,Apple,Cell Phone,iPhone 13 Pro Max,Unlocked,256GB,MINT,381,265
Smartphones,Apple,Cell Phone,iPhone 13 Pro Max,Unlocked,128GB,FAULTY,173,85
Smartphones,Apple,Cell Phone,iPhone 13 Pro Max,Unlocked,128GB,POOR,211,85
Smartphones,Apple,Cell Phone,iPhone 13 Pro Max,Unlocked,128GB,GOOD,304,200
Smartphones,Apple,Cell Phone,iPhone 13 Pro Max,Unlocked,128GB,MINT,331,230
Smartphones,Apple,Cell Phone,iPhone 13 Pro Max,Other,1TB,FAULTY,101,70
Smartphones,Apple,Cell Phone,iPhone 13 Pro Max,Other,1TB,POOR,181,70
Smartphones,Apple,Cell Phone,iPhone 13 Pro Max,Other,1TB,GOOD,245,130
Smartphones,Apple,Cell Phone,iPhone 13 Pro Max,Other,1TB,MINT,276,180
Smartphones,Apple,Cell Phone,iPhone 13 Pro Max,Other,512GB,FAULTY,101,60
Smartphones,Apple,Cell Phone,iPhone 13 Pro Max,Other,512GB,POOR,166,60
Smartphones,Apple,Cell Phone,iPhone 13 Pro Max,Other,512GB,GOOD,230,140
Smartphones,Apple,Cell Phone,iPhone 13 Pro Max,Other,512GB,MINT,261,170
Smartphones,Apple,Cell Phone,iPhone 13 Pro Max,Other,256GB,FAULTY,91,55
Smartphones,Apple,Cell Phone,iPhone 13 Pro Max,Other,256GB,POOR,156,55
Smartphones,Apple,Cell Phone,iPhone 13 Pro Max,Other,256GB,GOOD,220,125
Smartphones,Apple,Cell Phone,iPhone 13 Pro Max,Other,256GB,MINT,251,155
Smartphones,Apple,Cell Phone,iPhone 13 Pro Max,Other,128GB,FAULTY,71,55
Smartphones,Apple,Cell Phone,iPhone 13 Pro Max,Other,128GB,POOR,111,55
Smartphones,Apple,Cell Phone,iPhone 13 Pro Max,Other,128GB,GOOD,175,120
Smartphones,Apple,Cell Phone,iPhone 13 Pro Max,Other,128GB,MINT,206,150
Smartphones,Apple,Cell Phone,iPhone 13 Pro Max,T-Mobile,1TB,FAULTY,119,95
Smartphones,Apple,Cell Phone,iPhone 13 Pro Max,T-Mobile,1TB,POOR,220,95
Smartphones,Apple,Cell Phone,iPhone 13 Pro Max,T-Mobile,1TB,GOOD,289,230
Smartphones,Apple,Cell Phone,iPhone 13 Pro Max,T-Mobile,1TB,MINT,350,260
Smartphones,Apple,Cell Phone,iPhone 13 Pro Max,T-Mobile,512GB,FAULTY,109,85
Smartphones,Apple,Cell Phone,iPhone 13 Pro Max,T-Mobile,512GB,POOR,203,85
Smartphones,Apple,Cell Phone,iPhone 13 Pro Max,T-Mobile,512GB,GOOD,272,200
Smartphones,Apple,Cell Phone,iPhone 13 Pro Max,T-Mobile,512GB,MINT,309,230
Smartphones,Apple,Cell Phone,iPhone 13 Pro Max,T-Mobile,256GB,FAULTY,102,85
Smartphones,Apple,Cell Phone,iPhone 13 Pro Max,T-Mobile,256GB,POOR,189,85
Smartphones,Apple,Cell Phone,iPhone 13 Pro Max,T-Mobile,256GB,GOOD,249,170
Smartphones,Apple,Cell Phone,iPhone 13 Pro Max,T-Mobile,256GB,MINT,284,200
Smartphones,Apple,Cell Phone,iPhone 13 Pro Max,T-Mobile,128GB,FAULTY,84,75
Smartphones,Apple,Cell Phone,iPhone 13 Pro Max,T-Mobile,128GB,POOR,150,75
Smartphones,Apple,Cell Phone,iPhone 13 Pro Max,T-Mobile,128GB,GOOD,206.5,140
Smartphones,Apple,Cell Phone,iPhone 13 Pro Max,T-Mobile,128GB,MINT,252,170
Smartphones,Apple,Cell Phone,iPhone 13 Pro Max,AT&T,1TB,FAULTY,205,105
Smartphones,Apple,Cell Phone,iPhone 13 Pro Max,AT&T,1TB,POOR,281,105
Smartphones,Apple,Cell Phone,iPhone 13 Pro Max,AT&T,1TB,GOOD,380,240
Smartphones,Apple,Cell Phone,iPhone 13 Pro Max,AT&T,1TB,MINT,376,270
Smartphones,Apple,Cell Phone,iPhone 13 Pro Max,AT&T,512GB,FAULTY,185,95
Smartphones,Apple,Cell Phone,iPhone 13 Pro Max,AT&T,512GB,POOR,266,95
Smartphones,Apple,Cell Phone,iPhone 13 Pro Max,AT&T,512GB,GOOD,360,215
Smartphones,Apple,Cell Phone,iPhone 13 Pro Max,AT&T,512GB,MINT,361,245
Smartphones,Apple,Cell Phone,iPhone 13 Pro Max,AT&T,256GB,FAULTY,145,90
Smartphones,Apple,Cell Phone,iPhone 13 Pro Max,AT&T,256GB,POOR,256,90
Smartphones,Apple,Cell Phone,iPhone 13 Pro Max,AT&T,256GB,GOOD,320,185
Smartphones,Apple,Cell Phone,iPhone 13 Pro Max,AT&T,256GB,MINT,351,215
Smartphones,Apple,Cell Phone,iPhone 13 Pro Max,AT&T,128GB,FAULTY,125,80
Smartphones,Apple,Cell Phone,iPhone 13 Pro Max,AT&T,128GB,POOR,211,80
Smartphones,Apple,Cell Phone,iPhone 13 Pro Max,AT&T,128GB,GOOD,275,160
Smartphones,Apple,Cell Phone,iPhone 13 Pro Max,AT&T,128GB,MINT,306,190
Smartphones,Apple,Cell Phone,iPhone 13 Pro Max,Verizon,1TB,FAULTY,133,115
Smartphones,Apple,Cell Phone,iPhone 13 Pro Max,Verizon,1TB,POOR,205,115
Smartphones,Apple,Cell Phone,iPhone 13 Pro Max,Verizon,1TB,GOOD,329,255
Smartphones,Apple,Cell Phone,iPhone 13 Pro Max,Verizon,1TB,MINT,361,285
Smartphones,Apple,Cell Phone,iPhone 13 Pro Max,Verizon,512GB,FAULTY,127,105
Smartphones,Apple,Cell Phone,iPhone 13 Pro Max,Verizon,512GB,POOR,200,105
Smartphones,Apple,Cell Phone,iPhone 13 Pro Max,Verizon,512GB,GOOD,316,240
Smartphones,Apple,Cell Phone,iPhone 13 Pro Max,Verizon,512GB,MINT,337,270
Smartphones,Apple,Cell Phone,iPhone 13 Pro Max,Verizon,256GB,FAULTY,119,100
Smartphones,Apple,Cell Phone,iPhone 13 Pro Max,Verizon,256GB,POOR,183,100
Smartphones,Apple,Cell Phone,iPhone 13 Pro Max,Verizon,256GB,GOOD,290,225
Smartphones,Apple,Cell Phone,iPhone 13 Pro Max,Verizon,256GB,MINT,318,255
Smartphones,Apple,Cell Phone,iPhone 13 Pro Max,Verizon,128GB,FAULTY,97,80
Smartphones,Apple,Cell Phone,iPhone 13 Pro Max,Verizon,128GB,POOR,163,80
Smartphones,Apple,Cell Phone,iPhone 13 Pro Max,Verizon,128GB,GOOD,239,185
Smartphones,Apple,Cell Phone,iPhone 13 Pro Max,Verizon,128GB,MINT,256,215
Smartphones,Apple,Cell Phone,iPhone 13 Pro,Unlocked,1TB,POOR,231,105
Smartphones,Apple,Cell Phone,iPhone 13 Pro,Unlocked,1TB,GOOD,344,240
Smartphones,Apple,Cell Phone,iPhone 13 Pro,Unlocked,1TB,MINT,386,275
Smartphones,Apple,Cell Phone,iPhone 13 Pro,Unlocked,512GB,FAULTY,173,65
Smartphones,Apple,Cell Phone,iPhone 13 Pro,Unlocked,512GB,POOR,221,65
Smartphones,Apple,Cell Phone,iPhone 13 Pro,Unlocked,512GB,GOOD,302,210
Smartphones,Apple,Cell Phone,iPhone 13 Pro,Unlocked,512GB,MINT,336,250
Smartphones,Apple,Cell Phone,iPhone 13 Pro,Unlocked,256GB,FAULTY,145,80
Smartphones,Apple,Cell Phone,iPhone 13 Pro,Unlocked,256GB,POOR,197,80
Smartphones,Apple,Cell Phone,iPhone 13 Pro,Unlocked,256GB,GOOD,277,205
Smartphones,Apple,Cell Phone,iPhone 13 Pro,Unlocked,256GB,MINT,311,235
Smartphones,Apple,Cell Phone,iPhone 13 Pro,Unlocked,128GB,FAULTY,125,65
Smartphones,Apple,Cell Phone,iPhone 13 Pro,Unlocked,128GB,POOR,167,65
Smartphones,Apple,Cell Phone,iPhone 13 Pro,Unlocked,128GB,GOOD,242,175
Smartphones,Apple,Cell Phone,iPhone 13 Pro,Unlocked,128GB,MINT,276,205
Smartphones,Apple,Cell Phone,iPhone 13 Pro,Other,1TB,FAULTY,91,30
Smartphones,Apple,Cell Phone,iPhone 13 Pro,Other,1TB,POOR,156,30
Smartphones,Apple,Cell Phone,iPhone 13 Pro,Other,1TB,GOOD,220,125
Smartphones,Apple,Cell Phone,iPhone 13 Pro,Other,1TB,MINT,251,165
Smartphones,Apple,Cell Phone,iPhone 13 Pro,Other,512GB,FAULTY,91,45
Smartphones,Apple,Cell Phone,iPhone 13 Pro,Other,512GB,POOR,146,45
Smartphones,Apple,Cell Phone,iPhone 13 Pro,Other,512GB,GOOD,210,115
Smartphones,Apple,Cell Phone,iPhone 13 Pro,Other,512GB,MINT,241,155
Smartphones,Apple,Cell Phone,iPhone 13 Pro,Other,256GB,FAULTY,71,40
Smartphones,Apple,Cell Phone,iPhone 13 Pro,Other,256GB,POOR,121,40
Smartphones,Apple,Cell Phone,iPhone 13 Pro,Other,256GB,GOOD,185,100
Smartphones,Apple,Cell Phone,iPhone 13 Pro,Other,256GB,MINT,216,130
Smartphones,Apple,Cell Phone,iPhone 13 Pro,Other,128GB,FAULTY,56,40
Smartphones,Apple,Cell Phone,iPhone 13 Pro,Other,128GB,POOR,86,40
Smartphones,Apple,Cell Phone,iPhone 13 Pro,Other,128GB,GOOD,150,100
Smartphones,Apple,Cell Phone,iPhone 13 Pro,Other,128GB,MINT,181,130
Smartphones,Apple,Cell Phone,iPhone 13 Pro,T-Mobile,1TB,FAULTY,135,95
Smartphones,Apple,Cell Phone,iPhone 13 Pro,T-Mobile,1TB,POOR,196,95
Smartphones,Apple,Cell Phone,iPhone 13 Pro,T-Mobile,1TB,GOOD,290,175
Smartphones,Apple,Cell Phone,iPhone 13 Pro,T-Mobile,1TB,MINT,343,225
Smartphones,Apple,Cell Phone,iPhone 13 Pro,T-Mobile,512GB,FAULTY,122,80
Smartphones,Apple,Cell Phone,iPhone 13 Pro,T-Mobile,512GB,POOR,184,80
Smartphones,Apple,Cell Phone,iPhone 13 Pro,T-Mobile,512GB,GOOD,260,170
Smartphones,Apple,Cell Phone,iPhone 13 Pro,T-Mobile,512GB,MINT,323,205
Smartphones,Apple,Cell Phone,iPhone 13 Pro,T-Mobile,256GB,FAULTY,115,65
Smartphones,Apple,Cell Phone,iPhone 13 Pro,T-Mobile,256GB,POOR,161,65
Smartphones,Apple,Cell Phone,iPhone 13 Pro,T-Mobile,256GB,GOOD,245,125
Smartphones,Apple,Cell Phone,iPhone 13 Pro,T-Mobile,256GB,MINT,298,155
Smartphones,Apple,Cell Phone,iPhone 13 Pro,T-Mobile,128GB,FAULTY,101,55
Smartphones,Apple,Cell Phone,iPhone 13 Pro,T-Mobile,128GB,POOR,141,55
Smartphones,Apple,Cell Phone,iPhone 13 Pro,T-Mobile,128GB,GOOD,216,115
Smartphones,Apple,Cell Phone,iPhone 13 Pro,T-Mobile,128GB,MINT,263,145
Smartphones,Apple,Cell Phone,iPhone 13 Pro,AT&T,1TB,FAULTY,145,95
Smartphones,Apple,Cell Phone,iPhone 13 Pro,AT&T,1TB,POOR,210,95
Smartphones,Apple,Cell Phone,iPhone 13 Pro,AT&T,1TB,GOOD,311,180
Smartphones,Apple,Cell Phone,iPhone 13 Pro,AT&T,1TB,MINT,381,230
Smartphones,Apple,Cell Phone,iPhone 13 Pro,AT&T,512GB,FAULTY,129,90
Smartphones,Apple,Cell Phone,iPhone 13 Pro,AT&T,512GB,POOR,200,90
Smartphones,Apple,Cell Phone,iPhone 13 Pro,AT&T,512GB,GOOD,277,175
Smartphones,Apple,Cell Phone,iPhone 13 Pro,AT&T,512GB,MINT,343,225
Smartphones,Apple,Cell Phone,iPhone 13 Pro,AT&T,256GB,FAULTY,118,70
Smartphones,Apple,Cell Phone,iPhone 13 Pro,AT&T,256GB,POOR,175,70
Smartphones,Apple,Cell Phone,iPhone 13 Pro,AT&T,256GB,GOOD,252,150
Smartphones,Apple,Cell Phone,iPhone 13 Pro,AT&T,256GB,MINT,318,180
Smartphones,Apple,Cell Phone,iPhone 13 Pro,AT&T,128GB,FAULTY,102,65
Smartphones,Apple,Cell Phone,iPhone 13 Pro,AT&T,128GB,POOR,146,65
Smartphones,Apple,Cell Phone,iPhone 13 Pro,AT&T,128GB,GOOD,217,125
Smartphones,Apple,Cell Phone,iPhone 13 Pro,AT&T,128GB,MINT,283,155
Smartphones,Apple,Cell Phone,iPhone 13 Pro,Verizon,1TB,FAULTY,135,95
Smartphones,Apple,Cell Phone,iPhone 13 Pro,Verizon,1TB,POOR,181,95
Smartphones,Apple,Cell Phone,iPhone 13 Pro,Verizon,1TB,GOOD,290,215
Smartphones,Apple,Cell Phone,iPhone 13 Pro,Verizon,1TB,MINT,368,250
Smartphones,Apple,Cell Phone,iPhone 13 Pro,Verizon,512GB,FAULTY,122,90
Smartphones,Apple,Cell Phone,iPhone 13 Pro,Verizon,512GB,POOR,171,90
Smartphones,Apple,Cell Phone,iPhone 13 Pro,Verizon,512GB,GOOD,260,185
Smartphones,Apple,Cell Phone,iPhone 13 Pro,Verizon,512GB,MINT,309,230
Smartphones,Apple,Cell Phone,iPhone 13 Pro,Verizon,256GB,FAULTY,114,70
Smartphones,Apple,Cell Phone,iPhone 13 Pro,Verizon,256GB,POOR,154,70
Smartphones,Apple,Cell Phone,iPhone 13 Pro,Verizon,256GB,GOOD,243,185
Smartphones,Apple,Cell Phone,iPhone 13 Pro,Verizon,256GB,MINT,293,215
Smartphones,Apple,Cell Phone,iPhone 13 Pro,Verizon,128GB,FAULTY,97,55
Smartphones,Apple,Cell Phone,iPhone 13 Pro,Verizon,128GB,POOR,144,55
Smartphones,Apple,Cell Phone,iPhone 13 Pro,Verizon,128GB,GOOD,208,140
Smartphones,Apple,Cell Phone,iPhone 13 Pro,Verizon,128GB,MINT,249,170
Smartphones,Apple,Cell Phone,iPhone 14,Unlocked,512GB,FAULTY,143,90
Smartphones,Apple,Cell Phone,iPhone 14 Plus,Unlocked,512GB,FAULTY,121,115
Smartphones,Apple,Cell Phone,iPhone 14 Plus,Unlocked,512GB,POOR,217,115
Smartphones,Apple,Cell Phone,iPhone 14 Plus,Unlocked,512GB,GOOD,285,265
Smartphones,Apple,Cell Phone,iPhone 14 Plus,Unlocked,512GB,MINT,319,290
Smartphones,Apple,Cell Phone,iPhone 14 Plus,Unlocked,256GB,FAULTY,111,105
Smartphones,Apple,Cell Phone,iPhone 14 Plus,Unlocked,256GB,POOR,197,105
Smartphones,Apple,Cell Phone,iPhone 14 Plus,Unlocked,256GB,GOOD,241,225
Smartphones,Apple,Cell Phone,iPhone 14 Plus,Unlocked,256GB,MINT,280,250
Smartphones,Apple,Cell Phone,iPhone 14 Plus,Unlocked,128GB,FAULTY,106,95
Smartphones,Apple,Cell Phone,iPhone 14 Plus,Unlocked,128GB,POOR,157,95
Smartphones,Apple,Cell Phone,iPhone 14 Plus,Unlocked,128GB,GOOD,201,195
Smartphones,Apple,Cell Phone,iPhone 14 Plus,Unlocked,128GB,MINT,240,220
Smartphones,Apple,Cell Phone,iPhone 14 Plus,Other,512GB,FAULTY,86,85
Smartphones,Apple,Cell Phone,iPhone 14 Plus,Other,512GB,POOR,141,85
Smartphones,Apple,Cell Phone,iPhone 14 Plus,Other,512GB,GOOD,185,185
Smartphones,Apple,Cell Phone,iPhone 14 Plus,Other,512GB,MINT,216,210
Smartphones,Apple,Cell Phone,iPhone 14 Plus,Other,256GB,FAULTY,76,75
Smartphones,Apple,Cell Phone,iPhone 14 Plus,Other,256GB,POOR,121,75
Smartphones,Apple,Cell Phone,iPhone 14 Plus,Other,256GB,GOOD,165,145
Smartphones,Apple,Cell Phone,iPhone 14 Plus,Other,256GB,MINT,196,170
Smartphones,Apple,Cell Phone,iPhone 14 Plus,Other,128GB,FAULTY,56,55
Smartphones,Apple,Cell Phone,iPhone 14 Plus,Other,128GB,POOR,81,55
Smartphones,Apple,Cell Phone,iPhone 14 Plus,Other,128GB,GOOD,125,115
Smartphones,Apple,Cell Phone,iPhone 14 Plus,Other,128GB,MINT,156,140
Smartphones,Apple,Cell Phone,iPhone 14 Plus,T-Mobile,512GB,FAULTY,96,90
Smartphones,Apple,Cell Phone,iPhone 14 Plus,T-Mobile,512GB,POOR,169,90
Smartphones,Apple,Cell Phone,iPhone 14 Plus,T-Mobile,512GB,GOOD,227,215
Smartphones,Apple,Cell Phone,iPhone 14 Plus,T-Mobile,512GB,MINT,252,240
Smartphones,Apple,Cell Phone,iPhone 14 Plus,T-Mobile,256GB,FAULTY,86,80
Smartphones,Apple,Cell Phone,iPhone 14 Plus,T-Mobile,256GB,POOR,149,80
Smartphones,Apple,Cell Phone,iPhone 14 Plus,T-Mobile,256GB,GOOD,192,185
Smartphones,Apple,Cell Phone,iPhone 14 Plus,T-Mobile,256GB,MINT,223,210
Smartphones,Apple,Cell Phone,iPhone 14 Plus,T-Mobile,128GB,FAULTY,76,70
Smartphones,Apple,Cell Phone,iPhone 14 Plus,T-Mobile,128GB,POOR,111,70
Smartphones,Apple,Cell Phone,iPhone 14 Plus,T-Mobile,128GB,GOOD,163,155
Smartphones,Apple,Cell Phone,iPhone 14 Plus,T-Mobile,128GB,MINT,183,180
Smartphones,Apple,Cell Phone,iPhone 14 Plus,AT&T,512GB,FAULTY,116,110
Smartphones,Apple,Cell Phone,iPhone 14 Plus,AT&T,512GB,POOR,173,110
Smartphones,Apple,Cell Phone,iPhone 14 Plus,AT&T,512GB,GOOD,251,235
Smartphones,Apple,Cell Phone,iPhone 14 Plus,AT&T,512GB,MINT,276,260
Smartphones,Apple,Cell Phone,iPhone 14 Plus,AT&T,256GB,FAULTY,106,100
Smartphones,Apple,Cell Phone,iPhone 14 Plus,AT&T,256GB,POOR,152,100
Smartphones,Apple,Cell Phone,iPhone 14 Plus,AT&T,256GB,GOOD,203,200
Smartphones,Apple,Cell Phone,iPhone 14 Plus,AT&T,256GB,MINT,230,225
Smartphones,Apple,Cell Phone,iPhone 14 Plus,AT&T,128GB,FAULTY,94,90
Smartphones,Apple,Cell Phone,iPhone 14 Plus,AT&T,128GB,POOR,123,90
Smartphones,Apple,Cell Phone,iPhone 14 Plus,AT&T,128GB,GOOD,171,170
Smartphones,Apple,Cell Phone,iPhone 14 Plus,AT&T,128GB,MINT,201,195
Smartphones,Apple,Cell Phone,iPhone 14 Plus,Verizon,512GB,FAULTY,121,115
Smartphones,Apple,Cell Phone,iPhone 14 Plus,Verizon,512GB,POOR,172,115
Smartphones,Apple,Cell Phone,iPhone 14 Plus,Verizon,512GB,GOOD,250,235
Smartphones,Apple,Cell Phone,iPhone 14 Plus,Verizon,512GB,MINT,276,260
Smartphones,Apple,Cell Phone,iPhone 14 Plus,Verizon,256GB,FAULTY,111,105
Smartphones,Apple,Cell Phone,iPhone 14 Plus,Verizon,256GB,POOR,148,105
Smartphones,Apple,Cell Phone,iPhone 14 Plus,Verizon,256GB,GOOD,206,205
Smartphones,Apple,Cell Phone,iPhone 14 Plus,Verizon,256GB,MINT,233,230
Smartphones,Apple,Cell Phone,iPhone 14 Plus,Verizon,128GB,FAULTY,99,95
Smartphones,Apple,Cell Phone,iPhone 14 Plus,Verizon,128GB,POOR,120,95
Smartphones,Apple,Cell Phone,iPhone 14 Plus,Verizon,128GB,GOOD,180,180
Smartphones,Apple,Cell Phone,iPhone 14 Plus,Verizon,128GB,MINT,208,205
Smartphones,Apple,Cell Phone,iPhone 14,Unlocked,512GB,POOR,231,90
Smartphones,Apple,Cell Phone,iPhone 14,Unlocked,512GB,GOOD,306,200
Smartphones,Apple,Cell Phone,iPhone 14,Unlocked,512GB,MINT,338,230
Smartphones,Apple,Cell Phone,iPhone 14,Unlocked,256GB,FAULTY,125,90
Smartphones,Apple,Cell Phone,iPhone 14,Unlocked,256GB,POOR,166,90
Smartphones,Apple,Cell Phone,iPhone 14,Unlocked,256GB,GOOD,246,170
Smartphones,Apple,Cell Phone,iPhone 14,Unlocked,256GB,MINT,268,200
Smartphones,Apple,Cell Phone,iPhone 14,Unlocked,128GB,FAULTY,97,45
Smartphones,Apple,Cell Phone,iPhone 14,Unlocked,128GB,POOR,134,45
Smartphones,Apple,Cell Phone,iPhone 14,Unlocked,128GB,GOOD,207,135
Smartphones,Apple,Cell Phone,iPhone 14,Unlocked,128GB,MINT,226,165
Smartphones,Apple,Cell Phone,iPhone 14,Other,512GB,FAULTY,71,70
Smartphones,Apple,Cell Phone,iPhone 14,Other,512GB,POOR,160,70
Smartphones,Apple,Cell Phone,iPhone 14,Other,512GB,GOOD,210,145
Smartphones,Apple,Cell Phone,iPhone 14,Other,512GB,MINT,236,175
Smartphones,Apple,Cell Phone,iPhone 14,Other,256GB,FAULTY,66,65
Smartphones,Apple,Cell Phone,iPhone 14,Other,256GB,POOR,86,65
Smartphones,Apple,Cell Phone,iPhone 14,Other,256GB,GOOD,135,115
Smartphones,Apple,Cell Phone,iPhone 14,Other,256GB,MINT,161,145
Smartphones,Apple,Cell Phone,iPhone 14,Other,128GB,FAULTY,46,25
Smartphones,Apple,Cell Phone,iPhone 14,Other,128GB,POOR,65,25
Smartphones,Apple,Cell Phone,iPhone 14,Other,128GB,GOOD,110.25,80
Smartphones,Apple,Cell Phone,iPhone 14,Other,128GB,MINT,126,100
Smartphones,Apple,Cell Phone,iPhone 14,T-Mobile,512GB,FAULTY,116,75
Smartphones,Apple,Cell Phone,iPhone 14,T-Mobile,512GB,POOR,159,75
Smartphones,Apple,Cell Phone,iPhone 14,T-Mobile,512GB,GOOD,248,165
Smartphones,Apple,Cell Phone,iPhone 14,T-Mobile,512GB,MINT,277,195
Smartphones,Apple,Cell Phone,iPhone 14,T-Mobile,256GB,FAULTY,97,80
Smartphones,Apple,Cell Phone,iPhone 14,T-Mobile,256GB,POOR,132,80
Smartphones,Apple,Cell Phone,iPhone 14,T-Mobile,256GB,GOOD,209,145
Smartphones,Apple,Cell Phone,iPhone 14,T-Mobile,256GB,MINT,244,175
Smartphones,Apple,Cell Phone,iPhone 14,T-Mobile,128GB,FAULTY,83,40
Smartphones,Apple,Cell Phone,iPhone 14,T-Mobile,128GB,POOR,117,40
Smartphones,Apple,Cell Phone,iPhone 14,T-Mobile,128GB,GOOD,178,120
Smartphones,Apple,Cell Phone,iPhone 14,T-Mobile,128GB,MINT,217,140
Smartphones,Apple,Cell Phone,iPhone 14,AT&T,512GB,FAULTY,126,85
Smartphones,Apple,Cell Phone,iPhone 14,AT&T,512GB,POOR,191,85
Smartphones,Apple,Cell Phone,iPhone 14,AT&T,512GB,GOOD,269,170
Smartphones,Apple,Cell Phone,iPhone 14,AT&T,512GB,MINT,313,200
Smartphones,Apple,Cell Phone,iPhone 14,AT&T,256GB,FAULTY,103,85
Smartphones,Apple,Cell Phone,iPhone 14,AT&T,256GB,POOR,138,85
Smartphones,Apple,Cell Phone,iPhone 14,AT&T,256GB,GOOD,215,160
Smartphones,Apple,Cell Phone,iPhone 14,AT&T,256GB,MINT,252,190
Smartphones,Apple,Cell Phone,iPhone 14,AT&T,128GB,FAULTY,88,40
Smartphones,Apple,Cell Phone,iPhone 14,AT&T,128GB,POOR,122,40
Smartphones,Apple,Cell Phone,iPhone 14,AT&T,128GB,GOOD,188,130
Smartphones,Apple,Cell Phone,iPhone 14,AT&T,128GB,MINT,217,150
Smartphones,Apple,Cell Phone,iPhone 14,Verizon,512GB,FAULTY,123,90
Smartphones,Apple,Cell Phone,iPhone 14,Verizon,512GB,POOR,167,90
Smartphones,Apple,Cell Phone,iPhone 14,Verizon,512GB,GOOD,263,180
Smartphones,Apple,Cell Phone,iPhone 14,Verizon,512GB,MINT,308,205
Smartphones,Apple,Cell Phone,iPhone 14,Verizon,256GB,FAULTY,102,85
Smartphones,Apple,Cell Phone,iPhone 14,Verizon,256GB,POOR,137,85
Smartphones,Apple,Cell Phone,iPhone 14,Verizon,256GB,GOOD,215,170
Smartphones,Apple,Cell Phone,iPhone 14,Verizon,256GB,MINT,245,180
Smartphones,Apple,Cell Phone,iPhone 14,Verizon,128GB,FAULTY,85,40
Smartphones,Apple,Cell Phone,iPhone 14,Verizon,128GB,POOR,119,40
Smartphones,Apple,Cell Phone,iPhone 14,Verizon,128GB,GOOD,182,135
Smartphones,Apple,Cell Phone,iPhone 14,Verizon,128GB,MINT,217,155
Smartphones,Apple,Cell Phone,iPhone 14 Pro,Unlocked,1TB,FAULTY,186,135
Smartphones,Apple,Cell Phone,iPhone 14 Pro Max,Unlocked,1TB,FAULTY,303,145
Smartphones,Apple,Cell Phone,iPhone 14 Pro Max,Unlocked,1TB,POOR,356,145
Smartphones,Apple,Cell Phone,iPhone 14 Pro Max,Unlocked,1TB,GOOD,457,330
Smartphones,Apple,Cell Phone,iPhone 14 Pro Max,Unlocked,1TB,MINT,519,370
Smartphones,Apple,Cell Phone,iPhone 14 Pro Max,Unlocked,512GB,FAULTY,263,135
Smartphones,Apple,Cell Phone,iPhone 14 Pro Max,Unlocked,512GB,POOR,326,135
Smartphones,Apple,Cell Phone,iPhone 14 Pro Max,Unlocked,512GB,GOOD,426,305
Smartphones,Apple,Cell Phone,iPhone 14 Pro Max,Unlocked,512GB,MINT,484,340
Smartphones,Apple,Cell Phone,iPhone 14 Pro Max,Unlocked,256GB,FAULTY,223,125
Smartphones,Apple,Cell Phone,iPhone 14 Pro Max,Unlocked,256GB,POOR,296,125
Smartphones,Apple,Cell Phone,iPhone 14 Pro Max,Unlocked,256GB,GOOD,396,275
Smartphones,Apple,Cell Phone,iPhone 14 Pro Max,Unlocked,256GB,MINT,450,315
Smartphones,Apple,Cell Phone,iPhone 14 Pro Max,Unlocked,128GB,FAULTY,187,150
Smartphones,Apple,Cell Phone,iPhone 14 Pro Max,Unlocked,128GB,POOR,276,150
Smartphones,Apple,Cell Phone,iPhone 14 Pro Max,Unlocked,128GB,GOOD,376,225
Smartphones,Apple,Cell Phone,iPhone 14 Pro Max,Unlocked,128GB,MINT,426,265
Smartphones,Apple,Cell Phone,iPhone 14 Pro Max,Other,1TB,FAULTY,171,70
Smartphones,Apple,Cell Phone,iPhone 14 Pro Max,Other,1TB,POOR,171,70
Smartphones,Apple,Cell Phone,iPhone 14 Pro Max,Other,1TB,GOOD,236.25,135
Smartphones,Apple,Cell Phone,iPhone 14 Pro Max,Other,1TB,MINT,266,175
Smartphones,Apple,Cell Phone,iPhone 14 Pro Max,Other,512GB,FAULTY,151,65
Smartphones,Apple,Cell Phone,iPhone 14 Pro Max,Other,512GB,POOR,151,65
Smartphones,Apple,Cell Phone,iPhone 14 Pro Max,Other,512GB,GOOD,220.5,125
Smartphones,Apple,Cell Phone,iPhone 14 Pro Max,Other,512GB,MINT,248,165
Smartphones,Apple,Cell Phone,iPhone 14 Pro Max,Other,256GB,FAULTY,111,60
Smartphones,Apple,Cell Phone,iPhone 14 Pro Max,Other,256GB,POOR,126,60
Smartphones,Apple,Cell Phone,iPhone 14 Pro Max,Other,256GB,GOOD,203,115
Smartphones,Apple,Cell Phone,iPhone 14 Pro Max,Other,256GB,MINT,231,155
Smartphones,Apple,Cell Phone,iPhone 14 Pro Max,Other,128GB,FAULTY,86,55
Smartphones,Apple,Cell Phone,iPhone 14 Pro Max,Other,128GB,POOR,120,55
Smartphones,Apple,Cell Phone,iPhone 14 Pro Max,Other,128GB,GOOD,193,110
Smartphones,Apple,Cell Phone,iPhone 14 Pro Max,Other,128GB,MINT,219,150
Smartphones,Apple,Cell Phone,iPhone 14 Pro Max,T-Mobile,1TB,FAULTY,187,110
Smartphones,Apple,Cell Phone,iPhone 14 Pro Max,T-Mobile,1TB,POOR,276,110
Smartphones,Apple,Cell Phone,iPhone 14 Pro Max,T-Mobile,1TB,GOOD,339,285
Smartphones,Apple,Cell Phone,iPhone 14 Pro Max,T-Mobile,1TB,MINT,399,325
Smartphones,Apple,Cell Phone,iPhone 14 Pro Max,T-Mobile,512GB,FAULTY,167,100
Smartphones,Apple,Cell Phone,iPhone 14 Pro Max,T-Mobile,512GB,POOR,248,100
Smartphones,Apple,Cell Phone,iPhone 14 Pro Max,T-Mobile,512GB,GOOD,309,245
Smartphones,Apple,Cell Phone,iPhone 14 Pro Max,T-Mobile,512GB,MINT,364,285
Smartphones,Apple,Cell Phone,iPhone 14 Pro Max,T-Mobile,256GB,FAULTY,161,125
Smartphones,Apple,Cell Phone,iPhone 14 Pro Max,T-Mobile,256GB,POOR,221,125
Smartphones,Apple,Cell Phone,iPhone 14 Pro Max,T-Mobile,256GB,GOOD,279,200
Smartphones,Apple,Cell Phone,iPhone 14 Pro Max,T-Mobile,256GB,MINT,339,240
Smartphones,Apple,Cell Phone,iPhone 14 Pro Max,T-Mobile,128GB,FAULTY,146,115
Smartphones,Apple,Cell Phone,iPhone 14 Pro Max,T-Mobile,128GB,POOR,201,115
Smartphones,Apple,Cell Phone,iPhone 14 Pro Max,T-Mobile,128GB,GOOD,259,170
Smartphones,Apple,Cell Phone,iPhone 14 Pro Max,T-Mobile,128GB,MINT,314,210
Smartphones,Apple,Cell Phone,iPhone 14 Pro Max,AT&T,1TB,FAULTY,253,105
Smartphones,Apple,Cell Phone,iPhone 14 Pro Max,AT&T,1TB,POOR,261,105
Smartphones,Apple,Cell Phone,iPhone 14 Pro Max,AT&T,1TB,GOOD,329,295
Smartphones,Apple,Cell Phone,iPhone 14 Pro Max,AT&T,1TB,MINT,396,335
Smartphones,Apple,Cell Phone,iPhone 14 Pro Max,AT&T,512GB,FAULTY,217,
Smartphones,Apple,Cell Phone,iPhone 14 Pro Max,AT&T,512GB,POOR,236,
Smartphones,Apple,Cell Phone,iPhone 14 Pro Max,AT&T,512GB,GOOD,294,
Smartphones,Apple,Cell Phone,iPhone 14 Pro Max,AT&T,512GB,MINT,363,
Smartphones,Apple,Cell Phone,iPhone 14 Pro Max,AT&T,256GB,FAULTY,177,115
Smartphones,Apple,Cell Phone,iPhone 14 Pro Max,AT&T,256GB,POOR,210,115
Smartphones,Apple,Cell Phone,iPhone 14 Pro Max,AT&T,256GB,GOOD,273,235
Smartphones,Apple,Cell Phone,iPhone 14 Pro Max,AT&T,256GB,MINT,338,275
Smartphones,Apple,Cell Phone,iPhone 14 Pro Max,AT&T,128GB,FAULTY,146,105
Smartphones,Apple,Cell Phone,iPhone 14 Pro Max,AT&T,128GB,POOR,190,105
Smartphones,Apple,Cell Phone,iPhone 14 Pro Max,AT&T,128GB,GOOD,246,180
Smartphones,Apple,Cell Phone,iPhone 14 Pro Max,AT&T,128GB,MINT,307,220
Smartphones,Apple,Cell Phone,iPhone 14 Pro Max,Verizon,1TB,FAULTY,197,140
Smartphones,Apple,Cell Phone,iPhone 14 Pro Max,Verizon,1TB,POOR,220,140
Smartphones,Apple,Cell Phone,iPhone 14 Pro Max,Verizon,1TB,GOOD,312,295
Smartphones,Apple,Cell Phone,iPhone 14 Pro Max,Verizon,1TB,MINT,368,335
Smartphones,Apple,Cell Phone,iPhone 14 Pro Max,Verizon,512GB,FAULTY,177,130
Smartphones,Apple,Cell Phone,iPhone 14 Pro Max,Verizon,512GB,POOR,201,130
Smartphones,Apple,Cell Phone,iPhone 14 Pro Max,Verizon,512GB,GOOD,289.5,275
Smartphones,Apple,Cell Phone,iPhone 14 Pro Max,Verizon,512GB,MINT,346,315
Smartphones,Apple,Cell Phone,iPhone 14 Pro Max,Verizon,256GB,FAULTY,162,145
Smartphones,Apple,Cell Phone,iPhone 14 Pro Max,Verizon,256GB,POOR,189,145
Smartphones,Apple,Cell Phone,iPhone 14 Pro Max,Verizon,256GB,GOOD,263,255
Smartphones,Apple,Cell Phone,iPhone 14 Pro Max,Verizon,256GB,MINT,326,295
Smartphones,Apple,Cell Phone,iPhone 14 Pro Max,Verizon,128GB,FAULTY,152,135
Smartphones,Apple,Cell Phone,iPhone 14 Pro Max,Verizon,128GB,POOR,165,135
Smartphones,Apple,Cell Phone,iPhone 14 Pro Max,Verizon,128GB,GOOD,231,195
Smartphones,Apple,Cell Phone,iPhone 14 Pro Max,Verizon,128GB,MINT,278,235
Smartphones,Apple,Cell Phone,iPhone 14 Pro,Unlocked,1TB,POOR,277,135
Smartphones,Apple,Cell Phone,iPhone 14 Pro,Unlocked,1TB,GOOD,355,290
Smartphones,Apple,Cell Phone,iPhone 14 Pro,Unlocked,1TB,MINT,431,320
Smartphones,Apple,Cell Phone,iPhone 14 Pro,Unlocked,512GB,FAULTY,174,125
Smartphones,Apple,Cell Phone,iPhone 14 Pro,Unlocked,512GB,POOR,257,125
Smartphones,Apple,Cell Phone,iPhone 14 Pro,Unlocked,512GB,GOOD,333,270
Smartphones,Apple,Cell Phone,iPhone 14 Pro,Unlocked,512GB,MINT,411,300
Smartphones,Apple,Cell Phone,iPhone 14 Pro,Unlocked,256GB,FAULTY,164,150
Smartphones,Apple,Cell Phone,iPhone 14 Pro,Unlocked,256GB,POOR,227,150
Smartphones,Apple,Cell Phone,iPhone 14 Pro,Unlocked,256GB,GOOD,301,250
Smartphones,Apple,Cell Phone,iPhone 14 Pro,Unlocked,256GB,MINT,381,280
Smartphones,Apple,Cell Phone,iPhone 14 Pro,Unlocked,128GB,FAULTY,146,140
Smartphones,Apple,Cell Phone,iPhone 14 Pro,Unlocked,128GB,POOR,197,140
Smartphones,Apple,Cell Phone,iPhone 14 Pro,Unlocked,128GB,GOOD,271,205
Smartphones,Apple,Cell Phone,iPhone 14 Pro,Unlocked,128GB,MINT,351,235
Smartphones,Apple,Cell Phone,iPhone 14 Pro,Other,1TB,FAULTY,131,60
Smartphones,Apple,Cell Phone,iPhone 14 Pro,Other,1TB,POOR,131,60
Smartphones,Apple,Cell Phone,iPhone 14 Pro,Other,1TB,GOOD,204.75,110
Smartphones,Apple,Cell Phone,iPhone 14 Pro,Other,1TB,MINT,241,140
Smartphones,Apple,Cell Phone,iPhone 14 Pro,Other,512GB,FAULTY,111,55
Smartphones,Apple,Cell Phone,iPhone 14 Pro,Other,512GB,POOR,113,55
Smartphones,Apple,Cell Phone,iPhone 14 Pro,Other,512GB,GOOD,189,95
Smartphones,Apple,Cell Phone,iPhone 14 Pro,Other,512GB,MINT,221,125
Smartphones,Apple,Cell Phone,iPhone 14 Pro,Other,256GB,FAULTY,81,50
Smartphones,Apple,Cell Phone,iPhone 14 Pro,Other,256GB,POOR,101,50
Smartphones,Apple,Cell Phone,iPhone 14 Pro,Other,256GB,GOOD,173.25,90
Smartphones,Apple,Cell Phone,iPhone 14 Pro,Other,256GB,MINT,197,120
Smartphones,Apple,Cell Phone,iPhone 14 Pro,Other,128GB,FAULTY,56,45
Smartphones,Apple,Cell Phone,iPhone 14 Pro,Other,128GB,POOR,91,45
Smartphones,Apple,Cell Phone,iPhone 14 Pro,Other,128GB,GOOD,157.5,80
Smartphones,Apple,Cell Phone,iPhone 14 Pro,Other,128GB,MINT,182,110
Smartphones,Apple,Cell Phone,iPhone 14 Pro,T-Mobile,1TB,FAULTY,136,100
Smartphones,Apple,Cell Phone,iPhone 14 Pro,T-Mobile,1TB,POOR,199,100
Smartphones,Apple,Cell Phone,iPhone 14 Pro,T-Mobile,1TB,GOOD,289,245
Smartphones,Apple,Cell Phone,iPhone 14 Pro,T-Mobile,1TB,MINT,311,275
Smartphones,Apple,Cell Phone,iPhone 14 Pro,T-Mobile,512GB,FAULTY,131,125
Smartphones,Apple,Cell Phone,iPhone 14 Pro,T-Mobile,512GB,POOR,179,125
Smartphones,Apple,Cell Phone,iPhone 14 Pro,T-Mobile,512GB,GOOD,244,205
Smartphones,Apple,Cell Phone,iPhone 14 Pro,T-Mobile,512GB,MINT,291,235
Smartphones,Apple,Cell Phone,iPhone 14 Pro,T-Mobile,256GB,FAULTY,121,115
Smartphones,Apple,Cell Phone,iPhone 14 Pro,T-Mobile,256GB,POOR,151,115
Smartphones,Apple,Cell Phone,iPhone 14 Pro,T-Mobile,256GB,GOOD,224,195
Smartphones,Apple,Cell Phone,iPhone 14 Pro,T-Mobile,256GB,MINT,261,225
Smartphones,Apple,Cell Phone,iPhone 14 Pro,T-Mobile,128GB,FAULTY,111,105
Smartphones,Apple,Cell Phone,iPhone 14 Pro,T-Mobile,128GB,POOR,128,105
Smartphones,Apple,Cell Phone,iPhone 14 Pro,T-Mobile,128GB,GOOD,203.5,160
Smartphones,Apple,Cell Phone,iPhone 14 Pro,T-Mobile,128GB,MINT,232,190
Smartphones,Apple,Cell Phone,iPhone 14 Pro,AT&T,1TB,FAULTY,136,125
Smartphones,Apple,Cell Phone,iPhone 14 Pro,AT&T,1TB,POOR,199,125
Smartphones,Apple,Cell Phone,iPhone 14 Pro,AT&T,1TB,GOOD,294,275
Smartphones,Apple,Cell Phone,iPhone 14 Pro,AT&T,1TB,MINT,324,305
Smartphones,Apple,Cell Phone,iPhone 14 Pro,AT&T,512GB,FAULTY,126,115
Smartphones,Apple,Cell Phone,iPhone 14 Pro,AT&T,512GB,POOR,179,115
Smartphones,Apple,Cell Phone,iPhone 14 Pro,AT&T,512GB,GOOD,256,230
Smartphones,Apple,Cell Phone,iPhone 14 Pro,AT&T,512GB,MINT,272,260
Smartphones,Apple,Cell Phone,iPhone 14 Pro,AT&T,256GB,FAULTY,116,105
Smartphones,Apple,Cell Phone,iPhone 14 Pro,AT&T,256GB,POOR,169,105
Smartphones,Apple,Cell Phone,iPhone 14 Pro,AT&T,256GB,GOOD,246,215
Smartphones,Apple,Cell Phone,iPhone 14 Pro,AT&T,256GB,MINT,261,245
Smartphones,Apple,Cell Phone,iPhone 14 Pro,AT&T,128GB,FAULTY,121,115
Smartphones,Apple,Cell Phone,iPhone 14 Pro,AT&T,128GB,POOR,146,115
Smartphones,Apple,Cell Phone,iPhone 14 Pro,AT&T,128GB,GOOD,203.5,165
Smartphones,Apple,Cell Phone,iPhone 14 Pro,AT&T,128GB,MINT,228,196
Smartphones,Apple,Cell Phone,iPhone 14 Pro,Verizon,1TB,FAULTY,136,130
Smartphones,Apple,Cell Phone,iPhone 14 Pro,Verizon,1TB,POOR,199,130
Smartphones,Apple,Cell Phone,iPhone 14 Pro,Verizon,1TB,GOOD,284,275
Smartphones,Apple,Cell Phone,iPhone 14 Pro,Verizon,1TB,MINT,314,305
Smartphones,Apple,Cell Phone,iPhone 14 Pro,Verizon,512GB,FAULTY,151,145
Smartphones,Apple,Cell Phone,iPhone 14 Pro,Verizon,512GB,POOR,179,145
Smartphones,Apple,Cell Phone,iPhone 14 Pro,Verizon,512GB,GOOD,251,250
Smartphones,Apple,Cell Phone,iPhone 14 Pro,Verizon,512GB,MINT,281,280
Smartphones,Apple,Cell Phone,iPhone 14 Pro,Verizon,256GB,FAULTY,141,135
Smartphones,Apple,Cell Phone,iPhone 14 Pro,Verizon,256GB,POOR,169,135
Smartphones,Apple,Cell Phone,iPhone 14 Pro,Verizon,256GB,GOOD,236,230
Smartphones,Apple,Cell Phone,iPhone 14 Pro,Verizon,256GB,MINT,261,260
Smartphones,Apple,Cell Phone,iPhone 14 Pro,Verizon,128GB,FAULTY,131,125
Smartphones,Apple,Cell Phone,iPhone 14 Pro,Verizon,128GB,POOR,146,125
Smartphones,Apple,Cell Phone,iPhone 14 Pro,Verizon,128GB,GOOD,203.5,185
Smartphones,Apple,Cell Phone,iPhone 14 Pro,Verizon,128GB,MINT,227,215
Smartphones,Apple,Cell Phone,iPhone 15,Unlocked,512GB,FAULTY,209,150
Smartphones,Apple,Cell Phone,iPhone 15 Plus,Unlocked,512GB,FAULTY,211,150
Smartphones,Apple,Cell Phone,iPhone 15 Plus,Unlocked,512GB,POOR,326,150
Smartphones,Apple,Cell Phone,iPhone 15 Plus,Unlocked,512GB,GOOD,395,300
Smartphones,Apple,Cell Phone,iPhone 15 Plus,Unlocked,512GB,MINT,445,350
Smartphones,Apple,Cell Phone,iPhone 15 Plus,Unlocked,256GB,FAULTY,174,140
Smartphones,Apple,Cell Phone,iPhone 15 Plus,Unlocked,256GB,POOR,274,140
Smartphones,Apple,Cell Phone,iPhone 15 Plus,Unlocked,256GB,GOOD,326,240
Smartphones,Apple,Cell Phone,iPhone 15 Plus,Unlocked,256GB,MINT,374,290
Smartphones,Apple,Cell Phone,iPhone 15 Plus,Unlocked,128GB,FAULTY,159,130
Smartphones,Apple,Cell Phone,iPhone 15 Plus,Unlocked,128GB,POOR,249,130
Smartphones,Apple,Cell Phone,iPhone 15 Plus,Unlocked,128GB,GOOD,291,230
Smartphones,Apple,Cell Phone,iPhone 15 Plus,Unlocked,128GB,MINT,349,280
Smartphones,Apple,Cell Phone,iPhone 15 Plus,Other,512GB,FAULTY,121,120
Smartphones,Apple,Cell Phone,iPhone 15 Plus,Other,512GB,POOR,151,120
Smartphones,Apple,Cell Phone,iPhone 15 Plus,Other,512GB,GOOD,220,220
Smartphones,Apple,Cell Phone,iPhone 15 Plus,Other,512GB,MINT,271,270
Smartphones,Apple,Cell Phone,iPhone 15 Plus,Other,256GB,FAULTY,111,110
Smartphones,Apple,Cell Phone,iPhone 15 Plus,Other,256GB,POOR,116,110
Smartphones,Apple,Cell Phone,iPhone 15 Plus,Other,256GB,GOOD,189,150
Smartphones,Apple,Cell Phone,iPhone 15 Plus,Other,256GB,MINT,211,200
Smartphones,Apple,Cell Phone,iPhone 15 Plus,Other,128GB,FAULTY,116,115
Smartphones,Apple,Cell Phone,iPhone 15 Plus,Other,128GB,POOR,116,115
Smartphones,Apple,Cell Phone,iPhone 15 Plus,Other,128GB,GOOD,173.25,150
Smartphones,Apple,Cell Phone,iPhone 15 Plus,Other,128GB,MINT,201,200
Smartphones,Apple,Cell Phone,iPhone 15 Plus,T-Mobile,512GB,FAULTY,134,125
Smartphones,Apple,Cell Phone,iPhone 15 Plus,T-Mobile,512GB,POOR,191,125
Smartphones,Apple,Cell Phone,iPhone 15 Plus,T-Mobile,512GB,GOOD,272,250
Smartphones,Apple,Cell Phone,iPhone 15 Plus,T-Mobile,512GB,MINT,337,300
Smartphones,Apple,Cell Phone,iPhone 15 Plus,T-Mobile,256GB,FAULTY,124,115
Smartphones,Apple,Cell Phone,iPhone 15 Plus,T-Mobile,256GB,POOR,179,115
Smartphones,Apple,Cell Phone,iPhone 15 Plus,T-Mobile,256GB,GOOD,247,190
Smartphones,Apple,Cell Phone,iPhone 15 Plus,T-Mobile,256GB,MINT,297,240
Smartphones,Apple,Cell Phone,iPhone 15 Plus,T-Mobile,128GB,FAULTY,114,105
Smartphones,Apple,Cell Phone,iPhone 15 Plus,T-Mobile,128GB,POOR,175,105
Smartphones,Apple,Cell Phone,iPhone 15 Plus,T-Mobile,128GB,GOOD,227,160
Smartphones,Apple,Cell Phone,iPhone 15 Plus,T-Mobile,128GB,MINT,261,210
Smartphones,Apple,Cell Phone,iPhone 15 Plus,AT&T,512GB,FAULTY,151,145
Smartphones,Apple,Cell Phone,iPhone 15 Plus,AT&T,512GB,POOR,232,145
Smartphones,Apple,Cell Phone,iPhone 15 Plus,AT&T,512GB,GOOD,339,260
Smartphones,Apple,Cell Phone,iPhone 15 Plus,AT&T,512GB,MINT,384,310
Smartphones,Apple,Cell Phone,iPhone 15 Plus,AT&T,256GB,FAULTY,141,135
Smartphones,Apple,Cell Phone,iPhone 15 Plus,AT&T,256GB,POOR,171,135
Smartphones,Apple,Cell Phone,iPhone 15 Plus,AT&T,256GB,GOOD,247,210
Smartphones,Apple,Cell Phone,iPhone 15 Plus,AT&T,256GB,MINT,299,260
Smartphones,Apple,Cell Phone,iPhone 15 Plus,AT&T,128GB,FAULTY,131,125
Smartphones,Apple,Cell Phone,iPhone 15 Plus,AT&T,128GB,POOR,169,125
Smartphones,Apple,Cell Phone,iPhone 15 Plus,AT&T,128GB,GOOD,227,190
Smartphones,Apple,Cell Phone,iPhone 15 Plus,AT&T,128GB,MINT,261,240
Smartphones,Apple,Cell Phone,iPhone 15 Plus,Verizon,512GB,FAULTY,156,150
Smartphones,Apple,Cell Phone,iPhone 15 Plus,Verizon,512GB,POOR,235,150
Smartphones,Apple,Cell Phone,iPhone 15 Plus,Verizon,512GB,GOOD,340,260
Smartphones,Apple,Cell Phone,iPhone 15 Plus,Verizon,512GB,MINT,389,310
Smartphones,Apple,Cell Phone,iPhone 15 Plus,Verizon,256GB,FAULTY,146,140
Smartphones,Apple,Cell Phone,iPhone 15 Plus,Verizon,256GB,POOR,185,140
Smartphones,Apple,Cell Phone,iPhone 15 Plus,Verizon,256GB,GOOD,261,200
Smartphones,Apple,Cell Phone,iPhone 15 Plus,Verizon,256GB,MINT,319,250
Smartphones,Apple,Cell Phone,iPhone 15 Plus,Verizon,128GB,FAULTY,136,130
Smartphones,Apple,Cell Phone,iPhone 15 Plus,Verizon,128GB,POOR,174,130
Smartphones,Apple,Cell Phone,iPhone 15 Plus,Verizon,128GB,GOOD,227,170
Smartphones,Apple,Cell Phone,iPhone 15 Plus,Verizon,128GB,MINT,261,220
Smartphones,Apple,Cell Phone,iPhone 15,Unlocked,512GB,POOR,291,150
Smartphones,Apple,Cell Phone,iPhone 15,Unlocked,512GB,GOOD,371,250
Smartphones,Apple,Cell Phone,iPhone 15,Unlocked,512GB,MINT,431,300
Smartphones,Apple,Cell Phone,iPhone 15,Unlocked,256GB,FAULTY,176,140
Smartphones,Apple,Cell Phone,iPhone 15,Unlocked,256GB,POOR,264,140
Smartphones,Apple,Cell Phone,iPhone 15,Unlocked,256GB,GOOD,339,240
Smartphones,Apple,Cell Phone,iPhone 15,Unlocked,256GB,MINT,401,290
Smartphones,Apple,Cell Phone,iPhone 15,Unlocked,128GB,FAULTY,147,130
Smartphones,Apple,Cell Phone,iPhone 15,Unlocked,128GB,POOR,225,130
Smartphones,Apple,Cell Phone,iPhone 15,Unlocked,128GB,GOOD,299,200
Smartphones,Apple,Cell Phone,iPhone 15,Unlocked,128GB,MINT,361,255
Smartphones,Apple,Cell Phone,iPhone 15,Other,512GB,FAULTY,131,60
Smartphones,Apple,Cell Phone,iPhone 15,Other,512GB,POOR,131,60
Smartphones,Apple,Cell Phone,iPhone 15,Other,512GB,GOOD,191,125
Smartphones,Apple,Cell Phone,iPhone 15,Other,512GB,MINT,221,175
Smartphones,Apple,Cell Phone,iPhone 15,Other,256GB,FAULTY,101,65
Smartphones,Apple,Cell Phone,iPhone 15,Other,256GB,POOR,109,65
Smartphones,Apple,Cell Phone,iPhone 15,Other,256GB,GOOD,175,115
Smartphones,Apple,Cell Phone,iPhone 15,Other,256GB,MINT,206,165
Smartphones,Apple,Cell Phone,iPhone 15,Other,128GB,FAULTY,91,75
Smartphones,Apple,Cell Phone,iPhone 15,Other,128GB,POOR,96,75
Smartphones,Apple,Cell Phone,iPhone 15,Other,128GB,GOOD,155,110
Smartphones,Apple,Cell Phone,iPhone 15,Other,128GB,MINT,186,160
Smartphones,Apple,Cell Phone,iPhone 15,T-Mobile,512GB,FAULTY,139,125
Smartphones,Apple,Cell Phone,iPhone 15,T-Mobile,512GB,POOR,180,125
Smartphones,Apple,Cell Phone,iPhone 15,T-Mobile,512GB,GOOD,272,225
Smartphones,Apple,Cell Phone,iPhone 15,T-Mobile,512GB,MINT,326,275
Smartphones,Apple,Cell Phone,iPhone 15,T-Mobile,256GB,FAULTY,121,115
Smartphones,Apple,Cell Phone,iPhone 15,T-Mobile,256GB,POOR,152,115
Smartphones,Apple,Cell Phone,iPhone 15,T-Mobile,256GB,GOOD,234,185
Smartphones,Apple,Cell Phone,iPhone 15,T-Mobile,256GB,MINT,284,235
Smartphones,Apple,Cell Phone,iPhone 15,T-Mobile,128GB,FAULTY,111,105
Smartphones,Apple,Cell Phone,iPhone 15,T-Mobile,128GB,POOR,143,105
Smartphones,Apple,Cell Phone,iPhone 15,T-Mobile,128GB,GOOD,206,165
Smartphones,Apple,Cell Phone,iPhone 15,T-Mobile,128GB,MINT,251,200
Smartphones,Apple,Cell Phone,iPhone 15,AT&T,512GB,FAULTY,151,145
Smartphones,Apple,Cell Phone,iPhone 15,AT&T,512GB,POOR,205,145
Smartphones,Apple,Cell Phone,iPhone 15,AT&T,512GB,GOOD,294,230
Smartphones,Apple,Cell Phone,iPhone 15,AT&T,512GB,MINT,352,280
Smartphones,Apple,Cell Phone,iPhone 15,AT&T,256GB,FAULTY,141,135
Smartphones,Apple,Cell Phone,iPhone 15,AT&T,256GB,POOR,175,135
Smartphones,Apple,Cell Phone,iPhone 15,AT&T,256GB,GOOD,250,200
Smartphones,Apple,Cell Phone,iPhone 15,AT&T,256GB,MINT,307,250
Smartphones,Apple,Cell Phone,iPhone 15,AT&T,128GB,FAULTY,116,110
Smartphones,Apple,Cell Phone,iPhone 15,AT&T,128GB,POOR,138,110
Smartphones,Apple,Cell Phone,iPhone 15,AT&T,128GB,GOOD,218,180
Smartphones,Apple,Cell Phone,iPhone 15,AT&T,128GB,MINT,266,210
Smartphones,Apple,Cell Phone,iPhone 15,Verizon,512GB,FAULTY,151,145
Smartphones,Apple,Cell Phone,iPhone 15,Verizon,512GB,POOR,205,145
Smartphones,Apple,Cell Phone,iPhone 15,Verizon,512GB,GOOD,304,195
Smartphones,Apple,Cell Phone,iPhone 15,Verizon,512GB,MINT,349,245
Smartphones,Apple,Cell Phone,iPhone 15,Verizon,256GB,FAULTY,141,135
Smartphones,Apple,Cell Phone,iPhone 15,Verizon,256GB,POOR,175,135
Smartphones,Apple,Cell Phone,iPhone 15,Verizon,256GB,GOOD,254,175
Smartphones,Apple,Cell Phone,iPhone 15,Verizon,256GB,MINT,307,225
Smartphones,Apple,Cell Phone,iPhone 15,Verizon,128GB,FAULTY,116,110
Smartphones,Apple,Cell Phone,iPhone 15,Verizon,128GB,POOR,150,110
Smartphones,Apple,Cell Phone,iPhone 15,Verizon,128GB,GOOD,218,155
Smartphones,Apple,Cell Phone,iPhone 15,Verizon,128GB,MINT,266,185
Smartphones,Apple,Cell Phone,iPhone 15 Pro,Unlocked,1TB,FAULTY,299,170
Smartphones,Apple,Cell Phone,iPhone 15 Pro Max,Unlocked,1TB,FAULTY,378,200
Smartphones,Apple,Cell Phone,iPhone 15 Pro Max,Unlocked,1TB,POOR,465,200
Smartphones,Apple,Cell Phone,iPhone 15 Pro Max,Unlocked,1TB,GOOD,524,425
Smartphones,Apple,Cell Phone,iPhone 15 Pro Max,Unlocked,1TB,MINT,635,475
Smartphones,Apple,Cell Phone,iPhone 15 Pro Max,Unlocked,512GB,FAULTY,367,190
Smartphones,Apple,Cell Phone,iPhone 15 Pro Max,Unlocked,512GB,POOR,421,190
Smartphones,Apple,Cell Phone,iPhone 15 Pro Max,Unlocked,512GB,GOOD,476,410
Smartphones,Apple,Cell Phone,iPhone 15 Pro Max,Unlocked,512GB,MINT,587,460
Smartphones,Apple,Cell Phone,iPhone 15 Pro Max,Unlocked,256GB,FAULTY,332,180
Smartphones,Apple,Cell Phone,iPhone 15 Pro Max,Unlocked,256GB,POOR,388,180
Smartphones,Apple,Cell Phone,iPhone 15 Pro Max,Unlocked,256GB,GOOD,440,375
Smartphones,Apple,Cell Phone,iPhone 15 Pro Max,Unlocked,256GB,MINT,551,425
Smartphones,Apple,Cell Phone,iPhone 15 Pro Max,Other,1TB,FAULTY,275,110
Smartphones,Apple,Cell Phone,iPhone 15 Pro Max,Other,1TB,POOR,290,110
Smartphones,Apple,Cell Phone,iPhone 15 Pro Max,Other,1TB,GOOD,315,235
Smartphones,Apple,Cell Phone,iPhone 15 Pro Max,Other,1TB,MINT,329,285
Smartphones,Apple,Cell Phone,iPhone 15 Pro Max,Other,512GB,FAULTY,245,95
Smartphones,Apple,Cell Phone,iPhone 15 Pro Max,Other,512GB,POOR,260,95
Smartphones,Apple,Cell Phone,iPhone 15 Pro Max,Other,512GB,GOOD,285,205
Smartphones,Apple,Cell Phone,iPhone 15 Pro Max,Other,512GB,MINT,311,255
Smartphones,Apple,Cell Phone,iPhone 15 Pro Max,Other,256GB,FAULTY,205,85
Smartphones,Apple,Cell Phone,iPhone 15 Pro Max,Other,256GB,POOR,225,85
Smartphones,Apple,Cell Phone,iPhone 15 Pro Max,Other,256GB,GOOD,260,180
Smartphones,Apple,Cell Phone,iPhone 15 Pro Max,Other,256GB,MINT,294,240
Smartphones,Apple,Cell Phone,iPhone 15 Pro Max,T-Mobile,1TB,FAULTY,280,165
Smartphones,Apple,Cell Phone,iPhone 15 Pro Max,T-Mobile,1TB,POOR,365,165
Smartphones,Apple,Cell Phone,iPhone 15 Pro Max,T-Mobile,1TB,GOOD,444,365
Smartphones,Apple,Cell Phone,iPhone 15 Pro Max,T-Mobile,1TB,MINT,497,415
Smartphones,Apple,Cell Phone,iPhone 15 Pro Max,T-Mobile,512GB,FAULTY,250,155
Smartphones,Apple,Cell Phone,iPhone 15 Pro Max,T-Mobile,512GB,POOR,322,155
Smartphones,Apple,Cell Phone,iPhone 15 Pro Max,T-Mobile,512GB,GOOD,398,330
Smartphones,Apple,Cell Phone,iPhone 15 Pro Max,T-Mobile,512GB,MINT,451,380
Smartphones,Apple,Cell Phone,iPhone 15 Pro Max,T-Mobile,256GB,FAULTY,210,180
Smartphones,Apple,Cell Phone,iPhone 15 Pro Max,T-Mobile,256GB,POOR,291,180
Smartphones,Apple,Cell Phone,iPhone 15 Pro Max,T-Mobile,256GB,GOOD,365,300
Smartphones,Apple,Cell Phone,iPhone 15 Pro Max,T-Mobile,256GB,MINT,418,350
Smartphones,Apple,Cell Phone,iPhone 15 Pro Max,AT&T,1TB,FAULTY,280,160
Smartphones,Apple,Cell Phone,iPhone 15 Pro Max,AT&T,1TB,POOR,349,160
Smartphones,Apple,Cell Phone,iPhone 15 Pro Max,AT&T,1TB,GOOD,416,370
Smartphones,Apple,Cell Phone,iPhone 15 Pro Max,AT&T,1TB,MINT,477,420
Smartphones,Apple,Cell Phone,iPhone 15 Pro Max,AT&T,512GB,FAULTY,250,180
Smartphones,Apple,Cell Phone,iPhone 15 Pro Max,AT&T,512GB,POOR,306,180
Smartphones,Apple,Cell Phone,iPhone 15 Pro Max,AT&T,512GB,GOOD,371,330
Smartphones,Apple,Cell Phone,iPhone 15 Pro Max,AT&T,512GB,MINT,432,380
Smartphones,Apple,Cell Phone,iPhone 15 Pro Max,AT&T,256GB,FAULTY,210,170
Smartphones,Apple,Cell Phone,iPhone 15 Pro Max,AT&T,256GB,POOR,271,170
Smartphones,Apple,Cell Phone,iPhone 15 Pro Max,AT&T,256GB,GOOD,340,300
Smartphones,Apple,Cell Phone,iPhone 15 Pro Max,AT&T,256GB,MINT,398,350
Smartphones,Apple,Cell Phone,iPhone 15 Pro Max,Verizon,1TB,FAULTY,288,195
Smartphones,Apple,Cell Phone,iPhone 15 Pro Max,Verizon,1TB,POOR,298,195
Smartphones,Apple,Cell Phone,iPhone 15 Pro Max,Verizon,1TB,GOOD,428,370
Smartphones,Apple,Cell Phone,iPhone 15 Pro Max,Verizon,1TB,MINT,477,420
Smartphones,Apple,Cell Phone,iPhone 15 Pro Max,Verizon,512GB,FAULTY,258,185
Smartphones,Apple,Cell Phone,iPhone 15 Pro Max,Verizon,512GB,POOR,270,185
Smartphones,Apple,Cell Phone,iPhone 15 Pro Max,Verizon,512GB,GOOD,368,330
Smartphones,Apple,Cell Phone,iPhone 15 Pro Max,Verizon,512GB,MINT,431,380
Smartphones,Apple,Cell Phone,iPhone 15 Pro Max,Verizon,256GB,FAULTY,230,200
Smartphones,Apple,Cell Phone,iPhone 15 Pro Max,Verizon,256GB,POOR,238,200
Smartphones,Apple,Cell Phone,iPhone 15 Pro Max,Verizon,256GB,GOOD,345,300
Smartphones,Apple,Cell Phone,iPhone 15 Pro Max,Verizon,256GB,MINT,409,350
Smartphones,Apple,Cell Phone,iPhone 15 Pro,Unlocked,1TB,POOR,403,170
Smartphones,Apple,Cell Phone,iPhone 15 Pro,Unlocked,1TB,GOOD,493,385
Smartphones,Apple,Cell Phone,iPhone 15 Pro,Unlocked,1TB,MINT,582,435
Smartphones,Apple,Cell Phone,iPhone 15 Pro,Unlocked,512GB,FAULTY,269,160
Smartphones,Apple,Cell Phone,iPhone 15 Pro,Unlocked,512GB,POOR,364,160
Smartphones,Apple,Cell Phone,iPhone 15 Pro,Unlocked,512GB,GOOD,439,350
Smartphones,Apple,Cell Phone,iPhone 15 Pro,Unlocked,512GB,MINT,519,400
Smartphones,Apple,Cell Phone,iPhone 15 Pro,Unlocked,256GB,FAULTY,232,185
Smartphones,Apple,Cell Phone,iPhone 15 Pro,Unlocked,256GB,POOR,335,185
Smartphones,Apple,Cell Phone,iPhone 15 Pro,Unlocked,256GB,GOOD,408,330
Smartphones,Apple,Cell Phone,iPhone 15 Pro,Unlocked,256GB,MINT,482,380
Smartphones,Apple,Cell Phone,iPhone 15 Pro,Unlocked,128GB,FAULTY,202,175
Smartphones,Apple,Cell Phone,iPhone 15 Pro,Unlocked,128GB,POOR,287,175
Smartphones,Apple,Cell Phone,iPhone 15 Pro,Unlocked,128GB,GOOD,365,285
Smartphones,Apple,Cell Phone,iPhone 15 Pro,Unlocked,128GB,MINT,435,335
Smartphones,Apple,Cell Phone,iPhone 15 Pro,Other,1TB,FAULTY,211,90
Smartphones,Apple,Cell Phone,iPhone 15 Pro,Other,1TB,POOR,211,90
Smartphones,Apple,Cell Phone,iPhone 15 Pro,Other,1TB,GOOD,252,210
Smartphones,Apple,Cell Phone,iPhone 15 Pro,Other,1TB,MINT,296,260
Smartphones,Apple,Cell Phone,iPhone 15 Pro,Other,512GB,FAULTY,171,75
Smartphones,Apple,Cell Phone,iPhone 15 Pro,Other,512GB,POOR,171,75
Smartphones,Apple,Cell Phone,iPhone 15 Pro,Other,512GB,GOOD,236.25,200
Smartphones,Apple,Cell Phone,iPhone 15 Pro,Other,512GB,MINT,265,250
Smartphones,Apple,Cell Phone,iPhone 15 Pro,Other,256GB,FAULTY,131,65
Smartphones,Apple,Cell Phone,iPhone 15 Pro,Other,256GB,POOR,131,65
Smartphones,Apple,Cell Phone,iPhone 15 Pro,Other,256GB,GOOD,220.5,180
Smartphones,Apple,Cell Phone,iPhone 15 Pro,Other,256GB,MINT,247,230
Smartphones,Apple,Cell Phone,iPhone 15 Pro,Other,128GB,FAULTY,101,55
Smartphones,Apple,Cell Phone,iPhone 15 Pro,Other,128GB,POOR,117,55
Smartphones,Apple,Cell Phone,iPhone 15 Pro,Other,128GB,GOOD,204.75,170
Smartphones,Apple,Cell Phone,iPhone 15 Pro,Other,128GB,MINT,228,220
Smartphones,Apple,Cell Phone,iPhone 15 Pro,T-Mobile,1TB,FAULTY,216,135
Smartphones,Apple,Cell Phone,iPhone 15 Pro,T-Mobile,1TB,POOR,301,135
Smartphones,Apple,Cell Phone,iPhone 15 Pro,T-Mobile,1TB,GOOD,382,330
Smartphones,Apple,Cell Phone,iPhone 15 Pro,T-Mobile,1TB,MINT,464,380
Smartphones,Apple,Cell Phone,iPhone 15 Pro,T-Mobile,512GB,FAULTY,179,160
Smartphones,Apple,Cell Phone,iPhone 15 Pro,T-Mobile,512GB,POOR,261,160
Smartphones,Apple,Cell Phone,iPhone 15 Pro,T-Mobile,512GB,GOOD,351,305
Smartphones,Apple,Cell Phone,iPhone 15 Pro,T-Mobile,512GB,MINT,418,355
Smartphones,Apple,Cell Phone,iPhone 15 Pro,T-Mobile,256GB,FAULTY,159,150
Smartphones,Apple,Cell Phone,iPhone 15 Pro,T-Mobile,256GB,POOR,231,150
Smartphones,Apple,Cell Phone,iPhone 15 Pro,T-Mobile,256GB,GOOD,326,265
Smartphones,Apple,Cell Phone,iPhone 15 Pro,T-Mobile,256GB,MINT,388,315
Smartphones,Apple,Cell Phone,iPhone 15 Pro,T-Mobile,128GB,FAULTY,149,140
Smartphones,Apple,Cell Phone,iPhone 15 Pro,T-Mobile,128GB,POOR,185,140
Smartphones,Apple,Cell Phone,iPhone 15 Pro,T-Mobile,128GB,GOOD,288,225
Smartphones,Apple,Cell Phone,iPhone 15 Pro,T-Mobile,128GB,MINT,339,275
Smartphones,Apple,Cell Phone,iPhone 15 Pro,AT&T,1TB,FAULTY,219,160
Smartphones,Apple,Cell Phone,iPhone 15 Pro,AT&T,1TB,POOR,261,160
Smartphones,Apple,Cell Phone,iPhone 15 Pro,AT&T,1TB,GOOD,424,335
Smartphones,Apple,Cell Phone,iPhone 15 Pro,AT&T,1TB,MINT,507,385
Smartphones,Apple,Cell Phone,iPhone 15 Pro,AT&T,512GB,FAULTY,189,150
Smartphones,Apple,Cell Phone,iPhone 15 Pro,AT&T,512GB,POOR,225,150
Smartphones,Apple,Cell Phone,iPhone 15 Pro,AT&T,512GB,GOOD,354,305
Smartphones,Apple,Cell Phone,iPhone 15 Pro,AT&T,512GB,MINT,421,355
Smartphones,Apple,Cell Phone,iPhone 15 Pro,AT&T,256GB,FAULTY,174,140
Smartphones,Apple,Cell Phone,iPhone 15 Pro,AT&T,256GB,POOR,201,140
Smartphones,Apple,Cell Phone,iPhone 15 Pro,AT&T,256GB,GOOD,308,265
Smartphones,Apple,Cell Phone,iPhone 15 Pro,AT&T,256GB,MINT,379,315
Smartphones,Apple,Cell Phone,iPhone 15 Pro,AT&T,128GB,FAULTY,184,180
Smartphones,Apple,Cell Phone,iPhone 15 Pro,AT&T,128GB,POOR,193,180
Smartphones,Apple,Cell Phone,iPhone 15 Pro,AT&T,128GB,GOOD,288,235
Smartphones,Apple,Cell Phone,iPhone 15 Pro,AT&T,128GB,MINT,339,285
Smartphones,Apple,Cell Phone,iPhone 15 Pro,Verizon,1TB,FAULTY,216,165
Smartphones,Apple,Cell Phone,iPhone 15 Pro,Verizon,1TB,POOR,261,165
Smartphones,Apple,Cell Phone,iPhone 15 Pro,Verizon,1TB,GOOD,393,335
Smartphones,Apple,Cell Phone,iPhone 15 Pro,Verizon,1TB,MINT,467,385
Smartphones,Apple,Cell Phone,iPhone 15 Pro,Verizon,512GB,FAULTY,189,180
Smartphones,Apple,Cell Phone,iPhone 15 Pro,Verizon,512GB,POOR,225,180
Smartphones,Apple,Cell Phone,iPhone 15 Pro,Verizon,512GB,GOOD,348,305
Smartphones,Apple,Cell Phone,iPhone 15 Pro,Verizon,512GB,MINT,407,355
Smartphones,Apple,Cell Phone,iPhone 15 Pro,Verizon,256GB,FAULTY,176,170
Smartphones,Apple,Cell Phone,iPhone 15 Pro,Verizon,256GB,POOR,204,170
Smartphones,Apple,Cell Phone,iPhone 15 Pro,Verizon,256GB,GOOD,311,265
Smartphones,Apple,Cell Phone,iPhone 15 Pro,Verizon,256GB,MINT,365,315
Smartphones,Apple,Cell Phone,iPhone 15 Pro,Verizon,128GB,FAULTY,166,160
Smartphones,Apple,Cell Phone,iPhone 15 Pro,Verizon,128GB,POOR,190,160
Smartphones,Apple,Cell Phone,iPhone 15 Pro,Verizon,128GB,GOOD,288,225
Smartphones,Apple,Cell Phone,iPhone 15 Pro,Verizon,128GB,MINT,339,275
Smartphones,Apple,Cell Phone,iPhone 16,Unlocked,512GB,FAULTY,313,230
Smartphones,Apple,Cell Phone,iPhone 16 Plus,Unlocked,512GB,FAULTY,311,270
Smartphones,Apple,Cell Phone,iPhone 16 Plus,Unlocked,512GB,POOR,456,270
Smartphones,Apple,Cell Phone,iPhone 16 Plus,Unlocked,512GB,GOOD,512,440
Smartphones,Apple,Cell Phone,iPhone 16 Plus,Unlocked,512GB,MINT,542,480
Smartphones,Apple,Cell Phone,iPhone 16 Plus,Unlocked,256GB,FAULTY,291,260
Smartphones,Apple,Cell Phone,iPhone 16 Plus,Unlocked,256GB,POOR,421,260
Smartphones,Apple,Cell Phone,iPhone 16 Plus,Unlocked,256GB,GOOD,476,390
Smartphones,Apple,Cell Phone,iPhone 16 Plus,Unlocked,256GB,MINT,506,430
Smartphones,Apple,Cell Phone,iPhone 16 Plus,Unlocked,128GB,FAULTY,244,240
Smartphones,Apple,Cell Phone,iPhone 16 Plus,Unlocked,128GB,POOR,380,240
Smartphones,Apple,Cell Phone,iPhone 16 Plus,Unlocked,128GB,GOOD,435,360
Smartphones,Apple,Cell Phone,iPhone 16 Plus,Unlocked,128GB,MINT,466,410
Smartphones,Apple,Cell Phone,iPhone 16 Plus,Other,512GB,FAULTY,216,155
Smartphones,Apple,Cell Phone,iPhone 16 Plus,Other,512GB,POOR,216,155
Smartphones,Apple,Cell Phone,iPhone 16 Plus,Other,512GB,GOOD,315,250
Smartphones,Apple,Cell Phone,iPhone 16 Plus,Other,512GB,MINT,351,290
Smartphones,Apple,Cell Phone,iPhone 16 Plus,Other,256GB,FAULTY,176,155
Smartphones,Apple,Cell Phone,iPhone 16 Plus,Other,256GB,POOR,176,155
Smartphones,Apple,Cell Phone,iPhone 16 Plus,Other,256GB,GOOD,283.5,210
Smartphones,Apple,Cell Phone,iPhone 16 Plus,Other,256GB,MINT,316,250
Smartphones,Apple,Cell Phone,iPhone 16 Plus,Other,128GB,FAULTY,141,140
Smartphones,Apple,Cell Phone,iPhone 16 Plus,Other,128GB,POOR,149,140
Smartphones,Apple,Cell Phone,iPhone 16 Plus,Other,128GB,GOOD,252,185
Smartphones,Apple,Cell Phone,iPhone 16 Plus,Other,128GB,MINT,281,225
Smartphones,Apple,Cell Phone,iPhone 16 Plus,T-Mobile,512GB,FAULTY,251,245
Smartphones,Apple,Cell Phone,iPhone 16 Plus,T-Mobile,512GB,POOR,311,245
Smartphones,Apple,Cell Phone,iPhone 16 Plus,T-Mobile,512GB,GOOD,408,365
Smartphones,Apple,Cell Phone,iPhone 16 Plus,T-Mobile,512GB,MINT,452,405
Smartphones,Apple,Cell Phone,iPhone 16 Plus,T-Mobile,256GB,FAULTY,211,205
Smartphones,Apple,Cell Phone,iPhone 16 Plus,T-Mobile,256GB,POOR,276,205
Smartphones,Apple,Cell Phone,iPhone 16 Plus,T-Mobile,256GB,GOOD,367.5,315
Smartphones,Apple,Cell Phone,iPhone 16 Plus,T-Mobile,256GB,MINT,407,355
Smartphones,Apple,Cell Phone,iPhone 16 Plus,T-Mobile,128GB,FAULTY,176,170
Smartphones,Apple,Cell Phone,iPhone 16 Plus,T-Mobile,128GB,POOR,234,170
Smartphones,Apple,Cell Phone,iPhone 16 Plus,T-Mobile,128GB,GOOD,325,290
Smartphones,Apple,Cell Phone,iPhone 16 Plus,T-Mobile,128GB,MINT,361,330
Smartphones,Apple,Cell Phone,iPhone 16 Plus,AT&T,512GB,FAULTY,261,250
Smartphones,Apple,Cell Phone,iPhone 16 Plus,AT&T,512GB,POOR,311,250
Smartphones,Apple,Cell Phone,iPhone 16 Plus,AT&T,512GB,GOOD,408,365
Smartphones,Apple,Cell Phone,iPhone 16 Plus,AT&T,512GB,MINT,452,405
Smartphones,Apple,Cell Phone,iPhone 16 Plus,AT&T,256GB,FAULTY,236,230
Smartphones,Apple,Cell Phone,iPhone 16 Plus,AT&T,256GB,POOR,276,230
Smartphones,Apple,Cell Phone,iPhone 16 Plus,AT&T,256GB,GOOD,367.5,315
Smartphones,Apple,Cell Phone,iPhone 16 Plus,AT&T,256GB,MINT,407,355
Smartphones,Apple,Cell Phone,iPhone 16 Plus,AT&T,128GB,FAULTY,196,190
Smartphones,Apple,Cell Phone,iPhone 16 Plus,AT&T,128GB,POOR,234,190
Smartphones,Apple,Cell Phone,iPhone 16 Plus,AT&T,128GB,GOOD,325,290
Smartphones,Apple,Cell Phone,iPhone 16 Plus,AT&T,128GB,MINT,361,330
Smartphones,Apple,Cell Phone,iPhone 16 Plus,Verizon,512GB,FAULTY,261,250
Smartphones,Apple,Cell Phone,iPhone 16 Plus,Verizon,512GB,POOR,360,250
Smartphones,Apple,Cell Phone,iPhone 16 Plus,Verizon,512GB,GOOD,413,365
Smartphones,Apple,Cell Phone,iPhone 16 Plus,Verizon,512GB,MINT,452,405
Smartphones,Apple,Cell Phone,iPhone 16 Plus,Verizon,256GB,FAULTY,236,230
Smartphones,Apple,Cell Phone,iPhone 16 Plus,Verizon,256GB,POOR,324,230
Smartphones,Apple,Cell Phone,iPhone 16 Plus,Verizon,256GB,GOOD,381,315
Smartphones,Apple,Cell Phone,iPhone 16 Plus,Verizon,256GB,MINT,407,355
Smartphones,Apple,Cell Phone,iPhone 16 Plus,Verizon,128GB,FAULTY,196,190
Smartphones,Apple,Cell Phone,iPhone 16 Plus,Verizon,128GB,POOR,282,190
Smartphones,Apple,Cell Phone,iPhone 16 Plus,Verizon,128GB,GOOD,336,290
Smartphones,Apple,Cell Phone,iPhone 16 Plus,Verizon,128GB,MINT,366,330
Smartphones,Apple,Cell Phone,iPhone 16,Unlocked,512GB,POOR,403,230
Smartphones,Apple,Cell Phone,iPhone 16,Unlocked,512GB,GOOD,481,385
Smartphones,Apple,Cell Phone,iPhone 16,Unlocked,512GB,MINT,533,425
Smartphones,Apple,Cell Phone,iPhone 16,Unlocked,256GB,FAULTY,265,210
Smartphones,Apple,Cell Phone,iPhone 16,Unlocked,256GB,POOR,373,210
Smartphones,Apple,Cell Phone,iPhone 16,Unlocked,256GB,GOOD,454,355
Smartphones,Apple,Cell Phone,iPhone 16,Unlocked,256GB,MINT,503,395
Smartphones,Apple,Cell Phone,iPhone 16,Unlocked,128GB,FAULTY,215,170
Smartphones,Apple,Cell Phone,iPhone 16,Unlocked,128GB,POOR,343,170
Smartphones,Apple,Cell Phone,iPhone 16,Unlocked,128GB,GOOD,397,315
Smartphones,Apple,Cell Phone,iPhone 16,Unlocked,128GB,MINT,464,365
Smartphones,Apple,Cell Phone,iPhone 16,Other,512GB,FAULTY,196,105
Smartphones,Apple,Cell Phone,iPhone 16,Other,512GB,POOR,196,105
Smartphones,Apple,Cell Phone,iPhone 16,Other,512GB,GOOD,283.5,165
Smartphones,Apple,Cell Phone,iPhone 16,Other,512GB,MINT,316,205
Smartphones,Apple,Cell Phone,iPhone 16,Other,256GB,FAULTY,176,90
Smartphones,Apple,Cell Phone,iPhone 16,Other,256GB,POOR,176,90
Smartphones,Apple,Cell Phone,iPhone 16,Other,256GB,GOOD,252,125
Smartphones,Apple,Cell Phone,iPhone 16,Other,256GB,MINT,281,165
Smartphones,Apple,Cell Phone,iPhone 16,Other,128GB,FAULTY,135,90
Smartphones,Apple,Cell Phone,iPhone 16,Other,128GB,POOR,138,90
Smartphones,Apple,Cell Phone,iPhone 16,Other,128GB,GOOD,220.5,110
Smartphones,Apple,Cell Phone,iPhone 16,Other,128GB,MINT,284.99,150
Smartphones,Apple,Cell Phone,iPhone 16,T-Mobile,512GB,FAULTY,225,175
Smartphones,Apple,Cell Phone,iPhone 16,T-Mobile,512GB,POOR,281,175
Smartphones,Apple,Cell Phone,iPhone 16,T-Mobile,512GB,GOOD,365.5,310
Smartphones,Apple,Cell Phone,iPhone 16,T-Mobile,512GB,MINT,435,350
Smartphones,Apple,Cell Phone,iPhone 16,T-Mobile,256GB,FAULTY,205,145
Smartphones,Apple,Cell Phone,iPhone 16,T-Mobile,256GB,POOR,256,145
Smartphones,Apple,Cell Phone,iPhone 16,T-Mobile,256GB,GOOD,327,270
Smartphones,Apple,Cell Phone,iPhone 16,T-Mobile,256GB,MINT,388,310
Smartphones,Apple,Cell Phone,iPhone 16,T-Mobile,128GB,FAULTY,166,125
Smartphones,Apple,Cell Phone,iPhone 16,T-Mobile,128GB,POOR,221,125
Smartphones,Apple,Cell Phone,iPhone 16,T-Mobile,128GB,GOOD,291,240
Smartphones,Apple,Cell Phone,iPhone 16,T-Mobile,128GB,MINT,349,280
Smartphones,Apple,Cell Phone,iPhone 16,AT&T,512GB,FAULTY,226,200
Smartphones,Apple,Cell Phone,iPhone 16,AT&T,512GB,POOR,304,200
Smartphones,Apple,Cell Phone,iPhone 16,AT&T,512GB,GOOD,366,310
Smartphones,Apple,Cell Phone,iPhone 16,AT&T,512GB,MINT,417,350
Smartphones,Apple,Cell Phone,iPhone 16,AT&T,256GB,FAULTY,186,160
Smartphones,Apple,Cell Phone,iPhone 16,AT&T,256GB,POOR,276,160
Smartphones,Apple,Cell Phone,iPhone 16,AT&T,256GB,GOOD,345,270
Smartphones,Apple,Cell Phone,iPhone 16,AT&T,256GB,MINT,387,310
Smartphones,Apple,Cell Phone,iPhone 16,AT&T,128GB,FAULTY,166,130
Smartphones,Apple,Cell Phone,iPhone 16,AT&T,128GB,POOR,234,130
Smartphones,Apple,Cell Phone,iPhone 16,AT&T,128GB,GOOD,305,235
Smartphones,Apple,Cell Phone,iPhone 16,AT&T,128GB,MINT,369,275
Smartphones,Apple,Cell Phone,iPhone 16,Verizon,512GB,FAULTY,237,200
Smartphones,Apple,Cell Phone,iPhone 16,Verizon,512GB,POOR,305,200
Smartphones,Apple,Cell Phone,iPhone 16,Verizon,512GB,GOOD,366,310
Smartphones,Apple,Cell Phone,iPhone 16,Verizon,512GB,MINT,440,350
Smartphones,Apple,Cell Phone,iPhone 16,Verizon,256GB,FAULTY,205,160
Smartphones,Apple,Cell Phone,iPhone 16,Verizon,256GB,POOR,282,160
Smartphones,Apple,Cell Phone,iPhone 16,Verizon,256GB,GOOD,342,270
Smartphones,Apple,Cell Phone,iPhone 16,Verizon,256GB,MINT,405,310
Smartphones,Apple,Cell Phone,iPhone 16,Verizon,128GB,FAULTY,166,130
Smartphones,Apple,Cell Phone,iPhone 16,Verizon,128GB,POOR,245,130
Smartphones,Apple,Cell Phone,iPhone 16,Verizon,128GB,GOOD,305,240
Smartphones,Apple,Cell Phone,iPhone 16,Verizon,128GB,MINT,363.99,280
Smartphones,Apple,Cell Phone,iPhone 16 Pro,Unlocked,1TB,FAULTY,450,300
Smartphones,Apple,Cell Phone,iPhone 16 Pro Max,Unlocked,1TB,FAULTY,447,315
Smartphones,Apple,Cell Phone,iPhone 16 Pro Max,Unlocked,1TB,POOR,690,315
Smartphones,Apple,Cell Phone,iPhone 16 Pro Max,Unlocked,1TB,GOOD,766,575
Smartphones,Apple,Cell Phone,iPhone 16 Pro Max,Unlocked,1TB,MINT,864,650
Smartphones,Apple,Cell Phone,iPhone 16 Pro Max,Unlocked,512GB,FAULTY,413,300
Smartphones,Apple,Cell Phone,iPhone 16 Pro Max,Unlocked,512GB,POOR,604,300
Smartphones,Apple,Cell Phone,iPhone 16 Pro Max,Unlocked,512GB,GOOD,676,525
Smartphones,Apple,Cell Phone,iPhone 16 Pro Max,Unlocked,512GB,MINT,762,600
Smartphones,Apple,Cell Phone,iPhone 16 Pro Max,Unlocked,256GB,FAULTY,377,250
Smartphones,Apple,Cell Phone,iPhone 16 Pro Max,Unlocked,256GB,POOR,554,250
Smartphones,Apple,Cell Phone,iPhone 16 Pro Max,Unlocked,256GB,GOOD,626,480
Smartphones,Apple,Cell Phone,iPhone 16 Pro Max,Unlocked,256GB,MINT,706,555
Smartphones,Apple,Cell Phone,iPhone 16 Pro Max,Other,1TB,FAULTY,437.87,180
Smartphones,Apple,Cell Phone,iPhone 16 Pro Max,Other,1TB,POOR,458,180
Smartphones,Apple,Cell Phone,iPhone 16 Pro Max,Other,1TB,GOOD,490,280
Smartphones,Apple,Cell Phone,iPhone 16 Pro Max,Other,1TB,MINT,534,320
Smartphones,Apple,Cell Phone,iPhone 16 Pro Max,Other,512GB,FAULTY,361,165
Smartphones,Apple,Cell Phone,iPhone 16 Pro Max,Other,512GB,POOR,361,165
Smartphones,Apple,Cell Phone,iPhone 16 Pro Max,Other,512GB,GOOD,442.21,245
Smartphones,Apple,Cell Phone,iPhone 16 Pro Max,Other,512GB,MINT,464,285
Smartphones,Apple,Cell Phone,iPhone 16 Pro Max,Other,256GB,FAULTY,301,160
Smartphones,Apple,Cell Phone,iPhone 16 Pro Max,Other,256GB,POOR,301,160
Smartphones,Apple,Cell Phone,iPhone 16 Pro Max,Other,256GB,GOOD,375,225
Smartphones,Apple,Cell Phone,iPhone 16 Pro Max,Other,256GB,MINT,394,265
Smartphones,Apple,Cell Phone,iPhone 16 Pro Max,T-Mobile,1TB,FAULTY,440,275
Smartphones,Apple,Cell Phone,iPhone 16 Pro Max,T-Mobile,1TB,POOR,601,275
Smartphones,Apple,Cell Phone,iPhone 16 Pro Max,T-Mobile,1TB,GOOD,677,485
Smartphones,Apple,Cell Phone,iPhone 16 Pro Max,T-Mobile,1TB,MINT,722,575
Smartphones,Apple,Cell Phone,iPhone 16 Pro Max,T-Mobile,512GB,FAULTY,380,225
Smartphones,Apple,Cell Phone,iPhone 16 Pro Max,T-Mobile,512GB,POOR,511,225
Smartphones,Apple,Cell Phone,iPhone 16 Pro Max,T-Mobile,512GB,GOOD,589,450
Smartphones,Apple,Cell Phone,iPhone 16 Pro Max,T-Mobile,512GB,MINT,638,530
Smartphones,Apple,Cell Phone,iPhone 16 Pro Max,T-Mobile,256GB,FAULTY,305,210
Smartphones,Apple,Cell Phone,iPhone 16 Pro Max,T-Mobile,256GB,POOR,467,210
Smartphones,Apple,Cell Phone,iPhone 16 Pro Max,T-Mobile,256GB,GOOD,537,410
Smartphones,Apple,Cell Phone,iPhone 16 Pro Max,T-Mobile,256GB,MINT,582,500
Smartphones,Apple,Cell Phone,iPhone 16 Pro Max,AT&T,1TB,FAULTY,439,300
Smartphones,Apple,Cell Phone,iPhone 16 Pro Max,AT&T,1TB,POOR,571,300
Smartphones,Apple,Cell Phone,iPhone 16 Pro Max,AT&T,1TB,GOOD,646,485
Smartphones,Apple,Cell Phone,iPhone 16 Pro Max,AT&T,1TB,MINT,704,575
Smartphones,Apple,Cell Phone,iPhone 16 Pro Max,AT&T,512GB,FAULTY,380,280
Smartphones,Apple,Cell Phone,iPhone 16 Pro Max,AT&T,512GB,POOR,483,280
Smartphones,Apple,Cell Phone,iPhone 16 Pro Max,AT&T,512GB,GOOD,556,450
Smartphones,Apple,Cell Phone,iPhone 16 Pro Max,AT&T,512GB,MINT,635,530
Smartphones,Apple,Cell Phone,iPhone 16 Pro Max,AT&T,256GB,FAULTY,305,220
Smartphones,Apple,Cell Phone,iPhone 16 Pro Max,AT&T,256GB,POOR,433,220
Smartphones,Apple,Cell Phone,iPhone 16 Pro Max,AT&T,256GB,GOOD,512,410
Smartphones,Apple,Cell Phone,iPhone 16 Pro Max,AT&T,256GB,MINT,571,500
Smartphones,Apple,Cell Phone,iPhone 16 Pro Max,Verizon,1TB,FAULTY,453,300
Smartphones,Apple,Cell Phone,iPhone 16 Pro Max,Verizon,1TB,POOR,513,300
Smartphones,Apple,Cell Phone,iPhone 16 Pro Max,Verizon,1TB,GOOD,623,485
Smartphones,Apple,Cell Phone,iPhone 16 Pro Max,Verizon,1TB,MINT,694,575
Smartphones,Apple,Cell Phone,iPhone 16 Pro Max,Verizon,512GB,FAULTY,395,280
Smartphones,Apple,Cell Phone,iPhone 16 Pro Max,Verizon,512GB,POOR,428,280
Smartphones,Apple,Cell Phone,iPhone 16 Pro Max,Verizon,512GB,GOOD,573,450
Smartphones,Apple,Cell Phone,iPhone 16 Pro Max,Verizon,512GB,MINT,637,530
Smartphones,Apple,Cell Phone,iPhone 16 Pro Max,Verizon,256GB,FAULTY,330,220
Smartphones,Apple,Cell Phone,iPhone 16 Pro Max,Verizon,256GB,POOR,373,220
Smartphones,Apple,Cell Phone,iPhone 16 Pro Max,Verizon,256GB,GOOD,533,410
Smartphones,Apple,Cell Phone,iPhone 16 Pro Max,Verizon,256GB,MINT,570,500
Smartphones,Apple,Cell Phone,iPhone 16 Pro,Unlocked,1TB,POOR,569,300
Smartphones,Apple,Cell Phone,iPhone 16 Pro,Unlocked,1TB,GOOD,637,530
Smartphones,Apple,Cell Phone,iPhone 16 Pro,Unlocked,1TB,MINT,723,570
Smartphones,Apple,Cell Phone,iPhone 16 Pro,Unlocked,512GB,FAULTY,411,290
Smartphones,Apple,Cell Phone,iPhone 16 Pro,Unlocked,512GB,POOR,509,290
Smartphones,Apple,Cell Phone,iPhone 16 Pro,Unlocked,512GB,GOOD,571,490
Smartphones,Apple,Cell Phone,iPhone 16 Pro,Unlocked,512GB,MINT,663,530
Smartphones,Apple,Cell Phone,iPhone 16 Pro,Unlocked,256GB,FAULTY,352,220
Smartphones,Apple,Cell Phone,iPhone 16 Pro,Unlocked,256GB,POOR,469,220
Smartphones,Apple,Cell Phone,iPhone 16 Pro,Unlocked,256GB,GOOD,531,435
Smartphones,Apple,Cell Phone,iPhone 16 Pro,Unlocked,256GB,MINT,621,475
Smartphones,Apple,Cell Phone,iPhone 16 Pro,Unlocked,128GB,FAULTY,304,210
Smartphones,Apple,Cell Phone,iPhone 16 Pro,Unlocked,128GB,POOR,424,210
Smartphones,Apple,Cell Phone,iPhone 16 Pro,Unlocked,128GB,GOOD,481,410
Smartphones,Apple,Cell Phone,iPhone 16 Pro,Unlocked,128GB,MINT,573,450
Smartphones,Apple,Cell Phone,iPhone 16 Pro,Other,1TB,FAULTY,346.45,160
Smartphones,Apple,Cell Phone,iPhone 16 Pro,Other,1TB,POOR,375,160
Smartphones,Apple,Cell Phone,iPhone 16 Pro,Other,1TB,GOOD,415,260
Smartphones,Apple,Cell Phone,iPhone 16 Pro,Other,1TB,MINT,439,300
Smartphones,Apple,Cell Phone,iPhone 16 Pro,Other,512GB,FAULTY,305,140
Smartphones,Apple,Cell Phone,iPhone 16 Pro,Other,512GB,POOR,320,140
Smartphones,Apple,Cell Phone,iPhone 16 Pro,Other,512GB,GOOD,345.81,220
Smartphones,Apple,Cell Phone,iPhone 16 Pro,Other,512GB,MINT,379,260
Smartphones,Apple,Cell Phone,iPhone 16 Pro,Other,256GB,FAULTY,255,125
Smartphones,Apple,Cell Phone,iPhone 16 Pro,Other,256GB,POOR,275,125
Smartphones,Apple,Cell Phone,iPhone 16 Pro,Other,256GB,GOOD,305,180
Smartphones,Apple,Cell Phone,iPhone 16 Pro,Other,256GB,MINT,339,220
Smartphones,Apple,Cell Phone,iPhone 16 Pro,Other,128GB,FAULTY,175,110
Smartphones,Apple,Cell Phone,iPhone 16 Pro,Other,128GB,POOR,161,110
Smartphones,Apple,Cell Phone,iPhone 16 Pro,Other,128GB,GOOD,254.44,175
Smartphones,Apple,Cell Phone,iPhone 16 Pro,Other,128GB,MINT,295,215
Smartphones,Apple,Cell Phone,iPhone 16 Pro,T-Mobile,1TB,FAULTY,350,265
Smartphones,Apple,Cell Phone,iPhone 16 Pro,T-Mobile,1TB,POOR,496,265
Smartphones,Apple,Cell Phone,iPhone 16 Pro,T-Mobile,1TB,GOOD,568,410
Smartphones,Apple,Cell Phone,iPhone 16 Pro,T-Mobile,1TB,MINT,617,450
Smartphones,Apple,Cell Phone,iPhone 16 Pro,T-Mobile,512GB,FAULTY,311,225
Smartphones,Apple,Cell Phone,iPhone 16 Pro,T-Mobile,512GB,POOR,436,225
Smartphones,Apple,Cell Phone,iPhone 16 Pro,T-Mobile,512GB,GOOD,508,385
Smartphones,Apple,Cell Phone,iPhone 16 Pro,T-Mobile,512GB,MINT,557,425
Smartphones,Apple,Cell Phone,iPhone 16 Pro,T-Mobile,256GB,FAULTY,260,180
Smartphones,Apple,Cell Phone,iPhone 16 Pro,T-Mobile,256GB,POOR,396,180
Smartphones,Apple,Cell Phone,iPhone 16 Pro,T-Mobile,256GB,GOOD,468,335
Smartphones,Apple,Cell Phone,iPhone 16 Pro,T-Mobile,256GB,MINT,517,375
Smartphones,Apple,Cell Phone,iPhone 16 Pro,T-Mobile,128GB,FAULTY,211,165
Smartphones,Apple,Cell Phone,iPhone 16 Pro,T-Mobile,128GB,POOR,358,165
Smartphones,Apple,Cell Phone,iPhone 16 Pro,T-Mobile,128GB,GOOD,418,310
Smartphones,Apple,Cell Phone,iPhone 16 Pro,T-Mobile,128GB,MINT,467,350
Smartphones,Apple,Cell Phone,iPhone 16 Pro,AT&T,1TB,FAULTY,350,280
Smartphones,Apple,Cell Phone,iPhone 16 Pro,AT&T,1TB,POOR,434,280
Smartphones,Apple,Cell Phone,iPhone 16 Pro,AT&T,1TB,GOOD,531,410
Smartphones,Apple,Cell Phone,iPhone 16 Pro,AT&T,1TB,MINT,589,450
Smartphones,Apple,Cell Phone,iPhone 16 Pro,AT&T,512GB,FAULTY,310,250
Smartphones,Apple,Cell Phone,iPhone 16 Pro,AT&T,512GB,POOR,374,250
Smartphones,Apple,Cell Phone,iPhone 16 Pro,AT&T,512GB,GOOD,471,385
Smartphones,Apple,Cell Phone,iPhone 16 Pro,AT&T,512GB,MINT,547,425
Smartphones,Apple,Cell Phone,iPhone 16 Pro,AT&T,256GB,FAULTY,260,200
Smartphones,Apple,Cell Phone,iPhone 16 Pro,AT&T,256GB,POOR,334,200
Smartphones,Apple,Cell Phone,iPhone 16 Pro,AT&T,256GB,GOOD,431,335
Smartphones,Apple,Cell Phone,iPhone 16 Pro,AT&T,256GB,MINT,499,375
Smartphones,Apple,Cell Phone,iPhone 16 Pro,AT&T,128GB,FAULTY,236,175
Smartphones,Apple,Cell Phone,iPhone 16 Pro,AT&T,128GB,POOR,284,175
Smartphones,Apple,Cell Phone,iPhone 16 Pro,AT&T,128GB,GOOD,384,310
Smartphones,Apple,Cell Phone,iPhone 16 Pro,AT&T,128GB,MINT,451,350
Smartphones,Apple,Cell Phone,iPhone 16 Pro,Verizon,1TB,FAULTY,364,280
Smartphones,Apple,Cell Phone,iPhone 16 Pro,Verizon,1TB,POOR,403,280
Smartphones,Apple,Cell Phone,iPhone 16 Pro,Verizon,1TB,GOOD,508,410
Smartphones,Apple,Cell Phone,iPhone 16 Pro,Verizon,1TB,MINT,582,450
Smartphones,Apple,Cell Phone,iPhone 16 Pro,Verizon,512GB,FAULTY,342,250
Smartphones,Apple,Cell Phone,iPhone 16 Pro,Verizon,512GB,POOR,369,250
Smartphones,Apple,Cell Phone,iPhone 16 Pro,Verizon,512GB,GOOD,478,385
Smartphones,Apple,Cell Phone,iPhone 16 Pro,Verizon,512GB,MINT,525,425
Smartphones,Apple,Cell Phone,iPhone 16 Pro,Verizon,256GB,FAULTY,294,200
Smartphones,Apple,Cell Phone,iPhone 16 Pro,Verizon,256GB,POOR,321,200
Smartphones,Apple,Cell Phone,iPhone 16 Pro,Verizon,256GB,GOOD,438,335
Smartphones,Apple,Cell Phone,iPhone 16 Pro,Verizon,256GB,MINT,485,375
Smartphones,Apple,Cell Phone,iPhone 16 Pro,Verizon,128GB,FAULTY,264,175
Smartphones,Apple,Cell Phone,iPhone 16 Pro,Verizon,128GB,POOR,292,175
Smartphones,Apple,Cell Phone,iPhone 16 Pro,Verizon,128GB,GOOD,398,310
Smartphones,Apple,Cell Phone,iPhone 16 Pro,Verizon,128GB,MINT,435,350
Smartphones,Apple,Cell Phone,iPhone 16e,Unlocked,512GB,FAULTY,155,100
Smartphones,Apple,Cell Phone,iPhone 17,Unlocked,512GB,FAULTY,461.65,290
Smartphones,Apple,Cell Phone,iPhone 17,Unlocked,512GB,POOR,545,290
Smartphones,Apple,Cell Phone,iPhone 17,Unlocked,512GB,GOOD,635,500
Smartphones,Apple,Cell Phone,iPhone 17,Unlocked,512GB,MINT,727,565
Smartphones,Apple,Cell Phone,iPhone 17,Unlocked,256GB,FAULTY,401.11,250
Smartphones,Apple,Cell Phone,iPhone 17,Unlocked,256GB,POOR,446,250
Smartphones,Apple,Cell Phone,iPhone 17,Unlocked,256GB,GOOD,540,450
Smartphones,Apple,Cell Phone,iPhone 17,Unlocked,256GB,MINT,619,505
Smartphones,Apple,Cell Phone,iPhone 17,Other,512GB,FAULTY,350,165
Smartphones,Apple,Cell Phone,iPhone 17,Other,512GB,POOR,365,165
Smartphones,Apple,Cell Phone,iPhone 17,Other,512GB,GOOD,405,315
Smartphones,Apple,Cell Phone,iPhone 17,Other,512GB,MINT,409,355
Smartphones,Apple,Cell Phone,iPhone 17,Other,256GB,FAULTY,270,150
Smartphones,Apple,Cell Phone,iPhone 17,Other,256GB,POOR,288,150
Smartphones,Apple,Cell Phone,iPhone 17,Other,256GB,GOOD,335,275
Smartphones,Apple,Cell Phone,iPhone 17,Other,256GB,MINT,339,315
Smartphones,Apple,Cell Phone,iPhone 17,T-Mobile,512GB,FAULTY,381.68,215
Smartphones,Apple,Cell Phone,iPhone 17,T-Mobile,512GB,POOR,421,215
Smartphones,Apple,Cell Phone,iPhone 17,T-Mobile,512GB,GOOD,510,385
Smartphones,Apple,Cell Phone,iPhone 17,T-Mobile,512GB,MINT,572,425
Smartphones,Apple,Cell Phone,iPhone 17,T-Mobile,256GB,FAULTY,300,175
Smartphones,Apple,Cell Phone,iPhone 17,T-Mobile,256GB,POOR,321,175
Smartphones,Apple,Cell Phone,iPhone 17,T-Mobile,256GB,GOOD,410,335
Smartphones,Apple,Cell Phone,iPhone 17,T-Mobile,256GB,MINT,472,375
Smartphones,Apple,Cell Phone,iPhone 17,AT&T,512GB,FAULTY,365,240
Smartphones,Apple,Cell Phone,iPhone 17,AT&T,512GB,POOR,446,240
Smartphones,Apple,Cell Phone,iPhone 17,AT&T,512GB,GOOD,535,410
Smartphones,Apple,Cell Phone,iPhone 17,AT&T,512GB,MINT,594,450
Smartphones,Apple,Cell Phone,iPhone 17,AT&T,256GB,FAULTY,285,200
Smartphones,Apple,Cell Phone,iPhone 17,AT&T,256GB,POOR,346,200
Smartphones,Apple,Cell Phone,iPhone 17,AT&T,256GB,GOOD,435,360
Smartphones,Apple,Cell Phone,iPhone 17,AT&T,256GB,MINT,494,400
Smartphones,Apple,Cell Phone,iPhone 17,Verizon,512GB,FAULTY,365,240
Smartphones,Apple,Cell Phone,iPhone 17,Verizon,512GB,POOR,446,240
Smartphones,Apple,Cell Phone,iPhone 17,Verizon,512GB,GOOD,535,395
Smartphones,Apple,Cell Phone,iPhone 17,Verizon,512GB,MINT,597,435
Smartphones,Apple,Cell Phone,iPhone 17,Verizon,256GB,FAULTY,285,200
Smartphones,Apple,Cell Phone,iPhone 17,Verizon,256GB,POOR,346,200
Smartphones,Apple,Cell Phone,iPhone 17,Verizon,256GB,GOOD,435,345
Smartphones,Apple,Cell Phone,iPhone 17,Verizon,256GB,MINT,497,385
Smartphones,Apple,Cell Phone,iPhone 16e,Unlocked,512GB,POOR,286,100
Smartphones,Apple,Cell Phone,iPhone 16e,Unlocked,512GB,GOOD,355,265
Smartphones,Apple,Cell Phone,iPhone 16e,Unlocked,512GB,MINT,428,285
Smartphones,Apple,Cell Phone,iPhone 16e,Unlocked,256GB,FAULTY,136,90
Smartphones,Apple,Cell Phone,iPhone 16e,Unlocked,256GB,POOR,236,90
Smartphones,Apple,Cell Phone,iPhone 16e,Unlocked,256GB,GOOD,311,240
Smartphones,Apple,Cell Phone,iPhone 16e,Unlocked,256GB,MINT,378,265
Smartphones,Apple,Cell Phone,iPhone 16e,Unlocked,128GB,FAULTY,110,75
Smartphones,Apple,Cell Phone,iPhone 16e,Unlocked,128GB,POOR,166,75
Smartphones,Apple,Cell Phone,iPhone 16e,Unlocked,128GB,GOOD,253,190
Smartphones,Apple,Cell Phone,iPhone 16e,Unlocked,128GB,MINT,308,215
Smartphones,Apple,Cell Phone,iPhone 16e,Other,512GB,FAULTY,78,75
Smartphones,Apple,Cell Phone,iPhone 16e,Other,512GB,POOR,136,75
Smartphones,Apple,Cell Phone,iPhone 16e,Other,512GB,GOOD,205,170
Smartphones,Apple,Cell Phone,iPhone 16e,Other,512GB,MINT,251,190
Smartphones,Apple,Cell Phone,iPhone 16e,Other,256GB,FAULTY,68,55
Smartphones,Apple,Cell Phone,iPhone 16e,Other,256GB,POOR,100,55
Smartphones,Apple,Cell Phone,iPhone 16e,Other,256GB,GOOD,170,135
Smartphones,Apple,Cell Phone,iPhone 16e,Other,256GB,MINT,201,160
Smartphones,Apple,Cell Phone,iPhone 16e,Other,128GB,FAULTY,55,50
Smartphones,Apple,Cell Phone,iPhone 16e,Other,128GB,POOR,81,50
Smartphones,Apple,Cell Phone,iPhone 16e,Other,128GB,GOOD,132,115
Smartphones,Apple,Cell Phone,iPhone 16e,Other,128GB,MINT,160,140
Smartphones,Apple,Cell Phone,iPhone 16e,T-Mobile,512GB,FAULTY,101,100
Smartphones,Apple,Cell Phone,iPhone 16e,T-Mobile,512GB,POOR,161,100
Smartphones,Apple,Cell Phone,iPhone 16e,T-Mobile,512GB,GOOD,234,210
Smartphones,Apple,Cell Phone,iPhone 16e,T-Mobile,512GB,MINT,276,230
Smartphones,Apple,Cell Phone,iPhone 16e,T-Mobile,256GB,FAULTY,81,80
Smartphones,Apple,Cell Phone,iPhone 16e,T-Mobile,256GB,POOR,115,80
Smartphones,Apple,Cell Phone,iPhone 16e,T-Mobile,256GB,GOOD,192,175
Smartphones,Apple,Cell Phone,iPhone 16e,T-Mobile,256GB,MINT,226,200
Smartphones,Apple,Cell Phone,iPhone 16e,T-Mobile,128GB,FAULTY,69,65
Smartphones,Apple,Cell Phone,iPhone 16e,T-Mobile,128GB,POOR,92,65
Smartphones,Apple,Cell Phone,iPhone 16e,T-Mobile,128GB,GOOD,159,135
Smartphones,Apple,Cell Phone,iPhone 16e,T-Mobile,128GB,MINT,188,160
Smartphones,Apple,Cell Phone,iPhone 16e,AT&T,512GB,FAULTY,101,100
Smartphones,Apple,Cell Phone,iPhone 16e,AT&T,512GB,POOR,186,100
Smartphones,Apple,Cell Phone,iPhone 16e,AT&T,512GB,GOOD,260,225
Smartphones,Apple,Cell Phone,iPhone 16e,AT&T,512GB,MINT,301,245
Smartphones,Apple,Cell Phone,iPhone 16e,AT&T,256GB,FAULTY,81,80
Smartphones,Apple,Cell Phone,iPhone 16e,AT&T,256GB,POOR,136,80
Smartphones,Apple,Cell Phone,iPhone 16e,AT&T,256GB,GOOD,213,190
Smartphones,Apple,Cell Phone,iPhone 16e,AT&T,256GB,MINT,251,215
Smartphones,Apple,Cell Phone,iPhone 16e,AT&T,128GB,FAULTY,66,65
Smartphones,Apple,Cell Phone,iPhone 16e,AT&T,128GB,POOR,87,65
Smartphones,Apple,Cell Phone,iPhone 16e,AT&T,128GB,GOOD,159,150
Smartphones,Apple,Cell Phone,iPhone 16e,AT&T,128GB,MINT,188,175
Smartphones,Apple,Cell Phone,iPhone 16e,Verizon,512GB,FAULTY,101,100
Smartphones,Apple,Cell Phone,iPhone 16e,Verizon,512GB,POOR,186,100
Smartphones,Apple,Cell Phone,iPhone 16e,Verizon,512GB,GOOD,255,225
Smartphones,Apple,Cell Phone,iPhone 16e,Verizon,512GB,MINT,301,245
Smartphones,Apple,Cell Phone,iPhone 16e,Verizon,256GB,FAULTY,81,80
Smartphones,Apple,Cell Phone,iPhone 16e,Verizon,256GB,POOR,136,80
Smartphones,Apple,Cell Phone,iPhone 16e,Verizon,256GB,GOOD,213,190
Smartphones,Apple,Cell Phone,iPhone 16e,Verizon,256GB,MINT,251,215
Smartphones,Apple,Cell Phone,iPhone 16e,Verizon,128GB,FAULTY,66,65
Smartphones,Apple,Cell Phone,iPhone 16e,Verizon,128GB,POOR,87,65
Smartphones,Apple,Cell Phone,iPhone 16e,Verizon,128GB,GOOD,159,150
Smartphones,Apple,Cell Phone,iPhone 16e,Verizon,128GB,MINT,188,175
Smartphones,Apple,Cell Phone,iPhone Air,Unlocked,1TB,FAULTY,520,365
Smartphones,Apple,Cell Phone,iPhone 17 Pro,Unlocked,1TB,FAULTY,815,440
Smartphones,Apple,Cell Phone,iPhone 17 Pro,Unlocked,1TB,POOR,840,440
Smartphones,Apple,Cell Phone,iPhone 17 Pro,Unlocked,1TB,GOOD,955,765
Smartphones,Apple,Cell Phone,iPhone 17 Pro,Unlocked,1TB,MINT,1055,825
Smartphones,Apple,Cell Phone,iPhone 17 Pro,Unlocked,512GB,FAULTY,687.99,400
Smartphones,Apple,Cell Phone,iPhone 17 Pro,Unlocked,512GB,POOR,730,400
Smartphones,Apple,Cell Phone,iPhone 17 Pro,Unlocked,512GB,GOOD,860,715
Smartphones,Apple,Cell Phone,iPhone 17 Pro,Unlocked,512GB,MINT,980,775
Smartphones,Apple,Cell Phone,iPhone 17 Pro,Unlocked,256GB,FAULTY,587.95,320
Smartphones,Apple,Cell Phone,iPhone 17 Pro,Unlocked,256GB,POOR,615,320
Smartphones,Apple,Cell Phone,iPhone 17 Pro,Unlocked,256GB,GOOD,766,615
Smartphones,Apple,Cell Phone,iPhone 17 Pro,Unlocked,256GB,MINT,874,675
Smartphones,Apple,Cell Phone,iPhone 17 Pro,Other,1TB,FAULTY,486.67,250
Smartphones,Apple,Cell Phone,iPhone 17 Pro,Other,1TB,POOR,545,250
Smartphones,Apple,Cell Phone,iPhone 17 Pro,Other,1TB,GOOD,620,485
Smartphones,Apple,Cell Phone,iPhone 17 Pro,Other,1TB,MINT,630,525
Smartphones,Apple,Cell Phone,iPhone 17 Pro,Other,512GB,FAULTY,476.8,230
Smartphones,Apple,Cell Phone,iPhone 17 Pro,Other,512GB,POOR,505,230
Smartphones,Apple,Cell Phone,iPhone 17 Pro,Other,512GB,GOOD,545.91,435
Smartphones,Apple,Cell Phone,iPhone 17 Pro,Other,512GB,MINT,559.51,475
Smartphones,Apple,Cell Phone,iPhone 17 Pro,Other,256GB,FAULTY,425,215
Smartphones,Apple,Cell Phone,iPhone 17 Pro,Other,256GB,POOR,453,215
Smartphones,Apple,Cell Phone,iPhone 17 Pro,Other,256GB,GOOD,490.41,395
Smartphones,Apple,Cell Phone,iPhone 17 Pro,Other,256GB,MINT,505,435
Smartphones,Apple,Cell Phone,iPhone 17 Pro,T-Mobile,1TB,FAULTY,521.46,390
Smartphones,Apple,Cell Phone,iPhone 17 Pro,T-Mobile,1TB,POOR,661,390
Smartphones,Apple,Cell Phone,iPhone 17 Pro,T-Mobile,1TB,GOOD,835,665
Smartphones,Apple,Cell Phone,iPhone 17 Pro,T-Mobile,1TB,MINT,902,705
Smartphones,Apple,Cell Phone,iPhone 17 Pro,T-Mobile,512GB,FAULTY,512.96,350
Smartphones,Apple,Cell Phone,iPhone 17 Pro,T-Mobile,512GB,POOR,611,350
Smartphones,Apple,Cell Phone,iPhone 17 Pro,T-Mobile,512GB,GOOD,760,615
Smartphones,Apple,Cell Phone,iPhone 17 Pro,T-Mobile,512GB,MINT,847,655
Smartphones,Apple,Cell Phone,iPhone 17 Pro,T-Mobile,256GB,FAULTY,463.08,270
Smartphones,Apple,Cell Phone,iPhone 17 Pro,T-Mobile,256GB,POOR,506,270
Smartphones,Apple,Cell Phone,iPhone 17 Pro,T-Mobile,256GB,GOOD,655,515
Smartphones,Apple,Cell Phone,iPhone 17 Pro,T-Mobile,256GB,MINT,742,555
Smartphones,Apple,Cell Phone,iPhone 17 Pro,AT&T,1TB,FAULTY,506.63,390
Smartphones,Apple,Cell Phone,iPhone 17 Pro,AT&T,1TB,POOR,586,390
Smartphones,Apple,Cell Phone,iPhone 17 Pro,AT&T,1TB,GOOD,750,635
Smartphones,Apple,Cell Phone,iPhone 17 Pro,AT&T,1TB,MINT,839,675
Smartphones,Apple,Cell Phone,iPhone 17 Pro,AT&T,512GB,FAULTY,495.78,350
Smartphones,Apple,Cell Phone,iPhone 17 Pro,AT&T,512GB,POOR,536,350
Smartphones,Apple,Cell Phone,iPhone 17 Pro,AT&T,512GB,GOOD,685,585
Smartphones,Apple,Cell Phone,iPhone 17 Pro,AT&T,512GB,MINT,769,625
Smartphones,Apple,Cell Phone,iPhone 17 Pro,AT&T,256GB,FAULTY,445.71,270
Smartphones,Apple,Cell Phone,iPhone 17 Pro,AT&T,256GB,POOR,473,270
Smartphones,Apple,Cell Phone,iPhone 17 Pro,AT&T,256GB,GOOD,600,485
Smartphones,Apple,Cell Phone,iPhone 17 Pro,AT&T,256GB,MINT,664,525
Smartphones,Apple,Cell Phone,iPhone 17 Pro,Verizon,1TB,FAULTY,507.61,390
Smartphones,Apple,Cell Phone,iPhone 17 Pro,Verizon,1TB,POOR,565,390
Smartphones,Apple,Cell Phone,iPhone 17 Pro,Verizon,1TB,GOOD,670,615
Smartphones,Apple,Cell Phone,iPhone 17 Pro,Verizon,1TB,MINT,779,655
Smartphones,Apple,Cell Phone,iPhone 17 Pro,Verizon,512GB,FAULTY,495.46,350
Smartphones,Apple,Cell Phone,iPhone 17 Pro,Verizon,512GB,POOR,525,350
Smartphones,Apple,Cell Phone,iPhone 17 Pro,Verizon,512GB,GOOD,590,565
Smartphones,Apple,Cell Phone,iPhone 17 Pro,Verizon,512GB,MINT,694,605
Smartphones,Apple,Cell Phone,iPhone 17 Pro,Verizon,256GB,FAULTY,445.32,270
Smartphones,Apple,Cell Phone,iPhone 17 Pro,Verizon,256GB,POOR,473,270
Smartphones,Apple,Cell Phone,iPhone 17 Pro,Verizon,256GB,GOOD,540,485
Smartphones,Apple,Cell Phone,iPhone 17 Pro,Verizon,256GB,MINT,637,525
Smartphones,Apple,Cell Phone,iPhone Air,Unlocked,1TB,POOR,620,365
Smartphones,Apple,Cell Phone,iPhone Air,Unlocked,1TB,GOOD,692,690
Smartphones,Apple,Cell Phone,iPhone Air,Unlocked,1TB,MINT,768,750
Smartphones,Apple,Cell Phone,iPhone Air,Unlocked,512GB,FAULTY,411,335
Smartphones,Apple,Cell Phone,iPhone Air,Unlocked,512GB,POOR,545,335
Smartphones,Apple,Cell Phone,iPhone Air,Unlocked,512GB,GOOD,617,580
Smartphones,Apple,Cell Phone,iPhone Air,Unlocked,512GB,MINT,695,660
Smartphones,Apple,Cell Phone,iPhone Air,Unlocked,256GB,FAULTY,331,295
Smartphones,Apple,Cell Phone,iPhone Air,Unlocked,256GB,POOR,486,295
Smartphones,Apple,Cell Phone,iPhone Air,Unlocked,256GB,GOOD,557,530
Smartphones,Apple,Cell Phone,iPhone Air,Unlocked,256GB,MINT,635,600
Smartphones,Apple,Cell Phone,iPhone Air,Other,1TB,FAULTY,261,235
Smartphones,Apple,Cell Phone,iPhone Air,Other,1TB,POOR,271,235
Smartphones,Apple,Cell Phone,iPhone Air,Other,1TB,GOOD,475,475
Smartphones,Apple,Cell Phone,iPhone Air,Other,1TB,MINT,516,515
Smartphones,Apple,Cell Phone,iPhone Air,Other,512GB,FAULTY,221,205
Smartphones,Apple,Cell Phone,iPhone Air,Other,512GB,POOR,240,205
Smartphones,Apple,Cell Phone,iPhone Air,Other,512GB,GOOD,400,400
Smartphones,Apple,Cell Phone,iPhone Air,Other,512GB,MINT,455,440
Smartphones,Apple,Cell Phone,iPhone Air,Other,256GB,FAULTY,191,190
Smartphones,Apple,Cell Phone,iPhone Air,Other,256GB,POOR,232,190
Smartphones,Apple,Cell Phone,iPhone Air,Other,256GB,GOOD,360,360
Smartphones,Apple,Cell Phone,iPhone Air,Other,256GB,MINT,404,400
Smartphones,Apple,Cell Phone,iPhone Air,T-Mobile,1TB,FAULTY,316,315
Smartphones,Apple,Cell Phone,iPhone Air,T-Mobile,1TB,POOR,496,315
Smartphones,Apple,Cell Phone,iPhone Air,T-Mobile,1TB,GOOD,590,590
Smartphones,Apple,Cell Phone,iPhone Air,T-Mobile,1TB,MINT,641,630
Smartphones,Apple,Cell Phone,iPhone Air,T-Mobile,512GB,FAULTY,286,285
Smartphones,Apple,Cell Phone,iPhone Air,T-Mobile,512GB,POOR,421,285
Smartphones,Apple,Cell Phone,iPhone Air,T-Mobile,512GB,GOOD,507,500
Smartphones,Apple,Cell Phone,iPhone Air,T-Mobile,512GB,MINT,566,560
Smartphones,Apple,Cell Phone,iPhone Air,T-Mobile,256GB,FAULTY,246,245
Smartphones,Apple,Cell Phone,iPhone Air,T-Mobile,256GB,POOR,361,245
Smartphones,Apple,Cell Phone,iPhone Air,T-Mobile,256GB,GOOD,452,450
Smartphones,Apple,Cell Phone,iPhone Air,T-Mobile,256GB,MINT,506,490
Smartphones,Apple,Cell Phone,iPhone Air,AT&T,1TB,FAULTY,316,315
Smartphones,Apple,Cell Phone,iPhone Air,AT&T,1TB,POOR,521,315
Smartphones,Apple,Cell Phone,iPhone Air,AT&T,1TB,GOOD,590,590
Smartphones,Apple,Cell Phone,iPhone Air,AT&T,1TB,MINT,661,630
Smartphones,Apple,Cell Phone,iPhone Air,AT&T,512GB,FAULTY,286,285
Smartphones,Apple,Cell Phone,iPhone Air,AT&T,512GB,POOR,446,285
Smartphones,Apple,Cell Phone,iPhone Air,AT&T,512GB,GOOD,520,500
Smartphones,Apple,Cell Phone,iPhone Air,AT&T,512GB,MINT,586,560
Smartphones,Apple,Cell Phone,iPhone Air,AT&T,256GB,FAULTY,246,245
Smartphones,Apple,Cell Phone,iPhone Air,AT&T,256GB,POOR,386,245
Smartphones,Apple,Cell Phone,iPhone Air,AT&T,256GB,GOOD,460,450
Smartphones,Apple,Cell Phone,iPhone Air,AT&T,256GB,MINT,526,490
Smartphones,Apple,Cell Phone,iPhone Air,Verizon,1TB,FAULTY,316,315
Smartphones,Apple,Cell Phone,iPhone Air,Verizon,1TB,POOR,521,315
Smartphones,Apple,Cell Phone,iPhone Air,Verizon,1TB,GOOD,590,590
Smartphones,Apple,Cell Phone,iPhone Air,Verizon,1TB,MINT,661,630
Smartphones,Apple,Cell Phone,iPhone Air,Verizon,512GB,FAULTY,286,285
Smartphones,Apple,Cell Phone,iPhone Air,Verizon,512GB,POOR,446,285
Smartphones,Apple,Cell Phone,iPhone Air,Verizon,512GB,GOOD,515,500
Smartphones,Apple,Cell Phone,iPhone Air,Verizon,512GB,MINT,586,560
Smartphones,Apple,Cell Phone,iPhone Air,Verizon,256GB,FAULTY,246,245
Smartphones,Apple,Cell Phone,iPhone Air,Verizon,256GB,POOR,386,245
Smartphones,Apple,Cell Phone,iPhone Air,Verizon,256GB,GOOD,460,450
Smartphones,Apple,Cell Phone,iPhone Air,Verizon,256GB,MINT,526,490
Smartphones,Apple,Cell Phone,iPhone 17 Pro Max,Unlocked,2TB,FAULTY,903.4,455
Smartphones,Apple,Cell Phone,iPhone 17e,Unlocked,512GB,FAULTY,150,150
Smartphones,Apple,Cell Phone,iPhone 17e,Unlocked,512GB,POOR,306,150
Smartphones,Apple,Cell Phone,iPhone 17e,Unlocked,512GB,GOOD,425,425
Smartphones,Apple,Cell Phone,iPhone 17e,Unlocked,512GB,MINT,475,475
Smartphones,Apple,Cell Phone,iPhone 17e,Unlocked,256GB,FAULTY,111,110
Smartphones,Apple,Cell Phone,iPhone 17e,Unlocked,256GB,POOR,256,110
Smartphones,Apple,Cell Phone,iPhone 17e,Unlocked,256GB,GOOD,328,300
Smartphones,Apple,Cell Phone,iPhone 17e,Unlocked,256GB,MINT,383,365
Smartphones,Apple,Cell Phone,iPhone 17e,Other,512GB,FAULTY,101,100
Smartphones,Apple,Cell Phone,iPhone 17e,Other,512GB,POOR,156,100
Smartphones,Apple,Cell Phone,iPhone 17e,Other,512GB,GOOD,255,250
Smartphones,Apple,Cell Phone,iPhone 17e,Other,512GB,MINT,301,300
Smartphones,Apple,Cell Phone,iPhone 17e,Other,256GB,FAULTY,76,75
Smartphones,Apple,Cell Phone,iPhone 17e,Other,256GB,POOR,111,75
Smartphones,Apple,Cell Phone,iPhone 17e,Other,256GB,GOOD,192,175
Smartphones,Apple,Cell Phone,iPhone 17e,Other,256GB,MINT,226,225
Smartphones,Apple,Cell Phone,iPhone 17e,T-Mobile,512GB,FAULTY,126,125
Smartphones,Apple,Cell Phone,iPhone 17e,T-Mobile,512GB,POOR,189,125
Smartphones,Apple,Cell Phone,iPhone 17e,T-Mobile,512GB,GOOD,350,350
Smartphones,Apple,Cell Phone,iPhone 17e,T-Mobile,512GB,MINT,400,400
Smartphones,Apple,Cell Phone,iPhone 17e,T-Mobile,256GB,FAULTY,101,100
Smartphones,Apple,Cell Phone,iPhone 17e,T-Mobile,256GB,POOR,179,100
Smartphones,Apple,Cell Phone,iPhone 17e,T-Mobile,256GB,GOOD,292,275
Smartphones,Apple,Cell Phone,iPhone 17e,T-Mobile,256GB,MINT,344,325
Smartphones,Apple,Cell Phone,iPhone 17e,AT&T,512GB,FAULTY,126,125
Smartphones,Apple,Cell Phone,iPhone 17e,AT&T,512GB,POOR,206,125
Smartphones,Apple,Cell Phone,iPhone 17e,AT&T,512GB,GOOD,355,350
Smartphones,Apple,Cell Phone,iPhone 17e,AT&T,512GB,MINT,400,400
Smartphones,Apple,Cell Phone,iPhone 17e,AT&T,256GB,FAULTY,101,100
Smartphones,Apple,Cell Phone,iPhone 17e,AT&T,256GB,POOR,156,100
Smartphones,Apple,Cell Phone,iPhone 17e,AT&T,256GB,GOOD,280,275
Smartphones,Apple,Cell Phone,iPhone 17e,AT&T,256GB,MINT,326,325
Smartphones,Apple,Cell Phone,iPhone 17e,Verizon,512GB,FAULTY,126,125
Smartphones,Apple,Cell Phone,iPhone 17e,Verizon,512GB,POOR,206,125
Smartphones,Apple,Cell Phone,iPhone 17e,Verizon,512GB,GOOD,350,350
Smartphones,Apple,Cell Phone,iPhone 17e,Verizon,512GB,MINT,400,400
Smartphones,Apple,Cell Phone,iPhone 17e,Verizon,256GB,FAULTY,101,100
Smartphones,Apple,Cell Phone,iPhone 17e,Verizon,256GB,POOR,156,100
Smartphones,Apple,Cell Phone,iPhone 17e,Verizon,256GB,GOOD,277,275
Smartphones,Apple,Cell Phone,iPhone 17e,Verizon,256GB,MINT,326,325
Smartphones,Apple,Cell Phone,iPhone 17 Pro Max,Unlocked,2TB,POOR,1035,455
Smartphones,Apple,Cell Phone,iPhone 17 Pro Max,Unlocked,2TB,GOOD,1190,925
Smartphones,Apple,Cell Phone,iPhone 17 Pro Max,Unlocked,2TB,MINT,1223,1025
Smartphones,Apple,Cell Phone,iPhone 17 Pro Max,Unlocked,1TB,FAULTY,811.74,430
Smartphones,Apple,Cell Phone,iPhone 17 Pro Max,Unlocked,1TB,POOR,925,430
Smartphones,Apple,Cell Phone,iPhone 17 Pro Max,Unlocked,1TB,GOOD,1035,875
Smartphones,Apple,Cell Phone,iPhone 17 Pro Max,Unlocked,1TB,MINT,1118,950
Smartphones,Apple,Cell Phone,iPhone 17 Pro Max,Unlocked,512GB,FAULTY,708.98,380
Smartphones,Apple,Cell Phone,iPhone 17 Pro Max,Unlocked,512GB,POOR,860,380
Smartphones,Apple,Cell Phone,iPhone 17 Pro Max,Unlocked,512GB,GOOD,970,785
Smartphones,Apple,Cell Phone,iPhone 17 Pro Max,Unlocked,512GB,MINT,1051,880
Smartphones,Apple,Cell Phone,iPhone 17 Pro Max,Unlocked,256GB,FAULTY,560.76,330
Smartphones,Apple,Cell Phone,iPhone 17 Pro Max,Unlocked,256GB,POOR,760,330
Smartphones,Apple,Cell Phone,iPhone 17 Pro Max,Unlocked,256GB,GOOD,870,700
Smartphones,Apple,Cell Phone,iPhone 17 Pro Max,Unlocked,256GB,MINT,951,780
Smartphones,Apple,Cell Phone,iPhone 17 Pro Max,Other,2TB,FAULTY,798.05,280
Smartphones,Apple,Cell Phone,iPhone 17 Pro Max,Other,2TB,POOR,840,280
Smartphones,Apple,Cell Phone,iPhone 17 Pro Max,Other,2TB,GOOD,900,615
Smartphones,Apple,Cell Phone,iPhone 17 Pro Max,Other,2TB,MINT,910,655
Smartphones,Apple,Cell Phone,iPhone 17 Pro Max,Other,1TB,FAULTY,728.79,255
Smartphones,Apple,Cell Phone,iPhone 17 Pro Max,Other,1TB,POOR,765,255
Smartphones,Apple,Cell Phone,iPhone 17 Pro Max,Other,1TB,GOOD,820,540
Smartphones,Apple,Cell Phone,iPhone 17 Pro Max,Other,1TB,MINT,830,580
Smartphones,Apple,Cell Phone,iPhone 17 Pro Max,Other,512GB,FAULTY,629.35,240
Smartphones,Apple,Cell Phone,iPhone 17 Pro Max,Other,512GB,POOR,680,240
Smartphones,Apple,Cell Phone,iPhone 17 Pro Max,Other,512GB,GOOD,749.15,490
Smartphones,Apple,Cell Phone,iPhone 17 Pro Max,Other,512GB,MINT,760,530
Smartphones,Apple,Cell Phone,iPhone 17 Pro Max,Other,256GB,FAULTY,538.51,225
Smartphones,Apple,Cell Phone,iPhone 17 Pro Max,Other,256GB,POOR,580,225
Smartphones,Apple,Cell Phone,iPhone 17 Pro Max,Other,256GB,GOOD,639.54,450
Smartphones,Apple,Cell Phone,iPhone 17 Pro Max,Other,256GB,MINT,650,490
Smartphones,Apple,Cell Phone,iPhone 17 Pro Max,T-Mobile,2TB,FAULTY,845,425
Smartphones,Apple,Cell Phone,iPhone 17 Pro Max,T-Mobile,2TB,POOR,880,425
Smartphones,Apple,Cell Phone,iPhone 17 Pro Max,T-Mobile,2TB,GOOD,970,900
Smartphones,Apple,Cell Phone,iPhone 17 Pro Max,T-Mobile,2TB,MINT,1068,1000
Smartphones,Apple,Cell Phone,iPhone 17 Pro Max,T-Mobile,1TB,FAULTY,773.13,400
Smartphones,Apple,Cell Phone,iPhone 17 Pro Max,T-Mobile,1TB,POOR,820,400
Smartphones,Apple,Cell Phone,iPhone 17 Pro Max,T-Mobile,1TB,GOOD,930,775
Smartphones,Apple,Cell Phone,iPhone 17 Pro Max,T-Mobile,1TB,MINT,987,855
Smartphones,Apple,Cell Phone,iPhone 17 Pro Max,T-Mobile,512GB,FAULTY,667.38,360
Smartphones,Apple,Cell Phone,iPhone 17 Pro Max,T-Mobile,512GB,POOR,755,360
Smartphones,Apple,Cell Phone,iPhone 17 Pro Max,T-Mobile,512GB,GOOD,865,680
Smartphones,Apple,Cell Phone,iPhone 17 Pro Max,T-Mobile,512GB,MINT,927,760
Smartphones,Apple,Cell Phone,iPhone 17 Pro Max,T-Mobile,256GB,FAULTY,576.19,
Smartphones,Apple,Cell Phone,iPhone 17 Pro Max,T-Mobile,256GB,POOR,655,
Smartphones,Apple,Cell Phone,iPhone 17 Pro Max,T-Mobile,256GB,GOOD,765,
Smartphones,Apple,Cell Phone,iPhone 17 Pro Max,T-Mobile,256GB,MINT,822,
Smartphones,Apple,Cell Phone,iPhone 17 Pro Max,AT&T,2TB,FAULTY,823.8,425
Smartphones,Apple,Cell Phone,iPhone 17 Pro Max,AT&T,2TB,POOR,860,425
Smartphones,Apple,Cell Phone,iPhone 17 Pro Max,AT&T,2TB,GOOD,966,900
Smartphones,Apple,Cell Phone,iPhone 17 Pro Max,AT&T,2TB,MINT,1065,1000
Smartphones,Apple,Cell Phone,iPhone 17 Pro Max,AT&T,1TB,FAULTY,751.37,400
Smartphones,Apple,Cell Phone,iPhone 17 Pro Max,AT&T,1TB,POOR,805,400
Smartphones,Apple,Cell Phone,iPhone 17 Pro Max,AT&T,1TB,GOOD,915,775
Smartphones,Apple,Cell Phone,iPhone 17 Pro Max,AT&T,1TB,MINT,969,855
Smartphones,Apple,Cell Phone,iPhone 17 Pro Max,AT&T,512GB,FAULTY,650.53,360
Smartphones,Apple,Cell Phone,iPhone 17 Pro Max,AT&T,512GB,POOR,740,360
Smartphones,Apple,Cell Phone,iPhone 17 Pro Max,AT&T,512GB,GOOD,850,700
Smartphones,Apple,Cell Phone,iPhone 17 Pro Max,AT&T,512GB,MINT,914,780
Smartphones,Apple,Cell Phone,iPhone 17 Pro Max,AT&T,256GB,FAULTY,556.62,300
Smartphones,Apple,Cell Phone,iPhone 17 Pro Max,AT&T,256GB,POOR,640,300
Smartphones,Apple,Cell Phone,iPhone 17 Pro Max,AT&T,256GB,GOOD,750,605
Smartphones,Apple,Cell Phone,iPhone 17 Pro Max,AT&T,256GB,MINT,804,705
Smartphones,Apple,Cell Phone,iPhone 17 Pro Max,Verizon,2TB,FAULTY,820.75,425
Smartphones,Apple,Cell Phone,iPhone 17 Pro Max,Verizon,2TB,POOR,860,425
Smartphones,Apple,Cell Phone,iPhone 17 Pro Max,Verizon,2TB,GOOD,920,900
Smartphones,Apple,Cell Phone,iPhone 17 Pro Max,Verizon,2TB,MINT,1012,1000
Smartphones,Apple,Cell Phone,iPhone 17 Pro Max,Verizon,1TB,FAULTY,753.12,400
Smartphones,Apple,Cell Phone,iPhone 17 Pro Max,Verizon,1TB,POOR,785,400
Smartphones,Apple,Cell Phone,iPhone 17 Pro Max,Verizon,1TB,GOOD,840,775
Smartphones,Apple,Cell Phone,iPhone 17 Pro Max,Verizon,1TB,MINT,917,855
Smartphones,Apple,Cell Phone,iPhone 17 Pro Max,Verizon,512GB,FAULTY,646.21,360
Smartphones,Apple,Cell Phone,iPhone 17 Pro Max,Verizon,512GB,POOR,700,360
Smartphones,Apple,Cell Phone,iPhone 17 Pro Max,Verizon,512GB,GOOD,800,700
Smartphones,Apple,Cell Phone,iPhone 17 Pro Max,Verizon,512GB,MINT,887,780
Smartphones,Apple,Cell Phone,iPhone 17 Pro Max,Verizon,256GB,FAULTY,558.46,300
Smartphones,Apple,Cell Phone,iPhone 17 Pro Max,Verizon,256GB,POOR,600,300
Smartphones,Apple,Cell Phone,iPhone 17 Pro Max,Verizon,256GB,GOOD,735,605
Smartphones,Apple,Cell Phone,iPhone 17 Pro Max,Verizon,256GB,MINT,802,705
