Category,Brand,Type,Name,Network,Capacity,Condition,Maximum_Price,Buybackworld_Price
Smartphones,Samsung,Cell Phone,Galaxy A11,Unlocked,32GB,FAULTY,1,
Smartphones,Samsung,Cell Phone,Galaxy A11,Unlocked,32GB,POOR,2,
Smartphones,Samsung,Cell Phone,Galaxy A11,Unlocked,32GB,GOOD,4,2
Smartphones,Samsung,Cell Phone,Galaxy A11,Unlocked,32GB,MINT,5,4
Smartphones,Samsung,Cell Phone,Galaxy A11,Other,32GB,FAULTY,,
Smartphones,Samsung,Cell Phone,Galaxy A11,Other,32GB,POOR,,
Smartphones,Samsung,Cell Phone,Galaxy A11,Other,32GB,GOOD,,
Smartphones,Samsung,Cell Phone,Galaxy A11,Other,32GB,MINT,1,1
Smartphones,Samsung,Cell Phone,Galaxy A11,T-Mobile,32GB,FAULTY,1,
Smartphones,Samsung,Cell Phone,Galaxy A11,T-Mobile,32GB,POOR,1,
Smartphones,Samsung,Cell Phone,Galaxy A11,T-Mobile,32GB,GOOD,3,
Smartphones,Samsung,Cell Phone,Galaxy A11,T-Mobile,32GB,MINT,4,2
Smartphones,Samsung,Cell Phone,Galaxy A11,AT&T,32GB,FAULTY,1,
Smartphones,Samsung,Cell Phone,Galaxy A11,AT&T,32GB,POOR,1,
Smartphones,Samsung,Cell Phone,Galaxy A11,AT&T,32GB,GOOD,3,
Smartphones,Samsung,Cell Phone,Galaxy A11,AT&T,32GB,MINT,4,2
Smartphones,Samsung,Cell Phone,Galaxy A11,Verizon,32GB,FAULTY,1,
Smartphones,Samsung,Cell Phone,Galaxy A11,Verizon,32GB,POOR,1,
Smartphones,Samsung,Cell Phone,Galaxy A11,Verizon,32GB,GOOD,3,1
Smartphones,Samsung,Cell Phone,Galaxy A11,Verizon,32GB,MINT,4,3
Smartphones,Samsung,Cell Phone,Galaxy Xcover Pro,Unlocked,64GB,FAULTY,,
Smartphones,Samsung,Cell Phone,Galaxy Xcover Pro,Unlocked,64GB,POOR,,
Smartphones,Samsung,Cell Phone,Galaxy Xcover Pro,Unlocked,64GB,GOOD,2,2
Smartphones,Samsung,Cell Phone,Galaxy Xcover Pro,Unlocked,64GB,MINT,4,4
Smartphones,Samsung,Cell Phone,Galaxy Xcover Pro,Other,64GB,FAULTY,,
Smartphones,Samsung,Cell Phone,Galaxy Xcover Pro,Other,64GB,POOR,,
Smartphones,Samsung,Cell Phone,Galaxy Xcover Pro,Other,64GB,GOOD,,
Smartphones,Samsung,Cell Phone,Galaxy Xcover Pro,Other,64GB,MINT,,
Smartphones,Samsung,Cell Phone,Galaxy Xcover Pro,T-Mobile,64GB,FAULTY,,
Smartphones,Samsung,Cell Phone,Galaxy Xcover Pro,T-Mobile,64GB,POOR,,
Smartphones,Samsung,Cell Phone,Galaxy Xcover Pro,T-Mobile,64GB,GOOD,,
Smartphones,Samsung,Cell Phone,Galaxy Xcover Pro,T-Mobile,64GB,MINT,,
Smartphones,Samsung,Cell Phone,Galaxy Xcover Pro,AT&T,64GB,FAULTY,,
Smartphones,Samsung,Cell Phone,Galaxy Xcover Pro,AT&T,64GB,POOR,,
Smartphones,Samsung,Cell Phone,Galaxy Xcover Pro,AT&T,64GB,GOOD,1,1
Smartphones,Samsung,Cell Phone,Galaxy Xcover Pro,AT&T,64GB,MINT,2,2
Smartphones,Samsung,Cell Phone,Galaxy Xcover Pro,Verizon,64GB,FAULTY,,
Smartphones,Samsung,Cell Phone,Galaxy Xcover Pro,Verizon,64GB,POOR,,
Smartphones,Samsung,Cell Phone,Galaxy Xcover Pro,Verizon,64GB,GOOD,1,1
Smartphones,Samsung,Cell Phone,Galaxy Xcover Pro,Verizon,64GB,MINT,2,2
Smartphones,Samsung,Cell Phone,Galaxy J7 (2018),Unlocked,32GB,FAULTY,,
Smartphones,Samsung,Cell Phone,Galaxy J7 (2018),Unlocked,32GB,POOR,,
Smartphones,Samsung,Cell Phone,Galaxy J7 (2018),Unlocked,32GB,GOOD,2,2
Smartphones,Samsung,Cell Phone,Galaxy J7 (2018),Unlocked,32GB,MINT,5,5
Smartphones,Samsung,Cell Phone,Galaxy J7 (2018),Unlocked,16GB,FAULTY,,
Smartphones,Samsung,Cell Phone,Galaxy J7 (2018),Unlocked,16GB,POOR,,
Smartphones,Samsung,Cell Phone,Galaxy J7 (2018),Unlocked,16GB,GOOD,,
Smartphones,Samsung,Cell Phone,Galaxy J7 (2018),Unlocked,16GB,MINT,,
Smartphones,Samsung,Cell Phone,Galaxy J7 (2018),Other,32GB,FAULTY,,
Smartphones,Samsung,Cell Phone,Galaxy J7 (2018),Other,32GB,POOR,,
Smartphones,Samsung,Cell Phone,Galaxy J7 (2018),Other,32GB,GOOD,,
Smartphones,Samsung,Cell Phone,Galaxy J7 (2018),Other,32GB,MINT,,
Smartphones,Samsung,Cell Phone,Galaxy J7 (2018),Other,16GB,FAULTY,,
Smartphones,Samsung,Cell Phone,Galaxy J7 (2018),Other,16GB,POOR,,
Smartphones,Samsung,Cell Phone,Galaxy J7 (2018),Other,16GB,GOOD,,
Smartphones,Samsung,Cell Phone,Galaxy J7 (2018),Other,16GB,MINT,,
Smartphones,Samsung,Cell Phone,Galaxy J7 (2018),T-Mobile,32GB,FAULTY,,
Smartphones,Samsung,Cell Phone,Galaxy J7 (2018),T-Mobile,32GB,POOR,,
Smartphones,Samsung,Cell Phone,Galaxy J7 (2018),T-Mobile,32GB,GOOD,,
Smartphones,Samsung,Cell Phone,Galaxy J7 (2018),T-Mobile,32GB,MINT,,
Smartphones,Samsung,Cell Phone,Galaxy J7 (2018),T-Mobile,16GB,FAULTY,,
Smartphones,Samsung,Cell Phone,Galaxy J7 (2018),T-Mobile,16GB,POOR,,
Smartphones,Samsung,Cell Phone,Galaxy J7 (2018),T-Mobile,16GB,GOOD,,
Smartphones,Samsung,Cell Phone,Galaxy J7 (2018),T-Mobile,16GB,MINT,,
Smartphones,Samsung,Cell Phone,Galaxy J7 (2018),AT&T,32GB,FAULTY,,
Smartphones,Samsung,Cell Phone,Galaxy J7 (2018),AT&T,32GB,POOR,,
Smartphones,Samsung,Cell Phone,Galaxy J7 (2018),AT&T,32GB,GOOD,,
Smartphones,Samsung,Cell Phone,Galaxy J7 (2018),AT&T,32GB,MINT,,
Smartphones,Samsung,Cell Phone,Galaxy J7 (2018),AT&T,16GB,FAULTY,,
Smartphones,Samsung,Cell Phone,Galaxy J7 (2018),AT&T,16GB,POOR,,
Smartphones,Samsung,Cell Phone,Galaxy J7 (2018),AT&T,16GB,GOOD,1,1
Smartphones,Samsung,Cell Phone,Galaxy J7 (2018),AT&T,16GB,MINT,3,3
Smartphones,Samsung,Cell Phone,Galaxy J7 (2018),Verizon,32GB,FAULTY,,
Smartphones,Samsung,Cell Phone,Galaxy J7 (2018),Verizon,32GB,POOR,,
Smartphones,Samsung,Cell Phone,Galaxy J7 (2018),Verizon,32GB,GOOD,1,1
Smartphones,Samsung,Cell Phone,Galaxy J7 (2018),Verizon,32GB,MINT,3,3
Smartphones,Samsung,Cell Phone,Galaxy J7 (2018),Verizon,16GB,FAULTY,,
Smartphones,Samsung,Cell Phone,Galaxy J7 (2018),Verizon,16GB,POOR,,
Smartphones,Samsung,Cell Phone,Galaxy J7 (2018),Verizon,16GB,GOOD,1,1
Smartphones,Samsung,Cell Phone,Galaxy J7 (2018),Verizon,16GB,MINT,3,3
Smartphones,Samsung,Cell Phone,Galaxy Xcover Field Pro,Unlocked,64GB,FAULTY,,
Smartphones,Samsung,Cell Phone,Galaxy Xcover6 Pro,Unlocked,128GB,FAULTY,11,5
Smartphones,Samsung,Cell Phone,Galaxy Xcover6 Pro,Unlocked,128GB,POOR,33,5
Smartphones,Samsung,Cell Phone,Galaxy Xcover6 Pro,Unlocked,128GB,GOOD,60,60
Smartphones,Samsung,Cell Phone,Galaxy Xcover6 Pro,Unlocked,128GB,MINT,75,75
Smartphones,Samsung,Cell Phone,Galaxy Xcover6 Pro,Other,128GB,FAULTY,6,
Smartphones,Samsung,Cell Phone,Galaxy Xcover6 Pro,Other,128GB,POOR,6,
Smartphones,Samsung,Cell Phone,Galaxy Xcover6 Pro,Other,128GB,GOOD,19,
Smartphones,Samsung,Cell Phone,Galaxy Xcover6 Pro,Other,128GB,MINT,23,
Smartphones,Samsung,Cell Phone,Galaxy Xcover6 Pro,T-Mobile,128GB,FAULTY,6,
Smartphones,Samsung,Cell Phone,Galaxy Xcover6 Pro,T-Mobile,128GB,POOR,8,
Smartphones,Samsung,Cell Phone,Galaxy Xcover6 Pro,T-Mobile,128GB,GOOD,21,
Smartphones,Samsung,Cell Phone,Galaxy Xcover6 Pro,T-Mobile,128GB,MINT,32,
Smartphones,Samsung,Cell Phone,Galaxy Xcover6 Pro,AT&T,128GB,FAULTY,11,
Smartphones,Samsung,Cell Phone,Galaxy Xcover6 Pro,AT&T,128GB,POOR,11,
Smartphones,Samsung,Cell Phone,Galaxy Xcover6 Pro,AT&T,128GB,GOOD,27,
Smartphones,Samsung,Cell Phone,Galaxy Xcover6 Pro,AT&T,128GB,MINT,42,
Smartphones,Samsung,Cell Phone,Galaxy Xcover6 Pro,Verizon,128GB,FAULTY,11,
Smartphones,Samsung,Cell Phone,Galaxy Xcover6 Pro,Verizon,128GB,POOR,6,
Smartphones,Samsung,Cell Phone,Galaxy Xcover6 Pro,Verizon,128GB,GOOD,27,
Smartphones,Samsung,Cell Phone,Galaxy Xcover6 Pro,Verizon,128GB,MINT,42,
Smartphones,Samsung,Cell Phone,Galaxy Xcover Field Pro,Unlocked,64GB,POOR,,
Smartphones,Samsung,Cell Phone,Galaxy Xcover Field Pro,Unlocked,64GB,GOOD,,
Smartphones,Samsung,Cell Phone,Galaxy Xcover Field Pro,Unlocked,64GB,MINT,,
Smartphones,Samsung,Cell Phone,Galaxy Xcover Field Pro,Other,64GB,FAULTY,,
Smartphones,Samsung,Cell Phone,Galaxy Xcover Field Pro,Other,64GB,POOR,,
Smartphones,Samsung,Cell Phone,Galaxy Xcover Field Pro,Other,64GB,GOOD,,
Smartphones,Samsung,Cell Phone,Galaxy Xcover Field Pro,Other,64GB,MINT,,
Smartphones,Samsung,Cell Phone,Galaxy Xcover Field Pro,T-Mobile,64GB,FAULTY,,
Smartphones,Samsung,Cell Phone,Galaxy Xcover Field Pro,T-Mobile,64GB,POOR,,
Smartphones,Samsung,Cell Phone,Galaxy Xcover Field Pro,T-Mobile,64GB,GOOD,,
Smartphones,Samsung,Cell Phone,Galaxy Xcover Field Pro,T-Mobile,64GB,MINT,,
Smartphones,Samsung,Cell Phone,Galaxy Xcover Field Pro,AT&T,64GB,FAULTY,21,3
Smartphones,Samsung,Cell Phone,Galaxy Xcover Field Pro,AT&T,64GB,POOR,9,3
Smartphones,Samsung,Cell Phone,Galaxy Xcover Field Pro,AT&T,64GB,GOOD,42,37
Smartphones,Samsung,Cell Phone,Galaxy Xcover Field Pro,AT&T,64GB,MINT,51,45
Smartphones,Samsung,Cell Phone,Galaxy Xcover Field Pro,Verizon,64GB,FAULTY,,
Smartphones,Samsung,Cell Phone,Galaxy Xcover Field Pro,Verizon,64GB,POOR,,
Smartphones,Samsung,Cell Phone,Galaxy Xcover Field Pro,Verizon,64GB,GOOD,,
Smartphones,Samsung,Cell Phone,Galaxy Xcover Field Pro,Verizon,64GB,MINT,,
Smartphones,Samsung,Cell Phone,Galaxy Fold,Unlocked,512GB,FAULTY,25,10
Smartphones,Samsung,Cell Phone,Galaxy Xcover7 Pro,Unlocked,128GB,FAULTY,20,20
Smartphones,Samsung,Cell Phone,Galaxy Xcover7 Pro,Unlocked,128GB,POOR,60,20
Smartphones,Samsung,Cell Phone,Galaxy Xcover7 Pro,Unlocked,128GB,GOOD,150,150
Smartphones,Samsung,Cell Phone,Galaxy Xcover7 Pro,Unlocked,128GB,MINT,185,185
Smartphones,Samsung,Cell Phone,Galaxy Xcover7 Pro,Other,128GB,FAULTY,15,
Smartphones,Samsung,Cell Phone,Galaxy Xcover7 Pro,Other,128GB,POOR,10,
Smartphones,Samsung,Cell Phone,Galaxy Xcover7 Pro,Other,128GB,GOOD,80,
Smartphones,Samsung,Cell Phone,Galaxy Xcover7 Pro,Other,128GB,MINT,120,
Smartphones,Samsung,Cell Phone,Galaxy Xcover7 Pro,T-Mobile,128GB,FAULTY,15,15
Smartphones,Samsung,Cell Phone,Galaxy Xcover7 Pro,T-Mobile,128GB,POOR,20,15
Smartphones,Samsung,Cell Phone,Galaxy Xcover7 Pro,T-Mobile,128GB,GOOD,129,129
Smartphones,Samsung,Cell Phone,Galaxy Xcover7 Pro,T-Mobile,128GB,MINT,145,145
Smartphones,Samsung,Cell Phone,Galaxy Xcover7 Pro,AT&T,128GB,FAULTY,20,15
Smartphones,Samsung,Cell Phone,Galaxy Xcover7 Pro,AT&T,128GB,POOR,40,15
Smartphones,Samsung,Cell Phone,Galaxy Xcover7 Pro,AT&T,128GB,GOOD,135,135
Smartphones,Samsung,Cell Phone,Galaxy Xcover7 Pro,AT&T,128GB,MINT,165,165
Smartphones,Samsung,Cell Phone,Galaxy Xcover7 Pro,Verizon,128GB,FAULTY,20,15
Smartphones,Samsung,Cell Phone,Galaxy Xcover7 Pro,Verizon,128GB,POOR,40,15
Smartphones,Samsung,Cell Phone,Galaxy Xcover7 Pro,Verizon,128GB,GOOD,130,130
Smartphones,Samsung,Cell Phone,Galaxy Xcover7 Pro,Verizon,128GB,MINT,160,160
Smartphones,Samsung,Cell Phone,Galaxy Fold,Unlocked,512GB,POOR,60,10
Smartphones,Samsung,Cell Phone,Galaxy Fold,Unlocked,512GB,GOOD,89,50
Smartphones,Samsung,Cell Phone,Galaxy Fold,Unlocked,512GB,MINT,105,65
Smartphones,Samsung,Cell Phone,Galaxy Fold,Other,512GB,FAULTY,9,
Smartphones,Samsung,Cell Phone,Galaxy Fold,Other,512GB,POOR,26,
Smartphones,Samsung,Cell Phone,Galaxy Fold,Other,512GB,GOOD,45,
Smartphones,Samsung,Cell Phone,Galaxy Fold,Other,512GB,MINT,53,
Smartphones,Samsung,Cell Phone,Galaxy Fold,T-Mobile,512GB,FAULTY,17,
Smartphones,Samsung,Cell Phone,Galaxy Fold,T-Mobile,512GB,POOR,50,
Smartphones,Samsung,Cell Phone,Galaxy Fold,T-Mobile,512GB,GOOD,83,
Smartphones,Samsung,Cell Phone,Galaxy Fold,T-Mobile,512GB,MINT,87,
Smartphones,Samsung,Cell Phone,Galaxy Fold,AT&T,512GB,FAULTY,18,5
Smartphones,Samsung,Cell Phone,Galaxy Fold,AT&T,512GB,POOR,60,5
Smartphones,Samsung,Cell Phone,Galaxy Fold,AT&T,512GB,GOOD,87,40
Smartphones,Samsung,Cell Phone,Galaxy Fold,AT&T,512GB,MINT,102,55
Smartphones,Samsung,Cell Phone,Galaxy Fold,Verizon,512GB,FAULTY,5,
Smartphones,Samsung,Cell Phone,Galaxy Fold,Verizon,512GB,POOR,12,
Smartphones,Samsung,Cell Phone,Galaxy Fold,Verizon,512GB,GOOD,21,
Smartphones,Samsung,Cell Phone,Galaxy Fold,Verizon,512GB,MINT,24,
Smartphones,Samsung,Cell Phone,Galaxy A8,Unlocked,32GB,FAULTY,1,1
Smartphones,Samsung,Cell Phone,Galaxy A9,Unlocked,128GB,FAULTY,,
Smartphones,Samsung,Cell Phone,Galaxy A9,Unlocked,128GB,POOR,,
Smartphones,Samsung,Cell Phone,Galaxy A9,Unlocked,128GB,GOOD,11.25,
Smartphones,Samsung,Cell Phone,Galaxy A9,Unlocked,128GB,MINT,15,
Smartphones,Samsung,Cell Phone,Galaxy A9,Unlocked,64GB,FAULTY,,
Smartphones,Samsung,Cell Phone,Galaxy A9,Unlocked,64GB,POOR,,
Smartphones,Samsung,Cell Phone,Galaxy A9,Unlocked,64GB,GOOD,7.5,
Smartphones,Samsung,Cell Phone,Galaxy A9,Unlocked,64GB,MINT,10,
Smartphones,Samsung,Cell Phone,Galaxy A9,Other,128GB,FAULTY,,
Smartphones,Samsung,Cell Phone,Galaxy A9,Other,128GB,POOR,,
Smartphones,Samsung,Cell Phone,Galaxy A9,Other,128GB,GOOD,5.63,
Smartphones,Samsung,Cell Phone,Galaxy A9,Other,128GB,MINT,7.5,
Smartphones,Samsung,Cell Phone,Galaxy A9,Other,64GB,FAULTY,,
Smartphones,Samsung,Cell Phone,Galaxy A9,Other,64GB,POOR,,
Smartphones,Samsung,Cell Phone,Galaxy A9,Other,64GB,GOOD,3.75,
Smartphones,Samsung,Cell Phone,Galaxy A9,Other,64GB,MINT,5,
Smartphones,Samsung,Cell Phone,Galaxy A9,T-Mobile,128GB,FAULTY,,
Smartphones,Samsung,Cell Phone,Galaxy A9,T-Mobile,128GB,POOR,,
Smartphones,Samsung,Cell Phone,Galaxy A9,T-Mobile,128GB,GOOD,8.44,
Smartphones,Samsung,Cell Phone,Galaxy A9,T-Mobile,128GB,MINT,11.25,
Smartphones,Samsung,Cell Phone,Galaxy A9,T-Mobile,64GB,FAULTY,,
Smartphones,Samsung,Cell Phone,Galaxy A9,T-Mobile,64GB,POOR,,
Smartphones,Samsung,Cell Phone,Galaxy A9,T-Mobile,64GB,GOOD,5.63,
Smartphones,Samsung,Cell Phone,Galaxy A9,T-Mobile,64GB,MINT,7.5,
Smartphones,Samsung,Cell Phone,Galaxy A9,AT&T,128GB,FAULTY,,
Smartphones,Samsung,Cell Phone,Galaxy A9,AT&T,128GB,POOR,,
Smartphones,Samsung,Cell Phone,Galaxy A9,AT&T,128GB,GOOD,8.44,
Smartphones,Samsung,Cell Phone,Galaxy A9,AT&T,128GB,MINT,11.25,
Smartphones,Samsung,Cell Phone,Galaxy A9,AT&T,64GB,FAULTY,,
Smartphones,Samsung,Cell Phone,Galaxy A9,AT&T,64GB,POOR,,
Smartphones,Samsung,Cell Phone,Galaxy A9,AT&T,64GB,GOOD,5.63,
Smartphones,Samsung,Cell Phone,Galaxy A9,AT&T,64GB,MINT,7.5,
Smartphones,Samsung,Cell Phone,Galaxy A9,Verizon,128GB,FAULTY,,
Smartphones,Samsung,Cell Phone,Galaxy A9,Verizon,128GB,POOR,,
Smartphones,Samsung,Cell Phone,Galaxy A9,Verizon,128GB,GOOD,8.44,
Smartphones,Samsung,Cell Phone,Galaxy A9,Verizon,128GB,MINT,11.25,
Smartphones,Samsung,Cell Phone,Galaxy A9,Verizon,64GB,FAULTY,,
Smartphones,Samsung,Cell Phone,Galaxy A9,Verizon,64GB,POOR,,
Smartphones,Samsung,Cell Phone,Galaxy A9,Verizon,64GB,GOOD,5.63,
Smartphones,Samsung,Cell Phone,Galaxy A9,Verizon,64GB,MINT,7.5,
Smartphones,Samsung,Cell Phone,Galaxy A8,Unlocked,32GB,POOR,1,1
Smartphones,Samsung,Cell Phone,Galaxy A8,Unlocked,32GB,GOOD,2,2
Smartphones,Samsung,Cell Phone,Galaxy A8,Unlocked,32GB,MINT,7,7
Smartphones,Samsung,Cell Phone,Galaxy A8,Other,32GB,FAULTY,,
Smartphones,Samsung,Cell Phone,Galaxy A8,Other,32GB,POOR,,
Smartphones,Samsung,Cell Phone,Galaxy A8,Other,32GB,GOOD,,
Smartphones,Samsung,Cell Phone,Galaxy A8,Other,32GB,MINT,,
Smartphones,Samsung,Cell Phone,Galaxy A8,T-Mobile,32GB,FAULTY,,
Smartphones,Samsung,Cell Phone,Galaxy A8,T-Mobile,32GB,POOR,,
Smartphones,Samsung,Cell Phone,Galaxy A8,T-Mobile,32GB,GOOD,,
Smartphones,Samsung,Cell Phone,Galaxy A8,T-Mobile,32GB,MINT,,
Smartphones,Samsung,Cell Phone,Galaxy A8,AT&T,32GB,FAULTY,,
Smartphones,Samsung,Cell Phone,Galaxy A8,AT&T,32GB,POOR,,
Smartphones,Samsung,Cell Phone,Galaxy A8,AT&T,32GB,GOOD,,
Smartphones,Samsung,Cell Phone,Galaxy A8,AT&T,32GB,MINT,,
Smartphones,Samsung,Cell Phone,Galaxy A8,Verizon,32GB,FAULTY,,
Smartphones,Samsung,Cell Phone,Galaxy A8,Verizon,32GB,POOR,,
Smartphones,Samsung,Cell Phone,Galaxy A8,Verizon,32GB,GOOD,,
Smartphones,Samsung,Cell Phone,Galaxy A8,Verizon,32GB,MINT,,
Smartphones,Samsung,Cell Phone,Galaxy A7,Unlocked,32GB,FAULTY,,
Smartphones,Samsung,Cell Phone,Galaxy A7,Unlocked,32GB,POOR,,
Smartphones,Samsung,Cell Phone,Galaxy A7,Unlocked,32GB,GOOD,12,12
Smartphones,Samsung,Cell Phone,Galaxy A7,Unlocked,32GB,MINT,15,15
Smartphones,Samsung,Cell Phone,Galaxy A7,Other,32GB,FAULTY,,
Smartphones,Samsung,Cell Phone,Galaxy A7,Other,32GB,POOR,,
Smartphones,Samsung,Cell Phone,Galaxy A7,Other,32GB,GOOD,,
Smartphones,Samsung,Cell Phone,Galaxy A7,Other,32GB,MINT,,
Smartphones,Samsung,Cell Phone,Galaxy A7,T-Mobile,32GB,FAULTY,,
Smartphones,Samsung,Cell Phone,Galaxy A7,T-Mobile,32GB,POOR,,
Smartphones,Samsung,Cell Phone,Galaxy A7,T-Mobile,32GB,GOOD,,
Smartphones,Samsung,Cell Phone,Galaxy A7,T-Mobile,32GB,MINT,,
Smartphones,Samsung,Cell Phone,Galaxy A7,AT&T,32GB,FAULTY,,
Smartphones,Samsung,Cell Phone,Galaxy A7,AT&T,32GB,POOR,,
Smartphones,Samsung,Cell Phone,Galaxy A7,AT&T,32GB,GOOD,,
Smartphones,Samsung,Cell Phone,Galaxy A7,AT&T,32GB,MINT,,
Smartphones,Samsung,Cell Phone,Galaxy A7,Verizon,32GB,FAULTY,,
Smartphones,Samsung,Cell Phone,Galaxy A7,Verizon,32GB,POOR,,
Smartphones,Samsung,Cell Phone,Galaxy A7,Verizon,32GB,GOOD,,
Smartphones,Samsung,Cell Phone,Galaxy A7,Verizon,32GB,MINT,,
Smartphones,Samsung,Cell Phone,Galaxy A10e,Unlocked,32GB,FAULTY,1,
Smartphones,Samsung,Cell Phone,Galaxy A30s,Unlocked,128GB,FAULTY,,
Smartphones,Samsung,Cell Phone,Galaxy A30s,Unlocked,128GB,POOR,,
Smartphones,Samsung,Cell Phone,Galaxy A30s,Unlocked,128GB,GOOD,7,
Smartphones,Samsung,Cell Phone,Galaxy A30s,Unlocked,128GB,MINT,17,
Smartphones,Samsung,Cell Phone,Galaxy A30s,Unlocked,64GB,FAULTY,1,
Smartphones,Samsung,Cell Phone,Galaxy A30s,Unlocked,64GB,POOR,3,
Smartphones,Samsung,Cell Phone,Galaxy A30s,Unlocked,64GB,GOOD,10,
Smartphones,Samsung,Cell Phone,Galaxy A30s,Unlocked,64GB,MINT,18,
Smartphones,Samsung,Cell Phone,Galaxy A30s,Other,128GB,FAULTY,,
Smartphones,Samsung,Cell Phone,Galaxy A30s,Other,128GB,POOR,,
Smartphones,Samsung,Cell Phone,Galaxy A30s,Other,128GB,GOOD,,
Smartphones,Samsung,Cell Phone,Galaxy A30s,Other,128GB,MINT,,
Smartphones,Samsung,Cell Phone,Galaxy A30s,Other,64GB,FAULTY,,
Smartphones,Samsung,Cell Phone,Galaxy A30s,Other,64GB,POOR,,
Smartphones,Samsung,Cell Phone,Galaxy A30s,Other,64GB,GOOD,,
Smartphones,Samsung,Cell Phone,Galaxy A30s,Other,64GB,MINT,,
Smartphones,Samsung,Cell Phone,Galaxy A30s,T-Mobile,128GB,FAULTY,,
Smartphones,Samsung,Cell Phone,Galaxy A30s,T-Mobile,128GB,POOR,,
Smartphones,Samsung,Cell Phone,Galaxy A30s,T-Mobile,128GB,GOOD,,
Smartphones,Samsung,Cell Phone,Galaxy A30s,T-Mobile,128GB,MINT,,
Smartphones,Samsung,Cell Phone,Galaxy A30s,T-Mobile,64GB,FAULTY,1,
Smartphones,Samsung,Cell Phone,Galaxy A30s,T-Mobile,64GB,POOR,4,
Smartphones,Samsung,Cell Phone,Galaxy A30s,T-Mobile,64GB,GOOD,7,
Smartphones,Samsung,Cell Phone,Galaxy A30s,T-Mobile,64GB,MINT,9,
Smartphones,Samsung,Cell Phone,Galaxy A30s,AT&T,128GB,FAULTY,,
Smartphones,Samsung,Cell Phone,Galaxy A30s,AT&T,128GB,POOR,,
Smartphones,Samsung,Cell Phone,Galaxy A30s,AT&T,128GB,GOOD,,
Smartphones,Samsung,Cell Phone,Galaxy A30s,AT&T,128GB,MINT,,
Smartphones,Samsung,Cell Phone,Galaxy A30s,AT&T,64GB,FAULTY,1,
Smartphones,Samsung,Cell Phone,Galaxy A30s,AT&T,64GB,POOR,4,
Smartphones,Samsung,Cell Phone,Galaxy A30s,AT&T,64GB,GOOD,7,
Smartphones,Samsung,Cell Phone,Galaxy A30s,AT&T,64GB,MINT,9,
Smartphones,Samsung,Cell Phone,Galaxy A30s,Verizon,128GB,FAULTY,,
Smartphones,Samsung,Cell Phone,Galaxy A30s,Verizon,128GB,POOR,,
Smartphones,Samsung,Cell Phone,Galaxy A30s,Verizon,128GB,GOOD,,
Smartphones,Samsung,Cell Phone,Galaxy A30s,Verizon,128GB,MINT,,
Smartphones,Samsung,Cell Phone,Galaxy A30s,Verizon,64GB,FAULTY,1,
Smartphones,Samsung,Cell Phone,Galaxy A30s,Verizon,64GB,POOR,4,
Smartphones,Samsung,Cell Phone,Galaxy A30s,Verizon,64GB,GOOD,7,
Smartphones,Samsung,Cell Phone,Galaxy A30s,Verizon,64GB,MINT,9,
Smartphones,Samsung,Cell Phone,Galaxy A10e,Unlocked,32GB,POOR,2,
Smartphones,Samsung,Cell Phone,Galaxy A10e,Unlocked,32GB,GOOD,11.25,
Smartphones,Samsung,Cell Phone,Galaxy A10e,Unlocked,32GB,MINT,15,
Smartphones,Samsung,Cell Phone,Galaxy A10e,Other,32GB,FAULTY,,
Smartphones,Samsung,Cell Phone,Galaxy A10e,Other,32GB,POOR,,
Smartphones,Samsung,Cell Phone,Galaxy A10e,Other,32GB,GOOD,5.63,
Smartphones,Samsung,Cell Phone,Galaxy A10e,Other,32GB,MINT,7.5,
Smartphones,Samsung,Cell Phone,Galaxy A10e,T-Mobile,32GB,FAULTY,1,
Smartphones,Samsung,Cell Phone,Galaxy A10e,T-Mobile,32GB,POOR,1,
Smartphones,Samsung,Cell Phone,Galaxy A10e,T-Mobile,32GB,GOOD,8.44,
Smartphones,Samsung,Cell Phone,Galaxy A10e,T-Mobile,32GB,MINT,11.25,
Smartphones,Samsung,Cell Phone,Galaxy A10e,AT&T,32GB,FAULTY,1,
Smartphones,Samsung,Cell Phone,Galaxy A10e,AT&T,32GB,POOR,1,
Smartphones,Samsung,Cell Phone,Galaxy A10e,AT&T,32GB,GOOD,8.44,
Smartphones,Samsung,Cell Phone,Galaxy A10e,AT&T,32GB,MINT,11.25,
Smartphones,Samsung,Cell Phone,Galaxy A10e,Verizon,32GB,FAULTY,1,
Smartphones,Samsung,Cell Phone,Galaxy A10e,Verizon,32GB,POOR,1,
Smartphones,Samsung,Cell Phone,Galaxy A10e,Verizon,32GB,GOOD,8.44,1
Smartphones,Samsung,Cell Phone,Galaxy A10e,Verizon,32GB,MINT,11.25,2
Smartphones,Samsung,Cell Phone,Galaxy A30,Unlocked,64GB,FAULTY,1,
Smartphones,Samsung,Cell Phone,Galaxy A20,Unlocked,32GB,FAULTY,1,
Smartphones,Samsung,Cell Phone,Galaxy A20,Unlocked,32GB,POOR,5,
Smartphones,Samsung,Cell Phone,Galaxy A20,Unlocked,32GB,GOOD,19.8,10
Smartphones,Samsung,Cell Phone,Galaxy A20,Unlocked,32GB,MINT,22,14
Smartphones,Samsung,Cell Phone,Galaxy A20,Other,32GB,FAULTY,1,
Smartphones,Samsung,Cell Phone,Galaxy A20,Other,32GB,POOR,2,
Smartphones,Samsung,Cell Phone,Galaxy A20,Other,32GB,GOOD,13.5,
Smartphones,Samsung,Cell Phone,Galaxy A20,Other,32GB,MINT,15,1
Smartphones,Samsung,Cell Phone,Galaxy A20,T-Mobile,32GB,FAULTY,1,
Smartphones,Samsung,Cell Phone,Galaxy A20,T-Mobile,32GB,POOR,3,
Smartphones,Samsung,Cell Phone,Galaxy A20,T-Mobile,32GB,GOOD,18,7
Smartphones,Samsung,Cell Phone,Galaxy A20,T-Mobile,32GB,MINT,20,10
Smartphones,Samsung,Cell Phone,Galaxy A20,AT&T,32GB,FAULTY,1,
Smartphones,Samsung,Cell Phone,Galaxy A20,AT&T,32GB,POOR,3,
Smartphones,Samsung,Cell Phone,Galaxy A20,AT&T,32GB,GOOD,18,8
Smartphones,Samsung,Cell Phone,Galaxy A20,AT&T,32GB,MINT,20,12
Smartphones,Samsung,Cell Phone,Galaxy A20,Verizon,32GB,FAULTY,1,
Smartphones,Samsung,Cell Phone,Galaxy A20,Verizon,32GB,POOR,3,
Smartphones,Samsung,Cell Phone,Galaxy A20,Verizon,32GB,GOOD,18,8
Smartphones,Samsung,Cell Phone,Galaxy A20,Verizon,32GB,MINT,20,12
Smartphones,Samsung,Cell Phone,Galaxy A30,Unlocked,64GB,POOR,3,
Smartphones,Samsung,Cell Phone,Galaxy A30,Unlocked,64GB,GOOD,15,
Smartphones,Samsung,Cell Phone,Galaxy A30,Unlocked,64GB,MINT,20,
Smartphones,Samsung,Cell Phone,Galaxy A30,Unlocked,32GB,FAULTY,1,
Smartphones,Samsung,Cell Phone,Galaxy A30,Unlocked,32GB,POOR,3,
Smartphones,Samsung,Cell Phone,Galaxy A30,Unlocked,32GB,GOOD,11.25,
Smartphones,Samsung,Cell Phone,Galaxy A30,Unlocked,32GB,MINT,15,
Smartphones,Samsung,Cell Phone,Galaxy A30,Other,64GB,FAULTY,,
Smartphones,Samsung,Cell Phone,Galaxy A30,Other,64GB,POOR,1,
Smartphones,Samsung,Cell Phone,Galaxy A30,Other,64GB,GOOD,7.5,
Smartphones,Samsung,Cell Phone,Galaxy A30,Other,64GB,MINT,10,
Smartphones,Samsung,Cell Phone,Galaxy A30,Other,32GB,FAULTY,,
Smartphones,Samsung,Cell Phone,Galaxy A30,Other,32GB,POOR,1,
Smartphones,Samsung,Cell Phone,Galaxy A30,Other,32GB,GOOD,5.63,
Smartphones,Samsung,Cell Phone,Galaxy A30,Other,32GB,MINT,7.5,
Smartphones,Samsung,Cell Phone,Galaxy A30,T-Mobile,64GB,FAULTY,1,
Smartphones,Samsung,Cell Phone,Galaxy A30,T-Mobile,64GB,POOR,3,
Smartphones,Samsung,Cell Phone,Galaxy A30,T-Mobile,64GB,GOOD,11.25,
Smartphones,Samsung,Cell Phone,Galaxy A30,T-Mobile,64GB,MINT,15,
Smartphones,Samsung,Cell Phone,Galaxy A30,T-Mobile,32GB,FAULTY,1,
Smartphones,Samsung,Cell Phone,Galaxy A30,T-Mobile,32GB,POOR,2,
Smartphones,Samsung,Cell Phone,Galaxy A30,T-Mobile,32GB,GOOD,8.44,
Smartphones,Samsung,Cell Phone,Galaxy A30,T-Mobile,32GB,MINT,11.25,
Smartphones,Samsung,Cell Phone,Galaxy A30,AT&T,64GB,FAULTY,1,
Smartphones,Samsung,Cell Phone,Galaxy A30,AT&T,64GB,POOR,3,
Smartphones,Samsung,Cell Phone,Galaxy A30,AT&T,64GB,GOOD,11.25,
Smartphones,Samsung,Cell Phone,Galaxy A30,AT&T,64GB,MINT,15,
Smartphones,Samsung,Cell Phone,Galaxy A30,AT&T,32GB,FAULTY,1,
Smartphones,Samsung,Cell Phone,Galaxy A30,AT&T,32GB,POOR,3,
Smartphones,Samsung,Cell Phone,Galaxy A30,AT&T,32GB,GOOD,8.44,
Smartphones,Samsung,Cell Phone,Galaxy A30,AT&T,32GB,MINT,11.25,
Smartphones,Samsung,Cell Phone,Galaxy A30,Verizon,64GB,FAULTY,1,
Smartphones,Samsung,Cell Phone,Galaxy A30,Verizon,64GB,POOR,3,
Smartphones,Samsung,Cell Phone,Galaxy A30,Verizon,64GB,GOOD,11.25,
Smartphones,Samsung,Cell Phone,Galaxy A30,Verizon,64GB,MINT,15,
Smartphones,Samsung,Cell Phone,Galaxy A30,Verizon,32GB,FAULTY,1,
Smartphones,Samsung,Cell Phone,Galaxy A30,Verizon,32GB,POOR,3,
Smartphones,Samsung,Cell Phone,Galaxy A30,Verizon,32GB,GOOD,8.44,
Smartphones,Samsung,Cell Phone,Galaxy A30,Verizon,32GB,MINT,11.25,
Smartphones,Samsung,Cell Phone,Galaxy A50,Unlocked,128GB,FAULTY,1,
Smartphones,Samsung,Cell Phone,Galaxy A51 4G,Unlocked,256GB,FAULTY,1,
Smartphones,Samsung,Cell Phone,Galaxy A51 4G,Unlocked,256GB,POOR,3,
Smartphones,Samsung,Cell Phone,Galaxy A51 4G,Unlocked,256GB,GOOD,22.5,9
Smartphones,Samsung,Cell Phone,Galaxy A51 4G,Unlocked,256GB,MINT,30,14
Smartphones,Samsung,Cell Phone,Galaxy A51 4G,Unlocked,128GB,FAULTY,2,
Smartphones,Samsung,Cell Phone,Galaxy A51 4G,Unlocked,128GB,POOR,9,
Smartphones,Samsung,Cell Phone,Galaxy A51 4G,Unlocked,128GB,GOOD,18.75,9
Smartphones,Samsung,Cell Phone,Galaxy A51 4G,Unlocked,128GB,MINT,25,14
Smartphones,Samsung,Cell Phone,Galaxy A51 4G,Unlocked,64GB,FAULTY,2,
Smartphones,Samsung,Cell Phone,Galaxy A51 4G,Unlocked,64GB,POOR,8,
Smartphones,Samsung,Cell Phone,Galaxy A51 4G,Unlocked,64GB,GOOD,15,9
Smartphones,Samsung,Cell Phone,Galaxy A51 4G,Unlocked,64GB,MINT,20,14
Smartphones,Samsung,Cell Phone,Galaxy A51 4G,Other,256GB,FAULTY,1,
Smartphones,Samsung,Cell Phone,Galaxy A51 4G,Other,256GB,POOR,2,
Smartphones,Samsung,Cell Phone,Galaxy A51 4G,Other,256GB,GOOD,11.25,
Smartphones,Samsung,Cell Phone,Galaxy A51 4G,Other,256GB,MINT,15,
Smartphones,Samsung,Cell Phone,Galaxy A51 4G,Other,128GB,FAULTY,1,
Smartphones,Samsung,Cell Phone,Galaxy A51 4G,Other,128GB,POOR,2,
Smartphones,Samsung,Cell Phone,Galaxy A51 4G,Other,128GB,GOOD,9.38,
Smartphones,Samsung,Cell Phone,Galaxy A51 4G,Other,128GB,MINT,12.5,
Smartphones,Samsung,Cell Phone,Galaxy A51 4G,Other,64GB,FAULTY,1,
Smartphones,Samsung,Cell Phone,Galaxy A51 4G,Other,64GB,POOR,2,
Smartphones,Samsung,Cell Phone,Galaxy A51 4G,Other,64GB,GOOD,7.5,
Smartphones,Samsung,Cell Phone,Galaxy A51 4G,Other,64GB,MINT,10,
Smartphones,Samsung,Cell Phone,Galaxy A51 4G,T-Mobile,256GB,FAULTY,,
Smartphones,Samsung,Cell Phone,Galaxy A51 4G,T-Mobile,256GB,POOR,,
Smartphones,Samsung,Cell Phone,Galaxy A51 4G,T-Mobile,256GB,GOOD,16.88,
Smartphones,Samsung,Cell Phone,Galaxy A51 4G,T-Mobile,256GB,MINT,22.5,
Smartphones,Samsung,Cell Phone,Galaxy A51 4G,T-Mobile,128GB,FAULTY,1,
Smartphones,Samsung,Cell Phone,Galaxy A51 4G,T-Mobile,128GB,POOR,8,
Smartphones,Samsung,Cell Phone,Galaxy A51 4G,T-Mobile,128GB,GOOD,14.06,
Smartphones,Samsung,Cell Phone,Galaxy A51 4G,T-Mobile,128GB,MINT,18.75,
Smartphones,Samsung,Cell Phone,Galaxy A51 4G,T-Mobile,64GB,FAULTY,1,
Smartphones,Samsung,Cell Phone,Galaxy A51 4G,T-Mobile,64GB,POOR,8,
Smartphones,Samsung,Cell Phone,Galaxy A51 4G,T-Mobile,64GB,GOOD,11.25,
Smartphones,Samsung,Cell Phone,Galaxy A51 4G,T-Mobile,64GB,MINT,15,
Smartphones,Samsung,Cell Phone,Galaxy A51 4G,AT&T,256GB,FAULTY,1,
Smartphones,Samsung,Cell Phone,Galaxy A51 4G,AT&T,256GB,POOR,2,
Smartphones,Samsung,Cell Phone,Galaxy A51 4G,AT&T,256GB,GOOD,16.88,7
Smartphones,Samsung,Cell Phone,Galaxy A51 4G,AT&T,256GB,MINT,22.5,12
Smartphones,Samsung,Cell Phone,Galaxy A51 4G,AT&T,128GB,FAULTY,1,
Smartphones,Samsung,Cell Phone,Galaxy A51 4G,AT&T,128GB,POOR,8,
Smartphones,Samsung,Cell Phone,Galaxy A51 4G,AT&T,128GB,GOOD,14.06,7
Smartphones,Samsung,Cell Phone,Galaxy A51 4G,AT&T,128GB,MINT,18.75,12
Smartphones,Samsung,Cell Phone,Galaxy A51 4G,AT&T,64GB,FAULTY,1,
Smartphones,Samsung,Cell Phone,Galaxy A51 4G,AT&T,64GB,POOR,8,
Smartphones,Samsung,Cell Phone,Galaxy A51 4G,AT&T,64GB,GOOD,11.25,7
Smartphones,Samsung,Cell Phone,Galaxy A51 4G,AT&T,64GB,MINT,15,12
Smartphones,Samsung,Cell Phone,Galaxy A51 4G,Verizon,256GB,FAULTY,,
Smartphones,Samsung,Cell Phone,Galaxy A51 4G,Verizon,256GB,POOR,1,
Smartphones,Samsung,Cell Phone,Galaxy A51 4G,Verizon,256GB,GOOD,16.88,7
Smartphones,Samsung,Cell Phone,Galaxy A51 4G,Verizon,256GB,MINT,22.5,12
Smartphones,Samsung,Cell Phone,Galaxy A51 4G,Verizon,128GB,FAULTY,1,
Smartphones,Samsung,Cell Phone,Galaxy A51 4G,Verizon,128GB,POOR,8,
Smartphones,Samsung,Cell Phone,Galaxy A51 4G,Verizon,128GB,GOOD,14.06,7
Smartphones,Samsung,Cell Phone,Galaxy A51 4G,Verizon,128GB,MINT,18.75,12
Smartphones,Samsung,Cell Phone,Galaxy A51 4G,Verizon,64GB,FAULTY,1,
Smartphones,Samsung,Cell Phone,Galaxy A51 4G,Verizon,64GB,POOR,8,
Smartphones,Samsung,Cell Phone,Galaxy A51 4G,Verizon,64GB,GOOD,11.25,7
Smartphones,Samsung,Cell Phone,Galaxy A51 4G,Verizon,64GB,MINT,15,12
Smartphones,Samsung,Cell Phone,Galaxy A50,Unlocked,128GB,POOR,6,
Smartphones,Samsung,Cell Phone,Galaxy A50,Unlocked,128GB,GOOD,18.75,5
Smartphones,Samsung,Cell Phone,Galaxy A50,Unlocked,128GB,MINT,25,7
Smartphones,Samsung,Cell Phone,Galaxy A50,Unlocked,64GB,FAULTY,1,
Smartphones,Samsung,Cell Phone,Galaxy A50,Unlocked,64GB,POOR,5,
Smartphones,Samsung,Cell Phone,Galaxy A50,Unlocked,64GB,GOOD,15,5
Smartphones,Samsung,Cell Phone,Galaxy A50,Unlocked,64GB,MINT,20,7
Smartphones,Samsung,Cell Phone,Galaxy A50,Other,128GB,FAULTY,,
Smartphones,Samsung,Cell Phone,Galaxy A50,Other,128GB,POOR,1,
Smartphones,Samsung,Cell Phone,Galaxy A50,Other,128GB,GOOD,9.38,1
Smartphones,Samsung,Cell Phone,Galaxy A50,Other,128GB,MINT,12.5,3
Smartphones,Samsung,Cell Phone,Galaxy A50,Other,64GB,FAULTY,,
Smartphones,Samsung,Cell Phone,Galaxy A50,Other,64GB,POOR,1,
Smartphones,Samsung,Cell Phone,Galaxy A50,Other,64GB,GOOD,7.5,1
Smartphones,Samsung,Cell Phone,Galaxy A50,Other,64GB,MINT,10,3
Smartphones,Samsung,Cell Phone,Galaxy A50,T-Mobile,128GB,FAULTY,1,
Smartphones,Samsung,Cell Phone,Galaxy A50,T-Mobile,128GB,POOR,4,
Smartphones,Samsung,Cell Phone,Galaxy A50,T-Mobile,128GB,GOOD,14.06,
Smartphones,Samsung,Cell Phone,Galaxy A50,T-Mobile,128GB,MINT,18.75,
Smartphones,Samsung,Cell Phone,Galaxy A50,T-Mobile,64GB,FAULTY,1,
Smartphones,Samsung,Cell Phone,Galaxy A50,T-Mobile,64GB,POOR,3,
Smartphones,Samsung,Cell Phone,Galaxy A50,T-Mobile,64GB,GOOD,11.25,
Smartphones,Samsung,Cell Phone,Galaxy A50,T-Mobile,64GB,MINT,15,
Smartphones,Samsung,Cell Phone,Galaxy A50,AT&T,128GB,FAULTY,1,
Smartphones,Samsung,Cell Phone,Galaxy A50,AT&T,128GB,POOR,4,
Smartphones,Samsung,Cell Phone,Galaxy A50,AT&T,128GB,GOOD,14.06,
Smartphones,Samsung,Cell Phone,Galaxy A50,AT&T,128GB,MINT,18.75,
Smartphones,Samsung,Cell Phone,Galaxy A50,AT&T,64GB,FAULTY,1,
Smartphones,Samsung,Cell Phone,Galaxy A50,AT&T,64GB,POOR,3,
Smartphones,Samsung,Cell Phone,Galaxy A50,AT&T,64GB,GOOD,11.25,
Smartphones,Samsung,Cell Phone,Galaxy A50,AT&T,64GB,MINT,15,
Smartphones,Samsung,Cell Phone,Galaxy A50,Verizon,128GB,FAULTY,1,
Smartphones,Samsung,Cell Phone,Galaxy A50,Verizon,128GB,POOR,4,
Smartphones,Samsung,Cell Phone,Galaxy A50,Verizon,128GB,GOOD,14.06,3
Smartphones,Samsung,Cell Phone,Galaxy A50,Verizon,128GB,MINT,18.75,5
Smartphones,Samsung,Cell Phone,Galaxy A50,Verizon,64GB,FAULTY,1,
Smartphones,Samsung,Cell Phone,Galaxy A50,Verizon,64GB,POOR,3,
Smartphones,Samsung,Cell Phone,Galaxy A50,Verizon,64GB,GOOD,11.25,3
Smartphones,Samsung,Cell Phone,Galaxy A50,Verizon,64GB,MINT,15,5
Smartphones,Samsung,Cell Phone,Galaxy A70,Unlocked,128GB,FAULTY,1,
Smartphones,Samsung,Cell Phone,Galaxy A12,Unlocked,128GB,FAULTY,1,
Smartphones,Samsung,Cell Phone,Galaxy A12,Unlocked,128GB,POOR,1,
Smartphones,Samsung,Cell Phone,Galaxy A12,Unlocked,128GB,GOOD,11.25,
Smartphones,Samsung,Cell Phone,Galaxy A12,Unlocked,128GB,MINT,15,
Smartphones,Samsung,Cell Phone,Galaxy A12,Unlocked,64GB,FAULTY,1,
Smartphones,Samsung,Cell Phone,Galaxy A12,Unlocked,64GB,POOR,1,
Smartphones,Samsung,Cell Phone,Galaxy A12,Unlocked,64GB,GOOD,7.5,
Smartphones,Samsung,Cell Phone,Galaxy A12,Unlocked,64GB,MINT,10,
Smartphones,Samsung,Cell Phone,Galaxy A12,Unlocked,32GB,FAULTY,1,
Smartphones,Samsung,Cell Phone,Galaxy A12,Unlocked,32GB,POOR,3,
Smartphones,Samsung,Cell Phone,Galaxy A12,Unlocked,32GB,GOOD,7,3
Smartphones,Samsung,Cell Phone,Galaxy A12,Unlocked,32GB,MINT,11,5
Smartphones,Samsung,Cell Phone,Galaxy A12,Other,128GB,FAULTY,,
Smartphones,Samsung,Cell Phone,Galaxy A12,Other,128GB,POOR,,
Smartphones,Samsung,Cell Phone,Galaxy A12,Other,128GB,GOOD,5.63,
Smartphones,Samsung,Cell Phone,Galaxy A12,Other,128GB,MINT,7.5,
Smartphones,Samsung,Cell Phone,Galaxy A12,Other,64GB,FAULTY,,
Smartphones,Samsung,Cell Phone,Galaxy A12,Other,64GB,POOR,,
Smartphones,Samsung,Cell Phone,Galaxy A12,Other,64GB,GOOD,3.75,
Smartphones,Samsung,Cell Phone,Galaxy A12,Other,64GB,MINT,5,
Smartphones,Samsung,Cell Phone,Galaxy A12,Other,32GB,FAULTY,,
Smartphones,Samsung,Cell Phone,Galaxy A12,Other,32GB,POOR,1,
Smartphones,Samsung,Cell Phone,Galaxy A12,Other,32GB,GOOD,1,
Smartphones,Samsung,Cell Phone,Galaxy A12,Other,32GB,MINT,2,
Smartphones,Samsung,Cell Phone,Galaxy A12,T-Mobile,128GB,FAULTY,1,
Smartphones,Samsung,Cell Phone,Galaxy A12,T-Mobile,128GB,POOR,3,
Smartphones,Samsung,Cell Phone,Galaxy A12,T-Mobile,128GB,GOOD,8.44,
Smartphones,Samsung,Cell Phone,Galaxy A12,T-Mobile,128GB,MINT,11.25,
Smartphones,Samsung,Cell Phone,Galaxy A12,T-Mobile,64GB,FAULTY,1,
Smartphones,Samsung,Cell Phone,Galaxy A12,T-Mobile,64GB,POOR,2,
Smartphones,Samsung,Cell Phone,Galaxy A12,T-Mobile,64GB,GOOD,5.63,
Smartphones,Samsung,Cell Phone,Galaxy A12,T-Mobile,64GB,MINT,7.5,
Smartphones,Samsung,Cell Phone,Galaxy A12,T-Mobile,32GB,FAULTY,1,
Smartphones,Samsung,Cell Phone,Galaxy A12,T-Mobile,32GB,POOR,2,
Smartphones,Samsung,Cell Phone,Galaxy A12,T-Mobile,32GB,GOOD,4,2
Smartphones,Samsung,Cell Phone,Galaxy A12,T-Mobile,32GB,MINT,5,4
Smartphones,Samsung,Cell Phone,Galaxy A12,AT&T,128GB,FAULTY,1,
Smartphones,Samsung,Cell Phone,Galaxy A12,AT&T,128GB,POOR,3,
Smartphones,Samsung,Cell Phone,Galaxy A12,AT&T,128GB,GOOD,8.44,
Smartphones,Samsung,Cell Phone,Galaxy A12,AT&T,128GB,MINT,11.25,
Smartphones,Samsung,Cell Phone,Galaxy A12,AT&T,64GB,FAULTY,1,
Smartphones,Samsung,Cell Phone,Galaxy A12,AT&T,64GB,POOR,2,
Smartphones,Samsung,Cell Phone,Galaxy A12,AT&T,64GB,GOOD,5.63,
Smartphones,Samsung,Cell Phone,Galaxy A12,AT&T,64GB,MINT,7.5,
Smartphones,Samsung,Cell Phone,Galaxy A12,AT&T,32GB,FAULTY,1,
Smartphones,Samsung,Cell Phone,Galaxy A12,AT&T,32GB,POOR,2,
Smartphones,Samsung,Cell Phone,Galaxy A12,AT&T,32GB,GOOD,4,2
Smartphones,Samsung,Cell Phone,Galaxy A12,AT&T,32GB,MINT,5,4
Smartphones,Samsung,Cell Phone,Galaxy A12,Verizon,128GB,FAULTY,1,
Smartphones,Samsung,Cell Phone,Galaxy A12,Verizon,128GB,POOR,3,
Smartphones,Samsung,Cell Phone,Galaxy A12,Verizon,128GB,GOOD,8.44,
Smartphones,Samsung,Cell Phone,Galaxy A12,Verizon,128GB,MINT,11.25,
Smartphones,Samsung,Cell Phone,Galaxy A12,Verizon,64GB,FAULTY,1,
Smartphones,Samsung,Cell Phone,Galaxy A12,Verizon,64GB,POOR,2,
Smartphones,Samsung,Cell Phone,Galaxy A12,Verizon,64GB,GOOD,5.63,
Smartphones,Samsung,Cell Phone,Galaxy A12,Verizon,64GB,MINT,7.5,
Smartphones,Samsung,Cell Phone,Galaxy A12,Verizon,32GB,FAULTY,1,
Smartphones,Samsung,Cell Phone,Galaxy A12,Verizon,32GB,POOR,2,
Smartphones,Samsung,Cell Phone,Galaxy A12,Verizon,32GB,GOOD,4,2
Smartphones,Samsung,Cell Phone,Galaxy A12,Verizon,32GB,MINT,5,4
Smartphones,Samsung,Cell Phone,Galaxy A70,Unlocked,128GB,POOR,6,
Smartphones,Samsung,Cell Phone,Galaxy A70,Unlocked,128GB,GOOD,37.5,
Smartphones,Samsung,Cell Phone,Galaxy A70,Unlocked,128GB,MINT,50,
Smartphones,Samsung,Cell Phone,Galaxy A70,Other,128GB,FAULTY,1,
Smartphones,Samsung,Cell Phone,Galaxy A70,Other,128GB,POOR,2,
Smartphones,Samsung,Cell Phone,Galaxy A70,Other,128GB,GOOD,18.75,
Smartphones,Samsung,Cell Phone,Galaxy A70,Other,128GB,MINT,25,
Smartphones,Samsung,Cell Phone,Galaxy A70,T-Mobile,128GB,FAULTY,1,
Smartphones,Samsung,Cell Phone,Galaxy A70,T-Mobile,128GB,POOR,3,
Smartphones,Samsung,Cell Phone,Galaxy A70,T-Mobile,128GB,GOOD,28.13,
Smartphones,Samsung,Cell Phone,Galaxy A70,T-Mobile,128GB,MINT,37.5,
Smartphones,Samsung,Cell Phone,Galaxy A70,AT&T,128GB,FAULTY,1,
Smartphones,Samsung,Cell Phone,Galaxy A70,AT&T,128GB,POOR,3,
Smartphones,Samsung,Cell Phone,Galaxy A70,AT&T,128GB,GOOD,28.13,
Smartphones,Samsung,Cell Phone,Galaxy A70,AT&T,128GB,MINT,37.5,
Smartphones,Samsung,Cell Phone,Galaxy A70,Verizon,128GB,FAULTY,1,
Smartphones,Samsung,Cell Phone,Galaxy A70,Verizon,128GB,POOR,3,
Smartphones,Samsung,Cell Phone,Galaxy A70,Verizon,128GB,GOOD,28.13,
Smartphones,Samsung,Cell Phone,Galaxy A70,Verizon,128GB,MINT,37.5,
Smartphones,Samsung,Cell Phone,Galaxy A21,Unlocked,32GB,FAULTY,2,
Smartphones,Samsung,Cell Phone,Galaxy A21s,Unlocked,128GB,FAULTY,1,
Smartphones,Samsung,Cell Phone,Galaxy A21s,Unlocked,128GB,POOR,3,
Smartphones,Samsung,Cell Phone,Galaxy A21s,Unlocked,128GB,GOOD,15,8
Smartphones,Samsung,Cell Phone,Galaxy A21s,Unlocked,128GB,MINT,20,12
Smartphones,Samsung,Cell Phone,Galaxy A21s,Unlocked,64GB,FAULTY,1,
Smartphones,Samsung,Cell Phone,Galaxy A21s,Unlocked,64GB,POOR,3,
Smartphones,Samsung,Cell Phone,Galaxy A21s,Unlocked,64GB,GOOD,11.25,8
Smartphones,Samsung,Cell Phone,Galaxy A21s,Unlocked,64GB,MINT,15,12
Smartphones,Samsung,Cell Phone,Galaxy A21s,Unlocked,32GB,FAULTY,1,
Smartphones,Samsung,Cell Phone,Galaxy A21s,Unlocked,32GB,POOR,3,
Smartphones,Samsung,Cell Phone,Galaxy A21s,Unlocked,32GB,GOOD,9,8
Smartphones,Samsung,Cell Phone,Galaxy A21s,Unlocked,32GB,MINT,13,12
Smartphones,Samsung,Cell Phone,Galaxy A21s,Other,128GB,FAULTY,,
Smartphones,Samsung,Cell Phone,Galaxy A21s,Other,128GB,POOR,1,
Smartphones,Samsung,Cell Phone,Galaxy A21s,Other,128GB,GOOD,7.5,
Smartphones,Samsung,Cell Phone,Galaxy A21s,Other,128GB,MINT,10,
Smartphones,Samsung,Cell Phone,Galaxy A21s,Other,64GB,FAULTY,,
Smartphones,Samsung,Cell Phone,Galaxy A21s,Other,64GB,POOR,1,
Smartphones,Samsung,Cell Phone,Galaxy A21s,Other,64GB,GOOD,5.63,
Smartphones,Samsung,Cell Phone,Galaxy A21s,Other,64GB,MINT,7.5,
Smartphones,Samsung,Cell Phone,Galaxy A21s,Other,32GB,FAULTY,,
Smartphones,Samsung,Cell Phone,Galaxy A21s,Other,32GB,POOR,1,
Smartphones,Samsung,Cell Phone,Galaxy A21s,Other,32GB,GOOD,3.75,
Smartphones,Samsung,Cell Phone,Galaxy A21s,Other,32GB,MINT,5,
Smartphones,Samsung,Cell Phone,Galaxy A21s,T-Mobile,128GB,FAULTY,1,
Smartphones,Samsung,Cell Phone,Galaxy A21s,T-Mobile,128GB,POOR,4,
Smartphones,Samsung,Cell Phone,Galaxy A21s,T-Mobile,128GB,GOOD,11.25,
Smartphones,Samsung,Cell Phone,Galaxy A21s,T-Mobile,128GB,MINT,15,
Smartphones,Samsung,Cell Phone,Galaxy A21s,T-Mobile,64GB,FAULTY,1,
Smartphones,Samsung,Cell Phone,Galaxy A21s,T-Mobile,64GB,POOR,3,
Smartphones,Samsung,Cell Phone,Galaxy A21s,T-Mobile,64GB,GOOD,8.44,
Smartphones,Samsung,Cell Phone,Galaxy A21s,T-Mobile,64GB,MINT,11.25,
Smartphones,Samsung,Cell Phone,Galaxy A21s,T-Mobile,32GB,FAULTY,1,
Smartphones,Samsung,Cell Phone,Galaxy A21s,T-Mobile,32GB,POOR,2,
Smartphones,Samsung,Cell Phone,Galaxy A21s,T-Mobile,32GB,GOOD,5.63,
Smartphones,Samsung,Cell Phone,Galaxy A21s,T-Mobile,32GB,MINT,7.5,
Smartphones,Samsung,Cell Phone,Galaxy A21s,AT&T,128GB,FAULTY,1,
Smartphones,Samsung,Cell Phone,Galaxy A21s,AT&T,128GB,POOR,4,
Smartphones,Samsung,Cell Phone,Galaxy A21s,AT&T,128GB,GOOD,11.25,
Smartphones,Samsung,Cell Phone,Galaxy A21s,AT&T,128GB,MINT,15,
Smartphones,Samsung,Cell Phone,Galaxy A21s,AT&T,64GB,FAULTY,1,
Smartphones,Samsung,Cell Phone,Galaxy A21s,AT&T,64GB,POOR,3,
Smartphones,Samsung,Cell Phone,Galaxy A21s,AT&T,64GB,GOOD,8.44,
Smartphones,Samsung,Cell Phone,Galaxy A21s,AT&T,64GB,MINT,11.25,
Smartphones,Samsung,Cell Phone,Galaxy A21s,AT&T,32GB,FAULTY,1,
Smartphones,Samsung,Cell Phone,Galaxy A21s,AT&T,32GB,POOR,2,
Smartphones,Samsung,Cell Phone,Galaxy A21s,AT&T,32GB,GOOD,5.63,
Smartphones,Samsung,Cell Phone,Galaxy A21s,AT&T,32GB,MINT,7.5,
Smartphones,Samsung,Cell Phone,Galaxy A21s,Verizon,128GB,FAULTY,1,
Smartphones,Samsung,Cell Phone,Galaxy A21s,Verizon,128GB,POOR,4,
Smartphones,Samsung,Cell Phone,Galaxy A21s,Verizon,128GB,GOOD,11.25,
Smartphones,Samsung,Cell Phone,Galaxy A21s,Verizon,128GB,MINT,15,
Smartphones,Samsung,Cell Phone,Galaxy A21s,Verizon,64GB,FAULTY,1,
Smartphones,Samsung,Cell Phone,Galaxy A21s,Verizon,64GB,POOR,3,
Smartphones,Samsung,Cell Phone,Galaxy A21s,Verizon,64GB,GOOD,8.44,
Smartphones,Samsung,Cell Phone,Galaxy A21s,Verizon,64GB,MINT,11.25,
Smartphones,Samsung,Cell Phone,Galaxy A21s,Verizon,32GB,FAULTY,1,
Smartphones,Samsung,Cell Phone,Galaxy A21s,Verizon,32GB,POOR,2,
Smartphones,Samsung,Cell Phone,Galaxy A21s,Verizon,32GB,GOOD,5.63,
Smartphones,Samsung,Cell Phone,Galaxy A21s,Verizon,32GB,MINT,7.5,
Smartphones,Samsung,Cell Phone,Galaxy A21,Unlocked,32GB,POOR,7,
Smartphones,Samsung,Cell Phone,Galaxy A21,Unlocked,32GB,GOOD,15,7
Smartphones,Samsung,Cell Phone,Galaxy A21,Unlocked,32GB,MINT,20,10
Smartphones,Samsung,Cell Phone,Galaxy A21,Other,32GB,FAULTY,,
Smartphones,Samsung,Cell Phone,Galaxy A21,Other,32GB,POOR,1,
Smartphones,Samsung,Cell Phone,Galaxy A21,Other,32GB,GOOD,7.5,3
Smartphones,Samsung,Cell Phone,Galaxy A21,Other,32GB,MINT,10,5
Smartphones,Samsung,Cell Phone,Galaxy A21,T-Mobile,32GB,FAULTY,1,
Smartphones,Samsung,Cell Phone,Galaxy A21,T-Mobile,32GB,POOR,6,
Smartphones,Samsung,Cell Phone,Galaxy A21,T-Mobile,32GB,GOOD,11.25,3
Smartphones,Samsung,Cell Phone,Galaxy A21,T-Mobile,32GB,MINT,15,5
Smartphones,Samsung,Cell Phone,Galaxy A21,AT&T,32GB,FAULTY,1,
Smartphones,Samsung,Cell Phone,Galaxy A21,AT&T,32GB,POOR,5,
Smartphones,Samsung,Cell Phone,Galaxy A21,AT&T,32GB,GOOD,11.25,
Smartphones,Samsung,Cell Phone,Galaxy A21,AT&T,32GB,MINT,15,
Smartphones,Samsung,Cell Phone,Galaxy A21,Verizon,32GB,FAULTY,1,
Smartphones,Samsung,Cell Phone,Galaxy A21,Verizon,32GB,POOR,6,
Smartphones,Samsung,Cell Phone,Galaxy A21,Verizon,32GB,GOOD,11.25,5
Smartphones,Samsung,Cell Phone,Galaxy A21,Verizon,32GB,MINT,15,7
Smartphones,Samsung,Cell Phone,Galaxy A31,Unlocked,128GB,FAULTY,3,3
Smartphones,Samsung,Cell Phone,Galaxy A51 5G,Unlocked,128GB,FAULTY,4,
Smartphones,Samsung,Cell Phone,Galaxy A51 5G,Unlocked,128GB,POOR,10,
Smartphones,Samsung,Cell Phone,Galaxy A51 5G,Unlocked,128GB,GOOD,27.9,15
Smartphones,Samsung,Cell Phone,Galaxy A51 5G,Unlocked,128GB,MINT,31,20
Smartphones,Samsung,Cell Phone,Galaxy A51 5G,Other,128GB,FAULTY,1,
Smartphones,Samsung,Cell Phone,Galaxy A51 5G,Other,128GB,POOR,4,
Smartphones,Samsung,Cell Phone,Galaxy A51 5G,Other,128GB,GOOD,18.9,5
Smartphones,Samsung,Cell Phone,Galaxy A51 5G,Other,128GB,MINT,21,10
Smartphones,Samsung,Cell Phone,Galaxy A51 5G,T-Mobile,128GB,FAULTY,2,
Smartphones,Samsung,Cell Phone,Galaxy A51 5G,T-Mobile,128GB,POOR,4,
Smartphones,Samsung,Cell Phone,Galaxy A51 5G,T-Mobile,128GB,GOOD,25.11,7
Smartphones,Samsung,Cell Phone,Galaxy A51 5G,T-Mobile,128GB,MINT,27.9,12
Smartphones,Samsung,Cell Phone,Galaxy A51 5G,AT&T,128GB,FAULTY,2,
Smartphones,Samsung,Cell Phone,Galaxy A51 5G,AT&T,128GB,POOR,6,
Smartphones,Samsung,Cell Phone,Galaxy A51 5G,AT&T,128GB,GOOD,25.11,10
Smartphones,Samsung,Cell Phone,Galaxy A51 5G,AT&T,128GB,MINT,27.9,15
Smartphones,Samsung,Cell Phone,Galaxy A51 5G,Verizon,128GB,FAULTY,2,
Smartphones,Samsung,Cell Phone,Galaxy A51 5G,Verizon,128GB,POOR,4,
Smartphones,Samsung,Cell Phone,Galaxy A51 5G,Verizon,128GB,GOOD,25.11,10
Smartphones,Samsung,Cell Phone,Galaxy A51 5G,Verizon,128GB,MINT,27.9,15
Smartphones,Samsung,Cell Phone,Galaxy A31,Unlocked,128GB,POOR,12,3
Smartphones,Samsung,Cell Phone,Galaxy A31,Unlocked,128GB,GOOD,21,20
Smartphones,Samsung,Cell Phone,Galaxy A31,Unlocked,128GB,MINT,26,25
Smartphones,Samsung,Cell Phone,Galaxy A31,Unlocked,64GB,FAULTY,3,3
Smartphones,Samsung,Cell Phone,Galaxy A31,Unlocked,64GB,POOR,12,3
Smartphones,Samsung,Cell Phone,Galaxy A31,Unlocked,64GB,GOOD,21,20
Smartphones,Samsung,Cell Phone,Galaxy A31,Unlocked,64GB,MINT,26,25
Smartphones,Samsung,Cell Phone,Galaxy A31,Other,128GB,FAULTY,2,
Smartphones,Samsung,Cell Phone,Galaxy A31,Other,128GB,POOR,6,
Smartphones,Samsung,Cell Phone,Galaxy A31,Other,128GB,GOOD,9,
Smartphones,Samsung,Cell Phone,Galaxy A31,Other,128GB,MINT,12,
Smartphones,Samsung,Cell Phone,Galaxy A31,Other,64GB,FAULTY,2,
Smartphones,Samsung,Cell Phone,Galaxy A31,Other,64GB,POOR,6,
Smartphones,Samsung,Cell Phone,Galaxy A31,Other,64GB,GOOD,9,
Smartphones,Samsung,Cell Phone,Galaxy A31,Other,64GB,MINT,12,
Smartphones,Samsung,Cell Phone,Galaxy A31,T-Mobile,128GB,FAULTY,1,
Smartphones,Samsung,Cell Phone,Galaxy A31,T-Mobile,128GB,POOR,7,
Smartphones,Samsung,Cell Phone,Galaxy A31,T-Mobile,128GB,GOOD,14,
Smartphones,Samsung,Cell Phone,Galaxy A31,T-Mobile,128GB,MINT,18,
Smartphones,Samsung,Cell Phone,Galaxy A31,T-Mobile,64GB,FAULTY,1,
Smartphones,Samsung,Cell Phone,Galaxy A31,T-Mobile,64GB,POOR,7,
Smartphones,Samsung,Cell Phone,Galaxy A31,T-Mobile,64GB,GOOD,14,
Smartphones,Samsung,Cell Phone,Galaxy A31,T-Mobile,64GB,MINT,18,
Smartphones,Samsung,Cell Phone,Galaxy A31,AT&T,128GB,FAULTY,1,
Smartphones,Samsung,Cell Phone,Galaxy A31,AT&T,128GB,POOR,7,
Smartphones,Samsung,Cell Phone,Galaxy A31,AT&T,128GB,GOOD,14,
Smartphones,Samsung,Cell Phone,Galaxy A31,AT&T,128GB,MINT,18,
Smartphones,Samsung,Cell Phone,Galaxy A31,AT&T,64GB,FAULTY,1,
Smartphones,Samsung,Cell Phone,Galaxy A31,AT&T,64GB,POOR,7,
Smartphones,Samsung,Cell Phone,Galaxy A31,AT&T,64GB,GOOD,14,
Smartphones,Samsung,Cell Phone,Galaxy A31,AT&T,64GB,MINT,18,
Smartphones,Samsung,Cell Phone,Galaxy A31,Verizon,128GB,FAULTY,1,
Smartphones,Samsung,Cell Phone,Galaxy A31,Verizon,128GB,POOR,7,
Smartphones,Samsung,Cell Phone,Galaxy A31,Verizon,128GB,GOOD,14,
Smartphones,Samsung,Cell Phone,Galaxy A31,Verizon,128GB,MINT,18,
Smartphones,Samsung,Cell Phone,Galaxy A31,Verizon,64GB,FAULTY,1,
Smartphones,Samsung,Cell Phone,Galaxy A31,Verizon,64GB,POOR,7,
Smartphones,Samsung,Cell Phone,Galaxy A31,Verizon,64GB,GOOD,14,
Smartphones,Samsung,Cell Phone,Galaxy A31,Verizon,64GB,MINT,18,
Smartphones,Samsung,Cell Phone,Galaxy A71 4G,Unlocked,128GB,FAULTY,4,
Smartphones,Samsung,Cell Phone,Galaxy A42,Unlocked,128GB,FAULTY,5,
Smartphones,Samsung,Cell Phone,Galaxy A42,Unlocked,128GB,POOR,14,
Smartphones,Samsung,Cell Phone,Galaxy A42,Unlocked,128GB,GOOD,25,10
Smartphones,Samsung,Cell Phone,Galaxy A42,Unlocked,128GB,MINT,35,15
Smartphones,Samsung,Cell Phone,Galaxy A42,Other,128GB,FAULTY,2,
Smartphones,Samsung,Cell Phone,Galaxy A42,Other,128GB,POOR,6,
Smartphones,Samsung,Cell Phone,Galaxy A42,Other,128GB,GOOD,15.75,
Smartphones,Samsung,Cell Phone,Galaxy A42,Other,128GB,MINT,17.5,5
Smartphones,Samsung,Cell Phone,Galaxy A42,T-Mobile,128GB,FAULTY,4,
Smartphones,Samsung,Cell Phone,Galaxy A42,T-Mobile,128GB,POOR,11,
Smartphones,Samsung,Cell Phone,Galaxy A42,T-Mobile,128GB,GOOD,20.25,5
Smartphones,Samsung,Cell Phone,Galaxy A42,T-Mobile,128GB,MINT,28,10
Smartphones,Samsung,Cell Phone,Galaxy A42,AT&T,128GB,FAULTY,4,
Smartphones,Samsung,Cell Phone,Galaxy A42,AT&T,128GB,POOR,11,
Smartphones,Samsung,Cell Phone,Galaxy A42,AT&T,128GB,GOOD,20.25,5
Smartphones,Samsung,Cell Phone,Galaxy A42,AT&T,128GB,MINT,30,10
Smartphones,Samsung,Cell Phone,Galaxy A42,Verizon,128GB,FAULTY,4,
Smartphones,Samsung,Cell Phone,Galaxy A42,Verizon,128GB,POOR,11,
Smartphones,Samsung,Cell Phone,Galaxy A42,Verizon,128GB,GOOD,20.25,5
Smartphones,Samsung,Cell Phone,Galaxy A42,Verizon,128GB,MINT,28,10
Smartphones,Samsung,Cell Phone,Galaxy A71 4G,Unlocked,128GB,POOR,13,
Smartphones,Samsung,Cell Phone,Galaxy A71 4G,Unlocked,128GB,GOOD,22,
Smartphones,Samsung,Cell Phone,Galaxy A71 4G,Unlocked,128GB,MINT,33,
Smartphones,Samsung,Cell Phone,Galaxy A71 4G,Other,128GB,FAULTY,1,
Smartphones,Samsung,Cell Phone,Galaxy A71 4G,Other,128GB,POOR,5,
Smartphones,Samsung,Cell Phone,Galaxy A71 4G,Other,128GB,GOOD,10,
Smartphones,Samsung,Cell Phone,Galaxy A71 4G,Other,128GB,MINT,15,
Smartphones,Samsung,Cell Phone,Galaxy A71 4G,T-Mobile,128GB,FAULTY,4,
Smartphones,Samsung,Cell Phone,Galaxy A71 4G,T-Mobile,128GB,POOR,6,
Smartphones,Samsung,Cell Phone,Galaxy A71 4G,T-Mobile,128GB,GOOD,12,
Smartphones,Samsung,Cell Phone,Galaxy A71 4G,T-Mobile,128GB,MINT,17,
Smartphones,Samsung,Cell Phone,Galaxy A71 4G,AT&T,128GB,FAULTY,4,
Smartphones,Samsung,Cell Phone,Galaxy A71 4G,AT&T,128GB,POOR,6,
Smartphones,Samsung,Cell Phone,Galaxy A71 4G,AT&T,128GB,GOOD,12,
Smartphones,Samsung,Cell Phone,Galaxy A71 4G,AT&T,128GB,MINT,17,
Smartphones,Samsung,Cell Phone,Galaxy A71 4G,Verizon,128GB,FAULTY,4,
Smartphones,Samsung,Cell Phone,Galaxy A71 4G,Verizon,128GB,POOR,6,
Smartphones,Samsung,Cell Phone,Galaxy A71 4G,Verizon,128GB,GOOD,20,
Smartphones,Samsung,Cell Phone,Galaxy A71 4G,Verizon,128GB,MINT,30,
Smartphones,Samsung,Cell Phone,Galaxy A71 5G,Unlocked,128GB,FAULTY,7,6
Smartphones,Samsung,Cell Phone,Galaxy A02,Unlocked,32GB,FAULTY,,
Smartphones,Samsung,Cell Phone,Galaxy A02,Unlocked,32GB,POOR,,
Smartphones,Samsung,Cell Phone,Galaxy A02,Unlocked,32GB,GOOD,2,2
Smartphones,Samsung,Cell Phone,Galaxy A02,Unlocked,32GB,MINT,4,4
Smartphones,Samsung,Cell Phone,Galaxy A02,Other,32GB,FAULTY,,
Smartphones,Samsung,Cell Phone,Galaxy A02,Other,32GB,POOR,,
Smartphones,Samsung,Cell Phone,Galaxy A02,Other,32GB,GOOD,,
Smartphones,Samsung,Cell Phone,Galaxy A02,Other,32GB,MINT,,
Smartphones,Samsung,Cell Phone,Galaxy A02,T-Mobile,32GB,FAULTY,,
Smartphones,Samsung,Cell Phone,Galaxy A02,T-Mobile,32GB,POOR,,
Smartphones,Samsung,Cell Phone,Galaxy A02,T-Mobile,32GB,GOOD,,
Smartphones,Samsung,Cell Phone,Galaxy A02,T-Mobile,32GB,MINT,,
Smartphones,Samsung,Cell Phone,Galaxy A02,AT&T,32GB,FAULTY,,
Smartphones,Samsung,Cell Phone,Galaxy A02,AT&T,32GB,POOR,,
Smartphones,Samsung,Cell Phone,Galaxy A02,AT&T,32GB,GOOD,,
Smartphones,Samsung,Cell Phone,Galaxy A02,AT&T,32GB,MINT,,
Smartphones,Samsung,Cell Phone,Galaxy A02,Verizon,32GB,FAULTY,,
Smartphones,Samsung,Cell Phone,Galaxy A02,Verizon,32GB,POOR,,
Smartphones,Samsung,Cell Phone,Galaxy A02,Verizon,32GB,GOOD,,
Smartphones,Samsung,Cell Phone,Galaxy A02,Verizon,32GB,MINT,,
Smartphones,Samsung,Cell Phone,Galaxy A71 5G,Unlocked,128GB,POOR,18,6
Smartphones,Samsung,Cell Phone,Galaxy A71 5G,Unlocked,128GB,GOOD,40.5,30
Smartphones,Samsung,Cell Phone,Galaxy A71 5G,Unlocked,128GB,MINT,50,45
Smartphones,Samsung,Cell Phone,Galaxy A71 5G,Other,128GB,FAULTY,3,3
Smartphones,Samsung,Cell Phone,Galaxy A71 5G,Other,128GB,POOR,9,3
Smartphones,Samsung,Cell Phone,Galaxy A71 5G,Other,128GB,GOOD,28.8,20
Smartphones,Samsung,Cell Phone,Galaxy A71 5G,Other,128GB,MINT,32,30
Smartphones,Samsung,Cell Phone,Galaxy A71 5G,T-Mobile,128GB,FAULTY,5,3
Smartphones,Samsung,Cell Phone,Galaxy A71 5G,T-Mobile,128GB,POOR,15,3
Smartphones,Samsung,Cell Phone,Galaxy A71 5G,T-Mobile,128GB,GOOD,36.9,25
Smartphones,Samsung,Cell Phone,Galaxy A71 5G,T-Mobile,128GB,MINT,41,35
Smartphones,Samsung,Cell Phone,Galaxy A71 5G,AT&T,128GB,FAULTY,7,5
Smartphones,Samsung,Cell Phone,Galaxy A71 5G,AT&T,128GB,POOR,18,5
Smartphones,Samsung,Cell Phone,Galaxy A71 5G,AT&T,128GB,GOOD,36.9,30
Smartphones,Samsung,Cell Phone,Galaxy A71 5G,AT&T,128GB,MINT,43,40
Smartphones,Samsung,Cell Phone,Galaxy A71 5G,Verizon,128GB,FAULTY,5,5
Smartphones,Samsung,Cell Phone,Galaxy A71 5G,Verizon,128GB,POOR,12,5
Smartphones,Samsung,Cell Phone,Galaxy A71 5G,Verizon,128GB,GOOD,36.9,30
Smartphones,Samsung,Cell Phone,Galaxy A71 5G,Verizon,128GB,MINT,41,40
Smartphones,Samsung,Cell Phone,Galaxy A02s,Unlocked,32GB,FAULTY,1,
Smartphones,Samsung,Cell Phone,Galaxy A13 5G,Unlocked,64GB,FAULTY,2,
Smartphones,Samsung,Cell Phone,Galaxy A13 5G,Unlocked,64GB,POOR,8,
Smartphones,Samsung,Cell Phone,Galaxy A13 5G,Unlocked,64GB,GOOD,15,5
Smartphones,Samsung,Cell Phone,Galaxy A13 5G,Unlocked,64GB,MINT,20,7
Smartphones,Samsung,Cell Phone,Galaxy A13 5G,Other,64GB,FAULTY,1,
Smartphones,Samsung,Cell Phone,Galaxy A13 5G,Other,64GB,POOR,3,
Smartphones,Samsung,Cell Phone,Galaxy A13 5G,Other,64GB,GOOD,7.5,1
Smartphones,Samsung,Cell Phone,Galaxy A13 5G,Other,64GB,MINT,10,3
Smartphones,Samsung,Cell Phone,Galaxy A13 5G,T-Mobile,64GB,FAULTY,2,
Smartphones,Samsung,Cell Phone,Galaxy A13 5G,T-Mobile,64GB,POOR,7,
Smartphones,Samsung,Cell Phone,Galaxy A13 5G,T-Mobile,64GB,GOOD,13,3
Smartphones,Samsung,Cell Phone,Galaxy A13 5G,T-Mobile,64GB,MINT,15,5
Smartphones,Samsung,Cell Phone,Galaxy A13 5G,AT&T,64GB,FAULTY,2,
Smartphones,Samsung,Cell Phone,Galaxy A13 5G,AT&T,64GB,POOR,8,
Smartphones,Samsung,Cell Phone,Galaxy A13 5G,AT&T,64GB,GOOD,15,3
Smartphones,Samsung,Cell Phone,Galaxy A13 5G,AT&T,64GB,MINT,18,5
Smartphones,Samsung,Cell Phone,Galaxy A13 5G,Verizon,64GB,FAULTY,1,
Smartphones,Samsung,Cell Phone,Galaxy A13 5G,Verizon,64GB,POOR,7,
Smartphones,Samsung,Cell Phone,Galaxy A13 5G,Verizon,64GB,GOOD,12,3
Smartphones,Samsung,Cell Phone,Galaxy A13 5G,Verizon,64GB,MINT,15,5
Smartphones,Samsung,Cell Phone,Galaxy A02s,Unlocked,32GB,POOR,2,
Smartphones,Samsung,Cell Phone,Galaxy A02s,Unlocked,32GB,GOOD,13.5,3
Smartphones,Samsung,Cell Phone,Galaxy A02s,Unlocked,32GB,MINT,15,5
Smartphones,Samsung,Cell Phone,Galaxy A02s,Other,32GB,FAULTY,,
Smartphones,Samsung,Cell Phone,Galaxy A02s,Other,32GB,POOR,,
Smartphones,Samsung,Cell Phone,Galaxy A02s,Other,32GB,GOOD,9.45,1
Smartphones,Samsung,Cell Phone,Galaxy A02s,Other,32GB,MINT,10.5,2
Smartphones,Samsung,Cell Phone,Galaxy A02s,T-Mobile,32GB,FAULTY,1,
Smartphones,Samsung,Cell Phone,Galaxy A02s,T-Mobile,32GB,POOR,2,
Smartphones,Samsung,Cell Phone,Galaxy A02s,T-Mobile,32GB,GOOD,12.15,1
Smartphones,Samsung,Cell Phone,Galaxy A02s,T-Mobile,32GB,MINT,13.5,3
Smartphones,Samsung,Cell Phone,Galaxy A02s,AT&T,32GB,FAULTY,1,
Smartphones,Samsung,Cell Phone,Galaxy A02s,AT&T,32GB,POOR,2,
Smartphones,Samsung,Cell Phone,Galaxy A02s,AT&T,32GB,GOOD,12.15,2
Smartphones,Samsung,Cell Phone,Galaxy A02s,AT&T,32GB,MINT,13.5,4
Smartphones,Samsung,Cell Phone,Galaxy A02s,Verizon,32GB,FAULTY,1,
Smartphones,Samsung,Cell Phone,Galaxy A02s,Verizon,32GB,POOR,2,
Smartphones,Samsung,Cell Phone,Galaxy A02s,Verizon,32GB,GOOD,12.15,2
Smartphones,Samsung,Cell Phone,Galaxy A02s,Verizon,32GB,MINT,13.5,4
Smartphones,Samsung,Cell Phone,Galaxy A03s,Unlocked,64GB,FAULTY,,
Smartphones,Samsung,Cell Phone,Galaxy A32 5G,Unlocked,128GB,FAULTY,4,4
Smartphones,Samsung,Cell Phone,Galaxy A32 5G,Unlocked,128GB,POOR,12,4
Smartphones,Samsung,Cell Phone,Galaxy A32 5G,Unlocked,128GB,GOOD,26.25,22
Smartphones,Samsung,Cell Phone,Galaxy A32 5G,Unlocked,128GB,MINT,35,30
Smartphones,Samsung,Cell Phone,Galaxy A32 5G,Unlocked,64GB,FAULTY,4,4
Smartphones,Samsung,Cell Phone,Galaxy A32 5G,Unlocked,64GB,POOR,13,4
Smartphones,Samsung,Cell Phone,Galaxy A32 5G,Unlocked,64GB,GOOD,23,20
Smartphones,Samsung,Cell Phone,Galaxy A32 5G,Unlocked,64GB,MINT,31,27
Smartphones,Samsung,Cell Phone,Galaxy A32 5G,Other,128GB,FAULTY,2,
Smartphones,Samsung,Cell Phone,Galaxy A32 5G,Other,128GB,POOR,6,
Smartphones,Samsung,Cell Phone,Galaxy A32 5G,Other,128GB,GOOD,13.13,
Smartphones,Samsung,Cell Phone,Galaxy A32 5G,Other,128GB,MINT,17.5,
Smartphones,Samsung,Cell Phone,Galaxy A32 5G,Other,64GB,FAULTY,2,2
Smartphones,Samsung,Cell Phone,Galaxy A32 5G,Other,64GB,POOR,6,2
Smartphones,Samsung,Cell Phone,Galaxy A32 5G,Other,64GB,GOOD,11.25,10
Smartphones,Samsung,Cell Phone,Galaxy A32 5G,Other,64GB,MINT,15,15
Smartphones,Samsung,Cell Phone,Galaxy A32 5G,T-Mobile,128GB,FAULTY,2,
Smartphones,Samsung,Cell Phone,Galaxy A32 5G,T-Mobile,128GB,POOR,7,
Smartphones,Samsung,Cell Phone,Galaxy A32 5G,T-Mobile,128GB,GOOD,19.69,
Smartphones,Samsung,Cell Phone,Galaxy A32 5G,T-Mobile,128GB,MINT,26.25,
Smartphones,Samsung,Cell Phone,Galaxy A32 5G,T-Mobile,64GB,FAULTY,3,3
Smartphones,Samsung,Cell Phone,Galaxy A32 5G,T-Mobile,64GB,POOR,8,3
Smartphones,Samsung,Cell Phone,Galaxy A32 5G,T-Mobile,64GB,GOOD,17,15
Smartphones,Samsung,Cell Phone,Galaxy A32 5G,T-Mobile,64GB,MINT,24,22
Smartphones,Samsung,Cell Phone,Galaxy A32 5G,AT&T,128GB,FAULTY,2,
Smartphones,Samsung,Cell Phone,Galaxy A32 5G,AT&T,128GB,POOR,8,
Smartphones,Samsung,Cell Phone,Galaxy A32 5G,AT&T,128GB,GOOD,19.69,
Smartphones,Samsung,Cell Phone,Galaxy A32 5G,AT&T,128GB,MINT,26.25,
Smartphones,Samsung,Cell Phone,Galaxy A32 5G,AT&T,64GB,FAULTY,4,4
Smartphones,Samsung,Cell Phone,Galaxy A32 5G,AT&T,64GB,POOR,10,4
Smartphones,Samsung,Cell Phone,Galaxy A32 5G,AT&T,64GB,GOOD,19,17
Smartphones,Samsung,Cell Phone,Galaxy A32 5G,AT&T,64GB,MINT,27,25
Smartphones,Samsung,Cell Phone,Galaxy A32 5G,Verizon,128GB,FAULTY,2,
Smartphones,Samsung,Cell Phone,Galaxy A32 5G,Verizon,128GB,POOR,6,
Smartphones,Samsung,Cell Phone,Galaxy A32 5G,Verizon,128GB,GOOD,19.69,
Smartphones,Samsung,Cell Phone,Galaxy A32 5G,Verizon,128GB,MINT,26.25,
Smartphones,Samsung,Cell Phone,Galaxy A32 5G,Verizon,64GB,FAULTY,4,4
Smartphones,Samsung,Cell Phone,Galaxy A32 5G,Verizon,64GB,POOR,10,4
Smartphones,Samsung,Cell Phone,Galaxy A32 5G,Verizon,64GB,GOOD,19,17
Smartphones,Samsung,Cell Phone,Galaxy A32 5G,Verizon,64GB,MINT,27,25
Smartphones,Samsung,Cell Phone,Galaxy A03s,Unlocked,64GB,POOR,,
Smartphones,Samsung,Cell Phone,Galaxy A03s,Unlocked,64GB,GOOD,15,
Smartphones,Samsung,Cell Phone,Galaxy A03s,Unlocked,64GB,MINT,20,
Smartphones,Samsung,Cell Phone,Galaxy A03s,Unlocked,32GB,FAULTY,1,
Smartphones,Samsung,Cell Phone,Galaxy A03s,Unlocked,32GB,POOR,2,
Smartphones,Samsung,Cell Phone,Galaxy A03s,Unlocked,32GB,GOOD,11.25,3
Smartphones,Samsung,Cell Phone,Galaxy A03s,Unlocked,32GB,MINT,15,5
Smartphones,Samsung,Cell Phone,Galaxy A03s,Other,64GB,FAULTY,,
Smartphones,Samsung,Cell Phone,Galaxy A03s,Other,64GB,POOR,,
Smartphones,Samsung,Cell Phone,Galaxy A03s,Other,64GB,GOOD,7.5,
Smartphones,Samsung,Cell Phone,Galaxy A03s,Other,64GB,MINT,10,
Smartphones,Samsung,Cell Phone,Galaxy A03s,Other,32GB,FAULTY,,
Smartphones,Samsung,Cell Phone,Galaxy A03s,Other,32GB,POOR,,
Smartphones,Samsung,Cell Phone,Galaxy A03s,Other,32GB,GOOD,5.63,
Smartphones,Samsung,Cell Phone,Galaxy A03s,Other,32GB,MINT,7.5,
Smartphones,Samsung,Cell Phone,Galaxy A03s,T-Mobile,64GB,FAULTY,,
Smartphones,Samsung,Cell Phone,Galaxy A03s,T-Mobile,64GB,POOR,,
Smartphones,Samsung,Cell Phone,Galaxy A03s,T-Mobile,64GB,GOOD,11.25,
Smartphones,Samsung,Cell Phone,Galaxy A03s,T-Mobile,64GB,MINT,15,
Smartphones,Samsung,Cell Phone,Galaxy A03s,T-Mobile,32GB,FAULTY,1,
Smartphones,Samsung,Cell Phone,Galaxy A03s,T-Mobile,32GB,POOR,1,
Smartphones,Samsung,Cell Phone,Galaxy A03s,T-Mobile,32GB,GOOD,8.44,1
Smartphones,Samsung,Cell Phone,Galaxy A03s,T-Mobile,32GB,MINT,11.25,3
Smartphones,Samsung,Cell Phone,Galaxy A03s,AT&T,64GB,FAULTY,,
Smartphones,Samsung,Cell Phone,Galaxy A03s,AT&T,64GB,POOR,,
Smartphones,Samsung,Cell Phone,Galaxy A03s,AT&T,64GB,GOOD,11.25,
Smartphones,Samsung,Cell Phone,Galaxy A03s,AT&T,64GB,MINT,15,
Smartphones,Samsung,Cell Phone,Galaxy A03s,AT&T,32GB,FAULTY,1,
Smartphones,Samsung,Cell Phone,Galaxy A03s,AT&T,32GB,POOR,1,
Smartphones,Samsung,Cell Phone,Galaxy A03s,AT&T,32GB,GOOD,8.44,2
Smartphones,Samsung,Cell Phone,Galaxy A03s,AT&T,32GB,MINT,11.25,4
Smartphones,Samsung,Cell Phone,Galaxy A03s,Verizon,64GB,FAULTY,,
Smartphones,Samsung,Cell Phone,Galaxy A03s,Verizon,64GB,POOR,,
Smartphones,Samsung,Cell Phone,Galaxy A03s,Verizon,64GB,GOOD,11.25,
Smartphones,Samsung,Cell Phone,Galaxy A03s,Verizon,64GB,MINT,15,
Smartphones,Samsung,Cell Phone,Galaxy A03s,Verizon,32GB,FAULTY,1,
Smartphones,Samsung,Cell Phone,Galaxy A03s,Verizon,32GB,POOR,1,
Smartphones,Samsung,Cell Phone,Galaxy A03s,Verizon,32GB,GOOD,8.44,2
Smartphones,Samsung,Cell Phone,Galaxy A03s,Verizon,32GB,MINT,11.25,4
Smartphones,Samsung,Cell Phone,Galaxy A52 5G,Unlocked,256GB,FAULTY,6,
Smartphones,Samsung,Cell Phone,Galaxy A22 5G,Unlocked,128GB,FAULTY,24,5
Smartphones,Samsung,Cell Phone,Galaxy A22 5G,Unlocked,128GB,POOR,11,5
Smartphones,Samsung,Cell Phone,Galaxy A22 5G,Unlocked,128GB,GOOD,49,48
Smartphones,Samsung,Cell Phone,Galaxy A22 5G,Unlocked,128GB,MINT,60,55
Smartphones,Samsung,Cell Phone,Galaxy A22 5G,Unlocked,64GB,FAULTY,22,5
Smartphones,Samsung,Cell Phone,Galaxy A22 5G,Unlocked,64GB,POOR,10,5
Smartphones,Samsung,Cell Phone,Galaxy A22 5G,Unlocked,64GB,GOOD,45,44
Smartphones,Samsung,Cell Phone,Galaxy A22 5G,Unlocked,64GB,MINT,55,50
Smartphones,Samsung,Cell Phone,Galaxy A22 5G,Other,128GB,FAULTY,,
Smartphones,Samsung,Cell Phone,Galaxy A22 5G,Other,128GB,POOR,,
Smartphones,Samsung,Cell Phone,Galaxy A22 5G,Other,128GB,GOOD,22.5,
Smartphones,Samsung,Cell Phone,Galaxy A22 5G,Other,128GB,MINT,30,
Smartphones,Samsung,Cell Phone,Galaxy A22 5G,Other,64GB,FAULTY,,
Smartphones,Samsung,Cell Phone,Galaxy A22 5G,Other,64GB,POOR,,
Smartphones,Samsung,Cell Phone,Galaxy A22 5G,Other,64GB,GOOD,20.63,
Smartphones,Samsung,Cell Phone,Galaxy A22 5G,Other,64GB,MINT,27.5,
Smartphones,Samsung,Cell Phone,Galaxy A22 5G,T-Mobile,128GB,FAULTY,1,
Smartphones,Samsung,Cell Phone,Galaxy A22 5G,T-Mobile,128GB,POOR,16,
Smartphones,Samsung,Cell Phone,Galaxy A22 5G,T-Mobile,128GB,GOOD,33.75,
Smartphones,Samsung,Cell Phone,Galaxy A22 5G,T-Mobile,128GB,MINT,45,
Smartphones,Samsung,Cell Phone,Galaxy A22 5G,T-Mobile,64GB,FAULTY,1,
Smartphones,Samsung,Cell Phone,Galaxy A22 5G,T-Mobile,64GB,POOR,15,
Smartphones,Samsung,Cell Phone,Galaxy A22 5G,T-Mobile,64GB,GOOD,30.94,
Smartphones,Samsung,Cell Phone,Galaxy A22 5G,T-Mobile,64GB,MINT,41.25,
Smartphones,Samsung,Cell Phone,Galaxy A22 5G,AT&T,128GB,FAULTY,1,
Smartphones,Samsung,Cell Phone,Galaxy A22 5G,AT&T,128GB,POOR,16,
Smartphones,Samsung,Cell Phone,Galaxy A22 5G,AT&T,128GB,GOOD,33.75,
Smartphones,Samsung,Cell Phone,Galaxy A22 5G,AT&T,128GB,MINT,45,
Smartphones,Samsung,Cell Phone,Galaxy A22 5G,AT&T,64GB,FAULTY,1,
Smartphones,Samsung,Cell Phone,Galaxy A22 5G,AT&T,64GB,POOR,15,
Smartphones,Samsung,Cell Phone,Galaxy A22 5G,AT&T,64GB,GOOD,30.94,
Smartphones,Samsung,Cell Phone,Galaxy A22 5G,AT&T,64GB,MINT,41.25,
Smartphones,Samsung,Cell Phone,Galaxy A22 5G,Verizon,128GB,FAULTY,1,
Smartphones,Samsung,Cell Phone,Galaxy A22 5G,Verizon,128GB,POOR,16,
Smartphones,Samsung,Cell Phone,Galaxy A22 5G,Verizon,128GB,GOOD,33.75,
Smartphones,Samsung,Cell Phone,Galaxy A22 5G,Verizon,128GB,MINT,45,
Smartphones,Samsung,Cell Phone,Galaxy A22 5G,Verizon,64GB,FAULTY,1,
Smartphones,Samsung,Cell Phone,Galaxy A22 5G,Verizon,64GB,POOR,15,
Smartphones,Samsung,Cell Phone,Galaxy A22 5G,Verizon,64GB,GOOD,30.94,
Smartphones,Samsung,Cell Phone,Galaxy A22 5G,Verizon,64GB,MINT,41.25,
Smartphones,Samsung,Cell Phone,Galaxy A52 5G,Unlocked,256GB,POOR,19,
Smartphones,Samsung,Cell Phone,Galaxy A52 5G,Unlocked,256GB,GOOD,40.5,
Smartphones,Samsung,Cell Phone,Galaxy A52 5G,Unlocked,256GB,MINT,45,
Smartphones,Samsung,Cell Phone,Galaxy A52 5G,Unlocked,128GB,FAULTY,6,
Smartphones,Samsung,Cell Phone,Galaxy A52 5G,Unlocked,128GB,POOR,19,
Smartphones,Samsung,Cell Phone,Galaxy A52 5G,Unlocked,128GB,GOOD,36,30
Smartphones,Samsung,Cell Phone,Galaxy A52 5G,Unlocked,128GB,MINT,43,35
Smartphones,Samsung,Cell Phone,Galaxy A52 5G,Other,256GB,FAULTY,2,
Smartphones,Samsung,Cell Phone,Galaxy A52 5G,Other,256GB,POOR,9,
Smartphones,Samsung,Cell Phone,Galaxy A52 5G,Other,256GB,GOOD,28.8,
Smartphones,Samsung,Cell Phone,Galaxy A52 5G,Other,256GB,MINT,32,
Smartphones,Samsung,Cell Phone,Galaxy A52 5G,Other,128GB,FAULTY,3,
Smartphones,Samsung,Cell Phone,Galaxy A52 5G,Other,128GB,POOR,9,
Smartphones,Samsung,Cell Phone,Galaxy A52 5G,Other,128GB,GOOD,25.2,20
Smartphones,Samsung,Cell Phone,Galaxy A52 5G,Other,128GB,MINT,28,25
Smartphones,Samsung,Cell Phone,Galaxy A52 5G,T-Mobile,256GB,FAULTY,6,
Smartphones,Samsung,Cell Phone,Galaxy A52 5G,T-Mobile,256GB,POOR,19,
Smartphones,Samsung,Cell Phone,Galaxy A52 5G,T-Mobile,256GB,GOOD,36.45,
Smartphones,Samsung,Cell Phone,Galaxy A52 5G,T-Mobile,256GB,MINT,40.5,
Smartphones,Samsung,Cell Phone,Galaxy A52 5G,T-Mobile,128GB,FAULTY,6,
Smartphones,Samsung,Cell Phone,Galaxy A52 5G,T-Mobile,128GB,POOR,19,
Smartphones,Samsung,Cell Phone,Galaxy A52 5G,T-Mobile,128GB,GOOD,32.4,25
Smartphones,Samsung,Cell Phone,Galaxy A52 5G,T-Mobile,128GB,MINT,36,30
Smartphones,Samsung,Cell Phone,Galaxy A52 5G,AT&T,256GB,FAULTY,6,
Smartphones,Samsung,Cell Phone,Galaxy A52 5G,AT&T,256GB,POOR,19,
Smartphones,Samsung,Cell Phone,Galaxy A52 5G,AT&T,256GB,GOOD,36.45,
Smartphones,Samsung,Cell Phone,Galaxy A52 5G,AT&T,256GB,MINT,40.5,
Smartphones,Samsung,Cell Phone,Galaxy A52 5G,AT&T,128GB,FAULTY,6,
Smartphones,Samsung,Cell Phone,Galaxy A52 5G,AT&T,128GB,POOR,19,
Smartphones,Samsung,Cell Phone,Galaxy A52 5G,AT&T,128GB,GOOD,32.4,
Smartphones,Samsung,Cell Phone,Galaxy A52 5G,AT&T,128GB,MINT,36,
Smartphones,Samsung,Cell Phone,Galaxy A52 5G,Verizon,256GB,FAULTY,6,
Smartphones,Samsung,Cell Phone,Galaxy A52 5G,Verizon,256GB,POOR,19,
Smartphones,Samsung,Cell Phone,Galaxy A52 5G,Verizon,256GB,GOOD,36.45,
Smartphones,Samsung,Cell Phone,Galaxy A52 5G,Verizon,256GB,MINT,40.5,
Smartphones,Samsung,Cell Phone,Galaxy A52 5G,Verizon,128GB,FAULTY,6,
Smartphones,Samsung,Cell Phone,Galaxy A52 5G,Verizon,128GB,POOR,19,
Smartphones,Samsung,Cell Phone,Galaxy A52 5G,Verizon,128GB,GOOD,32.4,25
Smartphones,Samsung,Cell Phone,Galaxy A52 5G,Verizon,128GB,MINT,36,30
Smartphones,Samsung,Cell Phone,Galaxy A13 4G,Unlocked,64GB,FAULTY,1,
Smartphones,Samsung,Cell Phone,Galaxy A03,Unlocked,128GB,FAULTY,,
Smartphones,Samsung,Cell Phone,Galaxy A03,Unlocked,128GB,POOR,,
Smartphones,Samsung,Cell Phone,Galaxy A03,Unlocked,128GB,GOOD,13.5,
Smartphones,Samsung,Cell Phone,Galaxy A03,Unlocked,128GB,MINT,15,
Smartphones,Samsung,Cell Phone,Galaxy A03,Unlocked,64GB,FAULTY,,
Smartphones,Samsung,Cell Phone,Galaxy A03,Unlocked,64GB,POOR,,
Smartphones,Samsung,Cell Phone,Galaxy A03,Unlocked,64GB,GOOD,10.8,
Smartphones,Samsung,Cell Phone,Galaxy A03,Unlocked,64GB,MINT,12,
Smartphones,Samsung,Cell Phone,Galaxy A03,Unlocked,32GB,FAULTY,,
Smartphones,Samsung,Cell Phone,Galaxy A03,Unlocked,32GB,POOR,,
Smartphones,Samsung,Cell Phone,Galaxy A03,Unlocked,32GB,GOOD,9,
Smartphones,Samsung,Cell Phone,Galaxy A03,Unlocked,32GB,MINT,10,
Smartphones,Samsung,Cell Phone,Galaxy A03,Other,128GB,FAULTY,,
Smartphones,Samsung,Cell Phone,Galaxy A03,Other,128GB,POOR,,
Smartphones,Samsung,Cell Phone,Galaxy A03,Other,128GB,GOOD,9.45,
Smartphones,Samsung,Cell Phone,Galaxy A03,Other,128GB,MINT,10.5,
Smartphones,Samsung,Cell Phone,Galaxy A03,Other,64GB,FAULTY,,
Smartphones,Samsung,Cell Phone,Galaxy A03,Other,64GB,POOR,,
Smartphones,Samsung,Cell Phone,Galaxy A03,Other,64GB,GOOD,7.56,
Smartphones,Samsung,Cell Phone,Galaxy A03,Other,64GB,MINT,8.4,
Smartphones,Samsung,Cell Phone,Galaxy A03,Other,32GB,FAULTY,,
Smartphones,Samsung,Cell Phone,Galaxy A03,Other,32GB,POOR,,
Smartphones,Samsung,Cell Phone,Galaxy A03,Other,32GB,GOOD,6.3,
Smartphones,Samsung,Cell Phone,Galaxy A03,Other,32GB,MINT,7,
Smartphones,Samsung,Cell Phone,Galaxy A03,T-Mobile,128GB,FAULTY,,
Smartphones,Samsung,Cell Phone,Galaxy A03,T-Mobile,128GB,POOR,,
Smartphones,Samsung,Cell Phone,Galaxy A03,T-Mobile,128GB,GOOD,12.15,
Smartphones,Samsung,Cell Phone,Galaxy A03,T-Mobile,128GB,MINT,13.5,
Smartphones,Samsung,Cell Phone,Galaxy A03,T-Mobile,64GB,FAULTY,,
Smartphones,Samsung,Cell Phone,Galaxy A03,T-Mobile,64GB,POOR,,
Smartphones,Samsung,Cell Phone,Galaxy A03,T-Mobile,64GB,GOOD,9.72,
Smartphones,Samsung,Cell Phone,Galaxy A03,T-Mobile,64GB,MINT,10.8,
Smartphones,Samsung,Cell Phone,Galaxy A03,T-Mobile,32GB,FAULTY,,
Smartphones,Samsung,Cell Phone,Galaxy A03,T-Mobile,32GB,POOR,,
Smartphones,Samsung,Cell Phone,Galaxy A03,T-Mobile,32GB,GOOD,8.1,
Smartphones,Samsung,Cell Phone,Galaxy A03,T-Mobile,32GB,MINT,9,
Smartphones,Samsung,Cell Phone,Galaxy A03,AT&T,128GB,FAULTY,,
Smartphones,Samsung,Cell Phone,Galaxy A03,AT&T,128GB,POOR,,
Smartphones,Samsung,Cell Phone,Galaxy A03,AT&T,128GB,GOOD,12.15,
Smartphones,Samsung,Cell Phone,Galaxy A03,AT&T,128GB,MINT,13.5,
Smartphones,Samsung,Cell Phone,Galaxy A03,AT&T,64GB,FAULTY,,
Smartphones,Samsung,Cell Phone,Galaxy A03,AT&T,64GB,POOR,,
Smartphones,Samsung,Cell Phone,Galaxy A03,AT&T,64GB,GOOD,9.72,
Smartphones,Samsung,Cell Phone,Galaxy A03,AT&T,64GB,MINT,10.8,
Smartphones,Samsung,Cell Phone,Galaxy A03,AT&T,32GB,FAULTY,,
Smartphones,Samsung,Cell Phone,Galaxy A03,AT&T,32GB,POOR,,
Smartphones,Samsung,Cell Phone,Galaxy A03,AT&T,32GB,GOOD,8.1,
Smartphones,Samsung,Cell Phone,Galaxy A03,AT&T,32GB,MINT,9,
Smartphones,Samsung,Cell Phone,Galaxy A03,Verizon,128GB,FAULTY,,
Smartphones,Samsung,Cell Phone,Galaxy A03,Verizon,128GB,POOR,,
Smartphones,Samsung,Cell Phone,Galaxy A03,Verizon,128GB,GOOD,12.15,
Smartphones,Samsung,Cell Phone,Galaxy A03,Verizon,128GB,MINT,13.5,
Smartphones,Samsung,Cell Phone,Galaxy A03,Verizon,64GB,FAULTY,,
Smartphones,Samsung,Cell Phone,Galaxy A03,Verizon,64GB,POOR,,
Smartphones,Samsung,Cell Phone,Galaxy A03,Verizon,64GB,GOOD,9.72,
Smartphones,Samsung,Cell Phone,Galaxy A03,Verizon,64GB,MINT,10.8,
Smartphones,Samsung,Cell Phone,Galaxy A03,Verizon,32GB,FAULTY,,
Smartphones,Samsung,Cell Phone,Galaxy A03,Verizon,32GB,POOR,,
Smartphones,Samsung,Cell Phone,Galaxy A03,Verizon,32GB,GOOD,8.1,
Smartphones,Samsung,Cell Phone,Galaxy A03,Verizon,32GB,MINT,9,
Smartphones,Samsung,Cell Phone,Galaxy A13 4G,Unlocked,64GB,POOR,5,
Smartphones,Samsung,Cell Phone,Galaxy A13 4G,Unlocked,64GB,GOOD,10,
Smartphones,Samsung,Cell Phone,Galaxy A13 4G,Unlocked,64GB,MINT,14,
Smartphones,Samsung,Cell Phone,Galaxy A13 4G,Unlocked,32GB,FAULTY,1,
Smartphones,Samsung,Cell Phone,Galaxy A13 4G,Unlocked,32GB,POOR,2,
Smartphones,Samsung,Cell Phone,Galaxy A13 4G,Unlocked,32GB,GOOD,5,5
Smartphones,Samsung,Cell Phone,Galaxy A13 4G,Unlocked,32GB,MINT,7,7
Smartphones,Samsung,Cell Phone,Galaxy A13 4G,Other,64GB,FAULTY,,
Smartphones,Samsung,Cell Phone,Galaxy A13 4G,Other,64GB,POOR,,
Smartphones,Samsung,Cell Phone,Galaxy A13 4G,Other,64GB,GOOD,,
Smartphones,Samsung,Cell Phone,Galaxy A13 4G,Other,64GB,MINT,,
Smartphones,Samsung,Cell Phone,Galaxy A13 4G,Other,32GB,FAULTY,,
Smartphones,Samsung,Cell Phone,Galaxy A13 4G,Other,32GB,POOR,1,
Smartphones,Samsung,Cell Phone,Galaxy A13 4G,Other,32GB,GOOD,2,1
Smartphones,Samsung,Cell Phone,Galaxy A13 4G,Other,32GB,MINT,3,3
Smartphones,Samsung,Cell Phone,Galaxy A13 4G,T-Mobile,64GB,FAULTY,1,
Smartphones,Samsung,Cell Phone,Galaxy A13 4G,T-Mobile,64GB,POOR,3,
Smartphones,Samsung,Cell Phone,Galaxy A13 4G,T-Mobile,64GB,GOOD,7,
Smartphones,Samsung,Cell Phone,Galaxy A13 4G,T-Mobile,64GB,MINT,12,
Smartphones,Samsung,Cell Phone,Galaxy A13 4G,T-Mobile,32GB,FAULTY,,
Smartphones,Samsung,Cell Phone,Galaxy A13 4G,T-Mobile,32GB,POOR,1,
Smartphones,Samsung,Cell Phone,Galaxy A13 4G,T-Mobile,32GB,GOOD,3,3
Smartphones,Samsung,Cell Phone,Galaxy A13 4G,T-Mobile,32GB,MINT,5,5
Smartphones,Samsung,Cell Phone,Galaxy A13 4G,AT&T,64GB,FAULTY,1,
Smartphones,Samsung,Cell Phone,Galaxy A13 4G,AT&T,64GB,POOR,3,
Smartphones,Samsung,Cell Phone,Galaxy A13 4G,AT&T,64GB,GOOD,7,
Smartphones,Samsung,Cell Phone,Galaxy A13 4G,AT&T,64GB,MINT,12,
Smartphones,Samsung,Cell Phone,Galaxy A13 4G,AT&T,32GB,FAULTY,,
Smartphones,Samsung,Cell Phone,Galaxy A13 4G,AT&T,32GB,POOR,1,
Smartphones,Samsung,Cell Phone,Galaxy A13 4G,AT&T,32GB,GOOD,3,3
Smartphones,Samsung,Cell Phone,Galaxy A13 4G,AT&T,32GB,MINT,5,5
Smartphones,Samsung,Cell Phone,Galaxy A13 4G,Verizon,64GB,FAULTY,1,
Smartphones,Samsung,Cell Phone,Galaxy A13 4G,Verizon,64GB,POOR,3,
Smartphones,Samsung,Cell Phone,Galaxy A13 4G,Verizon,64GB,GOOD,7,
Smartphones,Samsung,Cell Phone,Galaxy A13 4G,Verizon,64GB,MINT,12,
Smartphones,Samsung,Cell Phone,Galaxy A13 4G,Verizon,32GB,FAULTY,,
Smartphones,Samsung,Cell Phone,Galaxy A13 4G,Verizon,32GB,POOR,,
Smartphones,Samsung,Cell Phone,Galaxy A13 4G,Verizon,32GB,GOOD,3,3
Smartphones,Samsung,Cell Phone,Galaxy A13 4G,Verizon,32GB,MINT,5,5
Smartphones,Samsung,Cell Phone,Galaxy A33,Unlocked,256GB,FAULTY,,
Smartphones,Samsung,Cell Phone,Galaxy A04,Unlocked,128GB,FAULTY,,
Smartphones,Samsung,Cell Phone,Galaxy A04,Unlocked,128GB,POOR,,
Smartphones,Samsung,Cell Phone,Galaxy A04,Unlocked,128GB,GOOD,18.75,
Smartphones,Samsung,Cell Phone,Galaxy A04,Unlocked,128GB,MINT,25,
Smartphones,Samsung,Cell Phone,Galaxy A04,Unlocked,64GB,FAULTY,,
Smartphones,Samsung,Cell Phone,Galaxy A04,Unlocked,64GB,POOR,,
Smartphones,Samsung,Cell Phone,Galaxy A04,Unlocked,64GB,GOOD,15,6
Smartphones,Samsung,Cell Phone,Galaxy A04,Unlocked,64GB,MINT,20,10
Smartphones,Samsung,Cell Phone,Galaxy A04,Unlocked,32GB,FAULTY,,
Smartphones,Samsung,Cell Phone,Galaxy A04,Unlocked,32GB,POOR,,
Smartphones,Samsung,Cell Phone,Galaxy A04,Unlocked,32GB,GOOD,11.25,5
Smartphones,Samsung,Cell Phone,Galaxy A04,Unlocked,32GB,MINT,15,8
Smartphones,Samsung,Cell Phone,Galaxy A04,Other,128GB,FAULTY,,
Smartphones,Samsung,Cell Phone,Galaxy A04,Other,128GB,POOR,,
Smartphones,Samsung,Cell Phone,Galaxy A04,Other,128GB,GOOD,9.38,
Smartphones,Samsung,Cell Phone,Galaxy A04,Other,128GB,MINT,12.5,
Smartphones,Samsung,Cell Phone,Galaxy A04,Other,64GB,FAULTY,,
Smartphones,Samsung,Cell Phone,Galaxy A04,Other,64GB,POOR,,
Smartphones,Samsung,Cell Phone,Galaxy A04,Other,64GB,GOOD,7.5,
Smartphones,Samsung,Cell Phone,Galaxy A04,Other,64GB,MINT,10,
Smartphones,Samsung,Cell Phone,Galaxy A04,Other,32GB,FAULTY,,
Smartphones,Samsung,Cell Phone,Galaxy A04,Other,32GB,POOR,,
Smartphones,Samsung,Cell Phone,Galaxy A04,Other,32GB,GOOD,5.63,
Smartphones,Samsung,Cell Phone,Galaxy A04,Other,32GB,MINT,7.5,
Smartphones,Samsung,Cell Phone,Galaxy A04,T-Mobile,128GB,FAULTY,,
Smartphones,Samsung,Cell Phone,Galaxy A04,T-Mobile,128GB,POOR,,
Smartphones,Samsung,Cell Phone,Galaxy A04,T-Mobile,128GB,GOOD,14.06,
Smartphones,Samsung,Cell Phone,Galaxy A04,T-Mobile,128GB,MINT,18.75,
Smartphones,Samsung,Cell Phone,Galaxy A04,T-Mobile,64GB,FAULTY,,
Smartphones,Samsung,Cell Phone,Galaxy A04,T-Mobile,64GB,POOR,,
Smartphones,Samsung,Cell Phone,Galaxy A04,T-Mobile,64GB,GOOD,11.25,
Smartphones,Samsung,Cell Phone,Galaxy A04,T-Mobile,64GB,MINT,15,
Smartphones,Samsung,Cell Phone,Galaxy A04,T-Mobile,32GB,FAULTY,,
Smartphones,Samsung,Cell Phone,Galaxy A04,T-Mobile,32GB,POOR,,
Smartphones,Samsung,Cell Phone,Galaxy A04,T-Mobile,32GB,GOOD,8.44,
Smartphones,Samsung,Cell Phone,Galaxy A04,T-Mobile,32GB,MINT,11.25,
Smartphones,Samsung,Cell Phone,Galaxy A04,AT&T,128GB,FAULTY,,
Smartphones,Samsung,Cell Phone,Galaxy A04,AT&T,128GB,POOR,,
Smartphones,Samsung,Cell Phone,Galaxy A04,AT&T,128GB,GOOD,14.06,
Smartphones,Samsung,Cell Phone,Galaxy A04,AT&T,128GB,MINT,18.75,
Smartphones,Samsung,Cell Phone,Galaxy A04,AT&T,64GB,FAULTY,,
Smartphones,Samsung,Cell Phone,Galaxy A04,AT&T,64GB,POOR,,
Smartphones,Samsung,Cell Phone,Galaxy A04,AT&T,64GB,GOOD,11.25,
Smartphones,Samsung,Cell Phone,Galaxy A04,AT&T,64GB,MINT,15,
Smartphones,Samsung,Cell Phone,Galaxy A04,AT&T,32GB,FAULTY,,
Smartphones,Samsung,Cell Phone,Galaxy A04,AT&T,32GB,POOR,,
Smartphones,Samsung,Cell Phone,Galaxy A04,AT&T,32GB,GOOD,8.44,
Smartphones,Samsung,Cell Phone,Galaxy A04,AT&T,32GB,MINT,11.25,
Smartphones,Samsung,Cell Phone,Galaxy A04,Verizon,128GB,FAULTY,,
Smartphones,Samsung,Cell Phone,Galaxy A04,Verizon,128GB,POOR,,
Smartphones,Samsung,Cell Phone,Galaxy A04,Verizon,128GB,GOOD,14.06,
Smartphones,Samsung,Cell Phone,Galaxy A04,Verizon,128GB,MINT,18.75,
Smartphones,Samsung,Cell Phone,Galaxy A04,Verizon,64GB,FAULTY,,
Smartphones,Samsung,Cell Phone,Galaxy A04,Verizon,64GB,POOR,,
Smartphones,Samsung,Cell Phone,Galaxy A04,Verizon,64GB,GOOD,11.25,
Smartphones,Samsung,Cell Phone,Galaxy A04,Verizon,64GB,MINT,15,
Smartphones,Samsung,Cell Phone,Galaxy A04,Verizon,32GB,FAULTY,,
Smartphones,Samsung,Cell Phone,Galaxy A04,Verizon,32GB,POOR,,
Smartphones,Samsung,Cell Phone,Galaxy A04,Verizon,32GB,GOOD,8.44,
Smartphones,Samsung,Cell Phone,Galaxy A04,Verizon,32GB,MINT,11.25,
Smartphones,Samsung,Cell Phone,Galaxy A33,Unlocked,256GB,POOR,,
Smartphones,Samsung,Cell Phone,Galaxy A33,Unlocked,256GB,GOOD,15,
Smartphones,Samsung,Cell Phone,Galaxy A33,Unlocked,256GB,MINT,20,
Smartphones,Samsung,Cell Phone,Galaxy A33,Unlocked,128GB,FAULTY,,
Smartphones,Samsung,Cell Phone,Galaxy A33,Unlocked,128GB,POOR,,
Smartphones,Samsung,Cell Phone,Galaxy A33,Unlocked,128GB,GOOD,11.25,
Smartphones,Samsung,Cell Phone,Galaxy A33,Unlocked,128GB,MINT,15,
Smartphones,Samsung,Cell Phone,Galaxy A33,Other,256GB,FAULTY,,
Smartphones,Samsung,Cell Phone,Galaxy A33,Other,256GB,POOR,,
Smartphones,Samsung,Cell Phone,Galaxy A33,Other,256GB,GOOD,7.5,
Smartphones,Samsung,Cell Phone,Galaxy A33,Other,256GB,MINT,10,
Smartphones,Samsung,Cell Phone,Galaxy A33,Other,128GB,FAULTY,,
Smartphones,Samsung,Cell Phone,Galaxy A33,Other,128GB,POOR,,
Smartphones,Samsung,Cell Phone,Galaxy A33,Other,128GB,GOOD,5.63,
Smartphones,Samsung,Cell Phone,Galaxy A33,Other,128GB,MINT,7.5,
Smartphones,Samsung,Cell Phone,Galaxy A33,T-Mobile,256GB,FAULTY,,
Smartphones,Samsung,Cell Phone,Galaxy A33,T-Mobile,256GB,POOR,,
Smartphones,Samsung,Cell Phone,Galaxy A33,T-Mobile,256GB,GOOD,11.25,
Smartphones,Samsung,Cell Phone,Galaxy A33,T-Mobile,256GB,MINT,15,
Smartphones,Samsung,Cell Phone,Galaxy A33,T-Mobile,128GB,FAULTY,,
Smartphones,Samsung,Cell Phone,Galaxy A33,T-Mobile,128GB,POOR,,
Smartphones,Samsung,Cell Phone,Galaxy A33,T-Mobile,128GB,GOOD,8.44,
Smartphones,Samsung,Cell Phone,Galaxy A33,T-Mobile,128GB,MINT,11.25,
Smartphones,Samsung,Cell Phone,Galaxy A33,AT&T,256GB,FAULTY,,
Smartphones,Samsung,Cell Phone,Galaxy A33,AT&T,256GB,POOR,,
Smartphones,Samsung,Cell Phone,Galaxy A33,AT&T,256GB,GOOD,11.25,
Smartphones,Samsung,Cell Phone,Galaxy A33,AT&T,256GB,MINT,15,
Smartphones,Samsung,Cell Phone,Galaxy A33,AT&T,128GB,FAULTY,,
Smartphones,Samsung,Cell Phone,Galaxy A33,AT&T,128GB,POOR,,
Smartphones,Samsung,Cell Phone,Galaxy A33,AT&T,128GB,GOOD,8.44,
Smartphones,Samsung,Cell Phone,Galaxy A33,AT&T,128GB,MINT,11.25,
Smartphones,Samsung,Cell Phone,Galaxy A33,Verizon,256GB,FAULTY,,
Smartphones,Samsung,Cell Phone,Galaxy A33,Verizon,256GB,POOR,,
Smartphones,Samsung,Cell Phone,Galaxy A33,Verizon,256GB,GOOD,11.25,
Smartphones,Samsung,Cell Phone,Galaxy A33,Verizon,256GB,MINT,15,
Smartphones,Samsung,Cell Phone,Galaxy A33,Verizon,128GB,FAULTY,,
Smartphones,Samsung,Cell Phone,Galaxy A33,Verizon,128GB,POOR,,
Smartphones,Samsung,Cell Phone,Galaxy A33,Verizon,128GB,GOOD,8.44,
Smartphones,Samsung,Cell Phone,Galaxy A33,Verizon,128GB,MINT,11.25,
Smartphones,Samsung,Cell Phone,Galaxy A04s,Unlocked,128GB,FAULTY,,
Smartphones,Samsung,Cell Phone,Galaxy A04e,Unlocked,128GB,FAULTY,,
Smartphones,Samsung,Cell Phone,Galaxy A04e,Unlocked,128GB,POOR,,
Smartphones,Samsung,Cell Phone,Galaxy A04e,Unlocked,128GB,GOOD,18.75,
Smartphones,Samsung,Cell Phone,Galaxy A04e,Unlocked,128GB,MINT,25,
Smartphones,Samsung,Cell Phone,Galaxy A04e,Unlocked,64GB,FAULTY,,
Smartphones,Samsung,Cell Phone,Galaxy A04e,Unlocked,64GB,POOR,,
Smartphones,Samsung,Cell Phone,Galaxy A04e,Unlocked,64GB,GOOD,15,
Smartphones,Samsung,Cell Phone,Galaxy A04e,Unlocked,64GB,MINT,20,
Smartphones,Samsung,Cell Phone,Galaxy A04e,Unlocked,32GB,FAULTY,,
Smartphones,Samsung,Cell Phone,Galaxy A04e,Unlocked,32GB,POOR,,
Smartphones,Samsung,Cell Phone,Galaxy A04e,Unlocked,32GB,GOOD,11.25,
Smartphones,Samsung,Cell Phone,Galaxy A04e,Unlocked,32GB,MINT,15,
Smartphones,Samsung,Cell Phone,Galaxy A04e,Other,128GB,FAULTY,,
Smartphones,Samsung,Cell Phone,Galaxy A04e,Other,128GB,POOR,,
Smartphones,Samsung,Cell Phone,Galaxy A04e,Other,128GB,GOOD,9.38,
Smartphones,Samsung,Cell Phone,Galaxy A04e,Other,128GB,MINT,12.5,
Smartphones,Samsung,Cell Phone,Galaxy A04e,Other,64GB,FAULTY,,
Smartphones,Samsung,Cell Phone,Galaxy A04e,Other,64GB,POOR,,
Smartphones,Samsung,Cell Phone,Galaxy A04e,Other,64GB,GOOD,7.5,
Smartphones,Samsung,Cell Phone,Galaxy A04e,Other,64GB,MINT,10,
Smartphones,Samsung,Cell Phone,Galaxy A04e,Other,32GB,FAULTY,,
Smartphones,Samsung,Cell Phone,Galaxy A04e,Other,32GB,POOR,,
Smartphones,Samsung,Cell Phone,Galaxy A04e,Other,32GB,GOOD,5.63,
Smartphones,Samsung,Cell Phone,Galaxy A04e,Other,32GB,MINT,7.5,
Smartphones,Samsung,Cell Phone,Galaxy A04e,T-Mobile,128GB,FAULTY,,
Smartphones,Samsung,Cell Phone,Galaxy A04e,T-Mobile,128GB,POOR,,
Smartphones,Samsung,Cell Phone,Galaxy A04e,T-Mobile,128GB,GOOD,14.06,
Smartphones,Samsung,Cell Phone,Galaxy A04e,T-Mobile,128GB,MINT,18.75,
Smartphones,Samsung,Cell Phone,Galaxy A04e,T-Mobile,64GB,FAULTY,,
Smartphones,Samsung,Cell Phone,Galaxy A04e,T-Mobile,64GB,POOR,,
Smartphones,Samsung,Cell Phone,Galaxy A04e,T-Mobile,64GB,GOOD,11.25,
Smartphones,Samsung,Cell Phone,Galaxy A04e,T-Mobile,64GB,MINT,15,
Smartphones,Samsung,Cell Phone,Galaxy A04e,T-Mobile,32GB,FAULTY,,
Smartphones,Samsung,Cell Phone,Galaxy A04e,T-Mobile,32GB,POOR,,
Smartphones,Samsung,Cell Phone,Galaxy A04e,T-Mobile,32GB,GOOD,8.44,
Smartphones,Samsung,Cell Phone,Galaxy A04e,T-Mobile,32GB,MINT,11.25,
Smartphones,Samsung,Cell Phone,Galaxy A04e,AT&T,128GB,FAULTY,,
Smartphones,Samsung,Cell Phone,Galaxy A04e,AT&T,128GB,POOR,,
Smartphones,Samsung,Cell Phone,Galaxy A04e,AT&T,128GB,GOOD,14.06,
Smartphones,Samsung,Cell Phone,Galaxy A04e,AT&T,128GB,MINT,18.75,
Smartphones,Samsung,Cell Phone,Galaxy A04e,AT&T,64GB,FAULTY,,
Smartphones,Samsung,Cell Phone,Galaxy A04e,AT&T,64GB,POOR,,
Smartphones,Samsung,Cell Phone,Galaxy A04e,AT&T,64GB,GOOD,11.25,
Smartphones,Samsung,Cell Phone,Galaxy A04e,AT&T,64GB,MINT,15,
Smartphones,Samsung,Cell Phone,Galaxy A04e,AT&T,32GB,FAULTY,,
Smartphones,Samsung,Cell Phone,Galaxy A04e,AT&T,32GB,POOR,,
Smartphones,Samsung,Cell Phone,Galaxy A04e,AT&T,32GB,GOOD,8.44,
Smartphones,Samsung,Cell Phone,Galaxy A04e,AT&T,32GB,MINT,11.25,
Smartphones,Samsung,Cell Phone,Galaxy A04e,Verizon,128GB,FAULTY,,
Smartphones,Samsung,Cell Phone,Galaxy A04e,Verizon,128GB,POOR,,
Smartphones,Samsung,Cell Phone,Galaxy A04e,Verizon,128GB,GOOD,14.06,
Smartphones,Samsung,Cell Phone,Galaxy A04e,Verizon,128GB,MINT,18.75,
Smartphones,Samsung,Cell Phone,Galaxy A04e,Verizon,64GB,FAULTY,,
Smartphones,Samsung,Cell Phone,Galaxy A04e,Verizon,64GB,POOR,,
Smartphones,Samsung,Cell Phone,Galaxy A04e,Verizon,64GB,GOOD,11.25,
Smartphones,Samsung,Cell Phone,Galaxy A04e,Verizon,64GB,MINT,15,
Smartphones,Samsung,Cell Phone,Galaxy A04e,Verizon,32GB,FAULTY,,
Smartphones,Samsung,Cell Phone,Galaxy A04e,Verizon,32GB,POOR,,
Smartphones,Samsung,Cell Phone,Galaxy A04e,Verizon,32GB,GOOD,8.44,
Smartphones,Samsung,Cell Phone,Galaxy A04e,Verizon,32GB,MINT,11.25,
Smartphones,Samsung,Cell Phone,Galaxy A04s,Unlocked,128GB,POOR,,
Smartphones,Samsung,Cell Phone,Galaxy A04s,Unlocked,128GB,GOOD,18.75,
Smartphones,Samsung,Cell Phone,Galaxy A04s,Unlocked,128GB,MINT,25,
Smartphones,Samsung,Cell Phone,Galaxy A04s,Unlocked,64GB,FAULTY,,
Smartphones,Samsung,Cell Phone,Galaxy A04s,Unlocked,64GB,POOR,,
Smartphones,Samsung,Cell Phone,Galaxy A04s,Unlocked,64GB,GOOD,15,
Smartphones,Samsung,Cell Phone,Galaxy A04s,Unlocked,64GB,MINT,20,
Smartphones,Samsung,Cell Phone,Galaxy A04s,Unlocked,32GB,FAULTY,,
Smartphones,Samsung,Cell Phone,Galaxy A04s,Unlocked,32GB,POOR,,
Smartphones,Samsung,Cell Phone,Galaxy A04s,Unlocked,32GB,GOOD,11.25,
Smartphones,Samsung,Cell Phone,Galaxy A04s,Unlocked,32GB,MINT,15,
Smartphones,Samsung,Cell Phone,Galaxy A04s,Other,128GB,FAULTY,,
Smartphones,Samsung,Cell Phone,Galaxy A04s,Other,128GB,POOR,,
Smartphones,Samsung,Cell Phone,Galaxy A04s,Other,128GB,GOOD,9.38,
Smartphones,Samsung,Cell Phone,Galaxy A04s,Other,128GB,MINT,12.5,
Smartphones,Samsung,Cell Phone,Galaxy A04s,Other,64GB,FAULTY,,
Smartphones,Samsung,Cell Phone,Galaxy A04s,Other,64GB,POOR,,
Smartphones,Samsung,Cell Phone,Galaxy A04s,Other,64GB,GOOD,7.5,
Smartphones,Samsung,Cell Phone,Galaxy A04s,Other,64GB,MINT,10,
Smartphones,Samsung,Cell Phone,Galaxy A04s,Other,32GB,FAULTY,,
Smartphones,Samsung,Cell Phone,Galaxy A04s,Other,32GB,POOR,,
Smartphones,Samsung,Cell Phone,Galaxy A04s,Other,32GB,GOOD,5.63,
Smartphones,Samsung,Cell Phone,Galaxy A04s,Other,32GB,MINT,7.5,
Smartphones,Samsung,Cell Phone,Galaxy A04s,T-Mobile,128GB,FAULTY,,
Smartphones,Samsung,Cell Phone,Galaxy A04s,T-Mobile,128GB,POOR,,
Smartphones,Samsung,Cell Phone,Galaxy A04s,T-Mobile,128GB,GOOD,14.06,
Smartphones,Samsung,Cell Phone,Galaxy A04s,T-Mobile,128GB,MINT,18.75,
Smartphones,Samsung,Cell Phone,Galaxy A04s,T-Mobile,64GB,FAULTY,,
Smartphones,Samsung,Cell Phone,Galaxy A04s,T-Mobile,64GB,POOR,,
Smartphones,Samsung,Cell Phone,Galaxy A04s,T-Mobile,64GB,GOOD,11.25,
Smartphones,Samsung,Cell Phone,Galaxy A04s,T-Mobile,64GB,MINT,15,
Smartphones,Samsung,Cell Phone,Galaxy A04s,T-Mobile,32GB,FAULTY,,
Smartphones,Samsung,Cell Phone,Galaxy A04s,T-Mobile,32GB,POOR,,
Smartphones,Samsung,Cell Phone,Galaxy A04s,T-Mobile,32GB,GOOD,8.44,
Smartphones,Samsung,Cell Phone,Galaxy A04s,T-Mobile,32GB,MINT,11.25,
Smartphones,Samsung,Cell Phone,Galaxy A04s,AT&T,128GB,FAULTY,,
Smartphones,Samsung,Cell Phone,Galaxy A04s,AT&T,128GB,POOR,,
Smartphones,Samsung,Cell Phone,Galaxy A04s,AT&T,128GB,GOOD,14.06,
Smartphones,Samsung,Cell Phone,Galaxy A04s,AT&T,128GB,MINT,18.75,
Smartphones,Samsung,Cell Phone,Galaxy A04s,AT&T,64GB,FAULTY,,
Smartphones,Samsung,Cell Phone,Galaxy A04s,AT&T,64GB,POOR,,
Smartphones,Samsung,Cell Phone,Galaxy A04s,AT&T,64GB,GOOD,11.25,
Smartphones,Samsung,Cell Phone,Galaxy A04s,AT&T,64GB,MINT,15,
Smartphones,Samsung,Cell Phone,Galaxy A04s,AT&T,32GB,FAULTY,,
Smartphones,Samsung,Cell Phone,Galaxy A04s,AT&T,32GB,POOR,,
Smartphones,Samsung,Cell Phone,Galaxy A04s,AT&T,32GB,GOOD,8.44,
Smartphones,Samsung,Cell Phone,Galaxy A04s,AT&T,32GB,MINT,11.25,
Smartphones,Samsung,Cell Phone,Galaxy A04s,Verizon,128GB,FAULTY,,
Smartphones,Samsung,Cell Phone,Galaxy A04s,Verizon,128GB,POOR,,
Smartphones,Samsung,Cell Phone,Galaxy A04s,Verizon,128GB,GOOD,14.06,
Smartphones,Samsung,Cell Phone,Galaxy A04s,Verizon,128GB,MINT,18.75,
Smartphones,Samsung,Cell Phone,Galaxy A04s,Verizon,64GB,FAULTY,,
Smartphones,Samsung,Cell Phone,Galaxy A04s,Verizon,64GB,POOR,,
Smartphones,Samsung,Cell Phone,Galaxy A04s,Verizon,64GB,GOOD,11.25,
Smartphones,Samsung,Cell Phone,Galaxy A04s,Verizon,64GB,MINT,15,
Smartphones,Samsung,Cell Phone,Galaxy A04s,Verizon,32GB,FAULTY,,
Smartphones,Samsung,Cell Phone,Galaxy A04s,Verizon,32GB,POOR,,
Smartphones,Samsung,Cell Phone,Galaxy A04s,Verizon,32GB,GOOD,8.44,
Smartphones,Samsung,Cell Phone,Galaxy A04s,Verizon,32GB,MINT,11.25,
Smartphones,Samsung,Cell Phone,Galaxy A23 4G,Unlocked,128GB,FAULTY,3,
Smartphones,Samsung,Cell Phone,Galaxy A23 5G,Unlocked,128GB,FAULTY,2,
Smartphones,Samsung,Cell Phone,Galaxy A23 5G,Unlocked,128GB,POOR,12,
Smartphones,Samsung,Cell Phone,Galaxy A23 5G,Unlocked,128GB,GOOD,22.5,
Smartphones,Samsung,Cell Phone,Galaxy A23 5G,Unlocked,128GB,MINT,32,
Smartphones,Samsung,Cell Phone,Galaxy A23 5G,Unlocked,64GB,FAULTY,1,
Smartphones,Samsung,Cell Phone,Galaxy A23 5G,Unlocked,64GB,POOR,12,
Smartphones,Samsung,Cell Phone,Galaxy A23 5G,Unlocked,64GB,GOOD,22.5,20
Smartphones,Samsung,Cell Phone,Galaxy A23 5G,Unlocked,64GB,MINT,35,30
Smartphones,Samsung,Cell Phone,Galaxy A23 5G,Other,128GB,FAULTY,,
Smartphones,Samsung,Cell Phone,Galaxy A23 5G,Other,128GB,POOR,,
Smartphones,Samsung,Cell Phone,Galaxy A23 5G,Other,128GB,GOOD,11.25,
Smartphones,Samsung,Cell Phone,Galaxy A23 5G,Other,128GB,MINT,15,
Smartphones,Samsung,Cell Phone,Galaxy A23 5G,Other,64GB,FAULTY,1,
Smartphones,Samsung,Cell Phone,Galaxy A23 5G,Other,64GB,POOR,2,
Smartphones,Samsung,Cell Phone,Galaxy A23 5G,Other,64GB,GOOD,11.25,4
Smartphones,Samsung,Cell Phone,Galaxy A23 5G,Other,64GB,MINT,15,12
Smartphones,Samsung,Cell Phone,Galaxy A23 5G,T-Mobile,128GB,FAULTY,1,
Smartphones,Samsung,Cell Phone,Galaxy A23 5G,T-Mobile,128GB,POOR,8,
Smartphones,Samsung,Cell Phone,Galaxy A23 5G,T-Mobile,128GB,GOOD,16.88,
Smartphones,Samsung,Cell Phone,Galaxy A23 5G,T-Mobile,128GB,MINT,27,
Smartphones,Samsung,Cell Phone,Galaxy A23 5G,T-Mobile,64GB,FAULTY,1,
Smartphones,Samsung,Cell Phone,Galaxy A23 5G,T-Mobile,64GB,POOR,8,
Smartphones,Samsung,Cell Phone,Galaxy A23 5G,T-Mobile,64GB,GOOD,16.88,15
Smartphones,Samsung,Cell Phone,Galaxy A23 5G,T-Mobile,64GB,MINT,27,25
Smartphones,Samsung,Cell Phone,Galaxy A23 5G,AT&T,128GB,FAULTY,1,
Smartphones,Samsung,Cell Phone,Galaxy A23 5G,AT&T,128GB,POOR,9,
Smartphones,Samsung,Cell Phone,Galaxy A23 5G,AT&T,128GB,GOOD,16.88,
Smartphones,Samsung,Cell Phone,Galaxy A23 5G,AT&T,128GB,MINT,26,
Smartphones,Samsung,Cell Phone,Galaxy A23 5G,AT&T,64GB,FAULTY,1,
Smartphones,Samsung,Cell Phone,Galaxy A23 5G,AT&T,64GB,POOR,9,
Smartphones,Samsung,Cell Phone,Galaxy A23 5G,AT&T,64GB,GOOD,16.88,15
Smartphones,Samsung,Cell Phone,Galaxy A23 5G,AT&T,64GB,MINT,30,25
Smartphones,Samsung,Cell Phone,Galaxy A23 5G,Verizon,128GB,FAULTY,1,
Smartphones,Samsung,Cell Phone,Galaxy A23 5G,Verizon,128GB,POOR,10,
Smartphones,Samsung,Cell Phone,Galaxy A23 5G,Verizon,128GB,GOOD,18,
Smartphones,Samsung,Cell Phone,Galaxy A23 5G,Verizon,128GB,MINT,27,
Smartphones,Samsung,Cell Phone,Galaxy A23 5G,Verizon,64GB,FAULTY,1,
Smartphones,Samsung,Cell Phone,Galaxy A23 5G,Verizon,64GB,POOR,10,
Smartphones,Samsung,Cell Phone,Galaxy A23 5G,Verizon,64GB,GOOD,18,15
Smartphones,Samsung,Cell Phone,Galaxy A23 5G,Verizon,64GB,MINT,27,25
Smartphones,Samsung,Cell Phone,Galaxy A23 4G,Unlocked,128GB,POOR,1,
Smartphones,Samsung,Cell Phone,Galaxy A23 4G,Unlocked,128GB,GOOD,22.5,20
Smartphones,Samsung,Cell Phone,Galaxy A23 4G,Unlocked,128GB,MINT,30,30
Smartphones,Samsung,Cell Phone,Galaxy A23 4G,Unlocked,64GB,FAULTY,,
Smartphones,Samsung,Cell Phone,Galaxy A23 4G,Unlocked,64GB,POOR,,
Smartphones,Samsung,Cell Phone,Galaxy A23 4G,Unlocked,64GB,GOOD,18.75,
Smartphones,Samsung,Cell Phone,Galaxy A23 4G,Unlocked,64GB,MINT,25,
Smartphones,Samsung,Cell Phone,Galaxy A23 4G,Other,128GB,FAULTY,,
Smartphones,Samsung,Cell Phone,Galaxy A23 4G,Other,128GB,POOR,,
Smartphones,Samsung,Cell Phone,Galaxy A23 4G,Other,128GB,GOOD,11.25,
Smartphones,Samsung,Cell Phone,Galaxy A23 4G,Other,128GB,MINT,15,
Smartphones,Samsung,Cell Phone,Galaxy A23 4G,Other,64GB,FAULTY,,
Smartphones,Samsung,Cell Phone,Galaxy A23 4G,Other,64GB,POOR,,
Smartphones,Samsung,Cell Phone,Galaxy A23 4G,Other,64GB,GOOD,9.38,
Smartphones,Samsung,Cell Phone,Galaxy A23 4G,Other,64GB,MINT,12.5,
Smartphones,Samsung,Cell Phone,Galaxy A23 4G,T-Mobile,128GB,FAULTY,,
Smartphones,Samsung,Cell Phone,Galaxy A23 4G,T-Mobile,128GB,POOR,,
Smartphones,Samsung,Cell Phone,Galaxy A23 4G,T-Mobile,128GB,GOOD,16.88,
Smartphones,Samsung,Cell Phone,Galaxy A23 4G,T-Mobile,128GB,MINT,22.5,
Smartphones,Samsung,Cell Phone,Galaxy A23 4G,T-Mobile,64GB,FAULTY,,
Smartphones,Samsung,Cell Phone,Galaxy A23 4G,T-Mobile,64GB,POOR,,
Smartphones,Samsung,Cell Phone,Galaxy A23 4G,T-Mobile,64GB,GOOD,14.06,
Smartphones,Samsung,Cell Phone,Galaxy A23 4G,T-Mobile,64GB,MINT,18.75,
Smartphones,Samsung,Cell Phone,Galaxy A23 4G,AT&T,128GB,FAULTY,,
Smartphones,Samsung,Cell Phone,Galaxy A23 4G,AT&T,128GB,POOR,,
Smartphones,Samsung,Cell Phone,Galaxy A23 4G,AT&T,128GB,GOOD,16.88,
Smartphones,Samsung,Cell Phone,Galaxy A23 4G,AT&T,128GB,MINT,22.5,
Smartphones,Samsung,Cell Phone,Galaxy A23 4G,AT&T,64GB,FAULTY,,
Smartphones,Samsung,Cell Phone,Galaxy A23 4G,AT&T,64GB,POOR,,
Smartphones,Samsung,Cell Phone,Galaxy A23 4G,AT&T,64GB,GOOD,14.06,
Smartphones,Samsung,Cell Phone,Galaxy A23 4G,AT&T,64GB,MINT,18.75,
Smartphones,Samsung,Cell Phone,Galaxy A23 4G,Verizon,128GB,FAULTY,,
Smartphones,Samsung,Cell Phone,Galaxy A23 4G,Verizon,128GB,POOR,,
Smartphones,Samsung,Cell Phone,Galaxy A23 4G,Verizon,128GB,GOOD,16.88,
Smartphones,Samsung,Cell Phone,Galaxy A23 4G,Verizon,128GB,MINT,22.5,
Smartphones,Samsung,Cell Phone,Galaxy A23 4G,Verizon,64GB,FAULTY,,
Smartphones,Samsung,Cell Phone,Galaxy A23 4G,Verizon,64GB,POOR,,
Smartphones,Samsung,Cell Phone,Galaxy A23 4G,Verizon,64GB,GOOD,14.06,
Smartphones,Samsung,Cell Phone,Galaxy A23 4G,Verizon,64GB,MINT,18.75,
Smartphones,Samsung,Cell Phone,Galaxy A53,Unlocked,256GB,FAULTY,10,
Smartphones,Samsung,Cell Phone,Galaxy A73,Unlocked,256GB,FAULTY,36,
Smartphones,Samsung,Cell Phone,Galaxy A73,Unlocked,256GB,POOR,32,
Smartphones,Samsung,Cell Phone,Galaxy A73,Unlocked,256GB,GOOD,78.75,
Smartphones,Samsung,Cell Phone,Galaxy A73,Unlocked,256GB,MINT,105,
Smartphones,Samsung,Cell Phone,Galaxy A73,Unlocked,128GB,FAULTY,31,
Smartphones,Samsung,Cell Phone,Galaxy A73,Unlocked,128GB,POOR,29,
Smartphones,Samsung,Cell Phone,Galaxy A73,Unlocked,128GB,GOOD,71.25,
Smartphones,Samsung,Cell Phone,Galaxy A73,Unlocked,128GB,MINT,95,
Smartphones,Samsung,Cell Phone,Galaxy A73,Other,256GB,FAULTY,,
Smartphones,Samsung,Cell Phone,Galaxy A73,Other,256GB,POOR,,
Smartphones,Samsung,Cell Phone,Galaxy A73,Other,256GB,GOOD,39.38,
Smartphones,Samsung,Cell Phone,Galaxy A73,Other,256GB,MINT,52.5,
Smartphones,Samsung,Cell Phone,Galaxy A73,Other,128GB,FAULTY,,
Smartphones,Samsung,Cell Phone,Galaxy A73,Other,128GB,POOR,,
Smartphones,Samsung,Cell Phone,Galaxy A73,Other,128GB,GOOD,35.63,
Smartphones,Samsung,Cell Phone,Galaxy A73,Other,128GB,MINT,47.5,
Smartphones,Samsung,Cell Phone,Galaxy A73,T-Mobile,256GB,FAULTY,6,
Smartphones,Samsung,Cell Phone,Galaxy A73,T-Mobile,256GB,POOR,22,
Smartphones,Samsung,Cell Phone,Galaxy A73,T-Mobile,256GB,GOOD,59.06,
Smartphones,Samsung,Cell Phone,Galaxy A73,T-Mobile,256GB,MINT,78.75,
Smartphones,Samsung,Cell Phone,Galaxy A73,T-Mobile,128GB,FAULTY,5,
Smartphones,Samsung,Cell Phone,Galaxy A73,T-Mobile,128GB,POOR,18,
Smartphones,Samsung,Cell Phone,Galaxy A73,T-Mobile,128GB,GOOD,53.44,
Smartphones,Samsung,Cell Phone,Galaxy A73,T-Mobile,128GB,MINT,71.25,
Smartphones,Samsung,Cell Phone,Galaxy A73,AT&T,256GB,FAULTY,6,
Smartphones,Samsung,Cell Phone,Galaxy A73,AT&T,256GB,POOR,22,
Smartphones,Samsung,Cell Phone,Galaxy A73,AT&T,256GB,GOOD,59.06,
Smartphones,Samsung,Cell Phone,Galaxy A73,AT&T,256GB,MINT,78.75,
Smartphones,Samsung,Cell Phone,Galaxy A73,AT&T,128GB,FAULTY,5,
Smartphones,Samsung,Cell Phone,Galaxy A73,AT&T,128GB,POOR,18,
Smartphones,Samsung,Cell Phone,Galaxy A73,AT&T,128GB,GOOD,53.44,
Smartphones,Samsung,Cell Phone,Galaxy A73,AT&T,128GB,MINT,71.25,
Smartphones,Samsung,Cell Phone,Galaxy A73,Verizon,256GB,FAULTY,6,
Smartphones,Samsung,Cell Phone,Galaxy A73,Verizon,256GB,POOR,22,
Smartphones,Samsung,Cell Phone,Galaxy A73,Verizon,256GB,GOOD,59.06,
Smartphones,Samsung,Cell Phone,Galaxy A73,Verizon,256GB,MINT,78.75,
Smartphones,Samsung,Cell Phone,Galaxy A73,Verizon,128GB,FAULTY,5,
Smartphones,Samsung,Cell Phone,Galaxy A73,Verizon,128GB,POOR,18,
Smartphones,Samsung,Cell Phone,Galaxy A73,Verizon,128GB,GOOD,53.44,
Smartphones,Samsung,Cell Phone,Galaxy A73,Verizon,128GB,MINT,71.25,
Smartphones,Samsung,Cell Phone,Galaxy A53,Unlocked,256GB,POOR,28,
Smartphones,Samsung,Cell Phone,Galaxy A53,Unlocked,256GB,GOOD,49,
Smartphones,Samsung,Cell Phone,Galaxy A53,Unlocked,256GB,MINT,65,
Smartphones,Samsung,Cell Phone,Galaxy A53,Unlocked,128GB,FAULTY,10,5
Smartphones,Samsung,Cell Phone,Galaxy A53,Unlocked,128GB,POOR,28,5
Smartphones,Samsung,Cell Phone,Galaxy A53,Unlocked,128GB,GOOD,48,15
Smartphones,Samsung,Cell Phone,Galaxy A53,Unlocked,128GB,MINT,60,25
Smartphones,Samsung,Cell Phone,Galaxy A53,Other,256GB,FAULTY,4,
Smartphones,Samsung,Cell Phone,Galaxy A53,Other,256GB,POOR,12,
Smartphones,Samsung,Cell Phone,Galaxy A53,Other,256GB,GOOD,24.38,
Smartphones,Samsung,Cell Phone,Galaxy A53,Other,256GB,MINT,32.5,
Smartphones,Samsung,Cell Phone,Galaxy A53,Other,128GB,FAULTY,4,2
Smartphones,Samsung,Cell Phone,Galaxy A53,Other,128GB,POOR,12,2
Smartphones,Samsung,Cell Phone,Galaxy A53,Other,128GB,GOOD,22.5,
Smartphones,Samsung,Cell Phone,Galaxy A53,Other,128GB,MINT,30,5
Smartphones,Samsung,Cell Phone,Galaxy A53,T-Mobile,256GB,FAULTY,6,
Smartphones,Samsung,Cell Phone,Galaxy A53,T-Mobile,256GB,POOR,17,
Smartphones,Samsung,Cell Phone,Galaxy A53,T-Mobile,256GB,GOOD,36.56,
Smartphones,Samsung,Cell Phone,Galaxy A53,T-Mobile,256GB,MINT,48.75,
Smartphones,Samsung,Cell Phone,Galaxy A53,T-Mobile,128GB,FAULTY,6,2
Smartphones,Samsung,Cell Phone,Galaxy A53,T-Mobile,128GB,POOR,17,2
Smartphones,Samsung,Cell Phone,Galaxy A53,T-Mobile,128GB,GOOD,33.75,
Smartphones,Samsung,Cell Phone,Galaxy A53,T-Mobile,128GB,MINT,45,10
Smartphones,Samsung,Cell Phone,Galaxy A53,AT&T,256GB,FAULTY,7,
Smartphones,Samsung,Cell Phone,Galaxy A53,AT&T,256GB,POOR,19,
Smartphones,Samsung,Cell Phone,Galaxy A53,AT&T,256GB,GOOD,36.56,
Smartphones,Samsung,Cell Phone,Galaxy A53,AT&T,256GB,MINT,48.75,
Smartphones,Samsung,Cell Phone,Galaxy A53,AT&T,128GB,FAULTY,7,5
Smartphones,Samsung,Cell Phone,Galaxy A53,AT&T,128GB,POOR,19,5
Smartphones,Samsung,Cell Phone,Galaxy A53,AT&T,128GB,GOOD,33.75,10
Smartphones,Samsung,Cell Phone,Galaxy A53,AT&T,128GB,MINT,45,20
Smartphones,Samsung,Cell Phone,Galaxy A53,Verizon,256GB,FAULTY,6,
Smartphones,Samsung,Cell Phone,Galaxy A53,Verizon,256GB,POOR,17,
Smartphones,Samsung,Cell Phone,Galaxy A53,Verizon,256GB,GOOD,36.56,
Smartphones,Samsung,Cell Phone,Galaxy A53,Verizon,256GB,MINT,48.75,
Smartphones,Samsung,Cell Phone,Galaxy A53,Verizon,128GB,FAULTY,6,5
Smartphones,Samsung,Cell Phone,Galaxy A53,Verizon,128GB,POOR,18,5
Smartphones,Samsung,Cell Phone,Galaxy A53,Verizon,128GB,GOOD,35,10
Smartphones,Samsung,Cell Phone,Galaxy A53,Verizon,128GB,MINT,45,20
Smartphones,Samsung,Cell Phone,Galaxy A14 4G,Unlocked,64GB,FAULTY,3,
Smartphones,Samsung,Cell Phone,Galaxy A05,Unlocked,64GB,FAULTY,,
Smartphones,Samsung,Cell Phone,Galaxy A05,Unlocked,64GB,POOR,,
Smartphones,Samsung,Cell Phone,Galaxy A05,Unlocked,64GB,GOOD,10,10
Smartphones,Samsung,Cell Phone,Galaxy A05,Unlocked,64GB,MINT,15,15
Smartphones,Samsung,Cell Phone,Galaxy A05,Other,64GB,FAULTY,,
Smartphones,Samsung,Cell Phone,Galaxy A05,Other,64GB,POOR,,
Smartphones,Samsung,Cell Phone,Galaxy A05,Other,64GB,GOOD,,
Smartphones,Samsung,Cell Phone,Galaxy A05,Other,64GB,MINT,,
Smartphones,Samsung,Cell Phone,Galaxy A05,T-Mobile,64GB,FAULTY,,
Smartphones,Samsung,Cell Phone,Galaxy A05,T-Mobile,64GB,POOR,,
Smartphones,Samsung,Cell Phone,Galaxy A05,T-Mobile,64GB,GOOD,,
Smartphones,Samsung,Cell Phone,Galaxy A05,T-Mobile,64GB,MINT,,
Smartphones,Samsung,Cell Phone,Galaxy A05,AT&T,64GB,FAULTY,,
Smartphones,Samsung,Cell Phone,Galaxy A05,AT&T,64GB,POOR,,
Smartphones,Samsung,Cell Phone,Galaxy A05,AT&T,64GB,GOOD,,
Smartphones,Samsung,Cell Phone,Galaxy A05,AT&T,64GB,MINT,,
Smartphones,Samsung,Cell Phone,Galaxy A05,Verizon,64GB,FAULTY,,
Smartphones,Samsung,Cell Phone,Galaxy A05,Verizon,64GB,POOR,,
Smartphones,Samsung,Cell Phone,Galaxy A05,Verizon,64GB,GOOD,,
Smartphones,Samsung,Cell Phone,Galaxy A05,Verizon,64GB,MINT,,
Smartphones,Samsung,Cell Phone,Galaxy A14 4G,Unlocked,64GB,POOR,3,
Smartphones,Samsung,Cell Phone,Galaxy A14 4G,Unlocked,64GB,GOOD,10,
Smartphones,Samsung,Cell Phone,Galaxy A14 4G,Unlocked,64GB,MINT,13,
Smartphones,Samsung,Cell Phone,Galaxy A14 4G,Other,64GB,FAULTY,1,
Smartphones,Samsung,Cell Phone,Galaxy A14 4G,Other,64GB,POOR,1,
Smartphones,Samsung,Cell Phone,Galaxy A14 4G,Other,64GB,GOOD,3,
Smartphones,Samsung,Cell Phone,Galaxy A14 4G,Other,64GB,MINT,4,
Smartphones,Samsung,Cell Phone,Galaxy A14 4G,T-Mobile,64GB,FAULTY,1,
Smartphones,Samsung,Cell Phone,Galaxy A14 4G,T-Mobile,64GB,POOR,2,
Smartphones,Samsung,Cell Phone,Galaxy A14 4G,T-Mobile,64GB,GOOD,5,
Smartphones,Samsung,Cell Phone,Galaxy A14 4G,T-Mobile,64GB,MINT,7,
Smartphones,Samsung,Cell Phone,Galaxy A14 4G,AT&T,64GB,FAULTY,1,
Smartphones,Samsung,Cell Phone,Galaxy A14 4G,AT&T,64GB,POOR,2,
Smartphones,Samsung,Cell Phone,Galaxy A14 4G,AT&T,64GB,GOOD,5,
Smartphones,Samsung,Cell Phone,Galaxy A14 4G,AT&T,64GB,MINT,7,
Smartphones,Samsung,Cell Phone,Galaxy A14 4G,Verizon,64GB,FAULTY,1,
Smartphones,Samsung,Cell Phone,Galaxy A14 4G,Verizon,64GB,POOR,1,
Smartphones,Samsung,Cell Phone,Galaxy A14 4G,Verizon,64GB,GOOD,3,
Smartphones,Samsung,Cell Phone,Galaxy A14 4G,Verizon,64GB,MINT,6,
Smartphones,Samsung,Cell Phone,Galaxy A24,Unlocked,128GB,FAULTY,2,
Smartphones,Samsung,Cell Phone,Galaxy A14 5G,Unlocked,128GB,FAULTY,,
Smartphones,Samsung,Cell Phone,Galaxy A14 5G,Unlocked,128GB,POOR,2,
Smartphones,Samsung,Cell Phone,Galaxy A14 5G,Unlocked,128GB,GOOD,18,
Smartphones,Samsung,Cell Phone,Galaxy A14 5G,Unlocked,128GB,MINT,20,
Smartphones,Samsung,Cell Phone,Galaxy A14 5G,Unlocked,64GB,FAULTY,1,
Smartphones,Samsung,Cell Phone,Galaxy A14 5G,Unlocked,64GB,POOR,4,
Smartphones,Samsung,Cell Phone,Galaxy A14 5G,Unlocked,64GB,GOOD,13.5,8
Smartphones,Samsung,Cell Phone,Galaxy A14 5G,Unlocked,64GB,MINT,15,10
Smartphones,Samsung,Cell Phone,Galaxy A14 5G,Other,128GB,FAULTY,,
Smartphones,Samsung,Cell Phone,Galaxy A14 5G,Other,128GB,POOR,2,
Smartphones,Samsung,Cell Phone,Galaxy A14 5G,Other,128GB,GOOD,4,
Smartphones,Samsung,Cell Phone,Galaxy A14 5G,Other,128GB,MINT,5,
Smartphones,Samsung,Cell Phone,Galaxy A14 5G,Other,64GB,FAULTY,,
Smartphones,Samsung,Cell Phone,Galaxy A14 5G,Other,64GB,POOR,2,
Smartphones,Samsung,Cell Phone,Galaxy A14 5G,Other,64GB,GOOD,4,1
Smartphones,Samsung,Cell Phone,Galaxy A14 5G,Other,64GB,MINT,5,3
Smartphones,Samsung,Cell Phone,Galaxy A14 5G,T-Mobile,128GB,FAULTY,,
Smartphones,Samsung,Cell Phone,Galaxy A14 5G,T-Mobile,128GB,POOR,1,
Smartphones,Samsung,Cell Phone,Galaxy A14 5G,T-Mobile,128GB,GOOD,16.2,
Smartphones,Samsung,Cell Phone,Galaxy A14 5G,T-Mobile,128GB,MINT,18,
Smartphones,Samsung,Cell Phone,Galaxy A14 5G,T-Mobile,64GB,FAULTY,1,
Smartphones,Samsung,Cell Phone,Galaxy A14 5G,T-Mobile,64GB,POOR,3,
Smartphones,Samsung,Cell Phone,Galaxy A14 5G,T-Mobile,64GB,GOOD,12.15,3
Smartphones,Samsung,Cell Phone,Galaxy A14 5G,T-Mobile,64GB,MINT,13.5,5
Smartphones,Samsung,Cell Phone,Galaxy A14 5G,AT&T,128GB,FAULTY,,
Smartphones,Samsung,Cell Phone,Galaxy A14 5G,AT&T,128GB,POOR,1,
Smartphones,Samsung,Cell Phone,Galaxy A14 5G,AT&T,128GB,GOOD,16.2,
Smartphones,Samsung,Cell Phone,Galaxy A14 5G,AT&T,128GB,MINT,18,
Smartphones,Samsung,Cell Phone,Galaxy A14 5G,AT&T,64GB,FAULTY,1,
Smartphones,Samsung,Cell Phone,Galaxy A14 5G,AT&T,64GB,POOR,3,
Smartphones,Samsung,Cell Phone,Galaxy A14 5G,AT&T,64GB,GOOD,12.15,3
Smartphones,Samsung,Cell Phone,Galaxy A14 5G,AT&T,64GB,MINT,13.5,5
Smartphones,Samsung,Cell Phone,Galaxy A14 5G,Verizon,128GB,FAULTY,,
Smartphones,Samsung,Cell Phone,Galaxy A14 5G,Verizon,128GB,POOR,2,
Smartphones,Samsung,Cell Phone,Galaxy A14 5G,Verizon,128GB,GOOD,16.2,
Smartphones,Samsung,Cell Phone,Galaxy A14 5G,Verizon,128GB,MINT,18,
Smartphones,Samsung,Cell Phone,Galaxy A14 5G,Verizon,64GB,FAULTY,1,
Smartphones,Samsung,Cell Phone,Galaxy A14 5G,Verizon,64GB,POOR,3,
Smartphones,Samsung,Cell Phone,Galaxy A14 5G,Verizon,64GB,GOOD,12.15,3
Smartphones,Samsung,Cell Phone,Galaxy A14 5G,Verizon,64GB,MINT,13.5,5
Smartphones,Samsung,Cell Phone,Galaxy A24,Unlocked,128GB,POOR,7,
Smartphones,Samsung,Cell Phone,Galaxy A24,Unlocked,128GB,GOOD,14,
Smartphones,Samsung,Cell Phone,Galaxy A24,Unlocked,128GB,MINT,17,
Smartphones,Samsung,Cell Phone,Galaxy A24,Other,128GB,FAULTY,,
Smartphones,Samsung,Cell Phone,Galaxy A24,Other,128GB,POOR,4,
Smartphones,Samsung,Cell Phone,Galaxy A24,Other,128GB,GOOD,8,
Smartphones,Samsung,Cell Phone,Galaxy A24,Other,128GB,MINT,12,
Smartphones,Samsung,Cell Phone,Galaxy A24,T-Mobile,128GB,FAULTY,1,
Smartphones,Samsung,Cell Phone,Galaxy A24,T-Mobile,128GB,POOR,6,
Smartphones,Samsung,Cell Phone,Galaxy A24,T-Mobile,128GB,GOOD,11,
Smartphones,Samsung,Cell Phone,Galaxy A24,T-Mobile,128GB,MINT,14,
Smartphones,Samsung,Cell Phone,Galaxy A24,AT&T,128GB,FAULTY,1,
Smartphones,Samsung,Cell Phone,Galaxy A24,AT&T,128GB,POOR,6,
Smartphones,Samsung,Cell Phone,Galaxy A24,AT&T,128GB,GOOD,11,
Smartphones,Samsung,Cell Phone,Galaxy A24,AT&T,128GB,MINT,14,
Smartphones,Samsung,Cell Phone,Galaxy A24,Verizon,128GB,FAULTY,1,
Smartphones,Samsung,Cell Phone,Galaxy A24,Verizon,128GB,POOR,6,
Smartphones,Samsung,Cell Phone,Galaxy A24,Verizon,128GB,GOOD,11,
Smartphones,Samsung,Cell Phone,Galaxy A24,Verizon,128GB,MINT,14,
Smartphones,Samsung,Cell Phone,Galaxy A15 4G,Unlocked,128GB,FAULTY,1,
Smartphones,Samsung,Cell Phone,Galaxy A15 5G,Unlocked,128GB,FAULTY,1,
Smartphones,Samsung,Cell Phone,Galaxy A15 5G,Unlocked,128GB,POOR,15,
Smartphones,Samsung,Cell Phone,Galaxy A15 5G,Unlocked,128GB,GOOD,26,15
Smartphones,Samsung,Cell Phone,Galaxy A15 5G,Unlocked,128GB,MINT,32,21
Smartphones,Samsung,Cell Phone,Galaxy A15 5G,Unlocked,64GB,FAULTY,,
Smartphones,Samsung,Cell Phone,Galaxy A15 5G,Unlocked,64GB,POOR,,
Smartphones,Samsung,Cell Phone,Galaxy A15 5G,Unlocked,64GB,GOOD,11.25,
Smartphones,Samsung,Cell Phone,Galaxy A15 5G,Unlocked,64GB,MINT,15,
Smartphones,Samsung,Cell Phone,Galaxy A15 5G,Other,128GB,FAULTY,,
Smartphones,Samsung,Cell Phone,Galaxy A15 5G,Other,128GB,POOR,,
Smartphones,Samsung,Cell Phone,Galaxy A15 5G,Other,128GB,GOOD,3,3
Smartphones,Samsung,Cell Phone,Galaxy A15 5G,Other,128GB,MINT,5,5
Smartphones,Samsung,Cell Phone,Galaxy A15 5G,Other,64GB,FAULTY,,
Smartphones,Samsung,Cell Phone,Galaxy A15 5G,Other,64GB,POOR,,
Smartphones,Samsung,Cell Phone,Galaxy A15 5G,Other,64GB,GOOD,,
Smartphones,Samsung,Cell Phone,Galaxy A15 5G,Other,64GB,MINT,,
Smartphones,Samsung,Cell Phone,Galaxy A15 5G,T-Mobile,128GB,FAULTY,1,
Smartphones,Samsung,Cell Phone,Galaxy A15 5G,T-Mobile,128GB,POOR,12,
Smartphones,Samsung,Cell Phone,Galaxy A15 5G,T-Mobile,128GB,GOOD,21,10
Smartphones,Samsung,Cell Phone,Galaxy A15 5G,T-Mobile,128GB,MINT,27,15
Smartphones,Samsung,Cell Phone,Galaxy A15 5G,T-Mobile,64GB,FAULTY,,
Smartphones,Samsung,Cell Phone,Galaxy A15 5G,T-Mobile,64GB,POOR,,
Smartphones,Samsung,Cell Phone,Galaxy A15 5G,T-Mobile,64GB,GOOD,8.44,
Smartphones,Samsung,Cell Phone,Galaxy A15 5G,T-Mobile,64GB,MINT,11.25,
Smartphones,Samsung,Cell Phone,Galaxy A15 5G,AT&T,128GB,FAULTY,1,
Smartphones,Samsung,Cell Phone,Galaxy A15 5G,AT&T,128GB,POOR,12,
Smartphones,Samsung,Cell Phone,Galaxy A15 5G,AT&T,128GB,GOOD,22,10
Smartphones,Samsung,Cell Phone,Galaxy A15 5G,AT&T,128GB,MINT,28,17
Smartphones,Samsung,Cell Phone,Galaxy A15 5G,AT&T,64GB,FAULTY,,
Smartphones,Samsung,Cell Phone,Galaxy A15 5G,AT&T,64GB,POOR,,
Smartphones,Samsung,Cell Phone,Galaxy A15 5G,AT&T,64GB,GOOD,8.44,
Smartphones,Samsung,Cell Phone,Galaxy A15 5G,AT&T,64GB,MINT,11.25,
Smartphones,Samsung,Cell Phone,Galaxy A15 5G,Verizon,128GB,FAULTY,1,
Smartphones,Samsung,Cell Phone,Galaxy A15 5G,Verizon,128GB,POOR,10,
Smartphones,Samsung,Cell Phone,Galaxy A15 5G,Verizon,128GB,GOOD,22,10
Smartphones,Samsung,Cell Phone,Galaxy A15 5G,Verizon,128GB,MINT,29,17
Smartphones,Samsung,Cell Phone,Galaxy A15 5G,Verizon,64GB,FAULTY,,
Smartphones,Samsung,Cell Phone,Galaxy A15 5G,Verizon,64GB,POOR,,
Smartphones,Samsung,Cell Phone,Galaxy A15 5G,Verizon,64GB,GOOD,8.44,
Smartphones,Samsung,Cell Phone,Galaxy A15 5G,Verizon,64GB,MINT,11.25,
Smartphones,Samsung,Cell Phone,Galaxy A15 4G,Unlocked,128GB,POOR,10,
Smartphones,Samsung,Cell Phone,Galaxy A15 4G,Unlocked,128GB,GOOD,18,
Smartphones,Samsung,Cell Phone,Galaxy A15 4G,Unlocked,128GB,MINT,22,
Smartphones,Samsung,Cell Phone,Galaxy A15 4G,Other,128GB,FAULTY,,
Smartphones,Samsung,Cell Phone,Galaxy A15 4G,Other,128GB,POOR,5,
Smartphones,Samsung,Cell Phone,Galaxy A15 4G,Other,128GB,GOOD,9,
Smartphones,Samsung,Cell Phone,Galaxy A15 4G,Other,128GB,MINT,11,
Smartphones,Samsung,Cell Phone,Galaxy A15 4G,T-Mobile,128GB,FAULTY,1,
Smartphones,Samsung,Cell Phone,Galaxy A15 4G,T-Mobile,128GB,POOR,6,
Smartphones,Samsung,Cell Phone,Galaxy A15 4G,T-Mobile,128GB,GOOD,11,
Smartphones,Samsung,Cell Phone,Galaxy A15 4G,T-Mobile,128GB,MINT,16,
Smartphones,Samsung,Cell Phone,Galaxy A15 4G,AT&T,128GB,FAULTY,1,
Smartphones,Samsung,Cell Phone,Galaxy A15 4G,AT&T,128GB,POOR,6,
Smartphones,Samsung,Cell Phone,Galaxy A15 4G,AT&T,128GB,GOOD,11,
Smartphones,Samsung,Cell Phone,Galaxy A15 4G,AT&T,128GB,MINT,16,
Smartphones,Samsung,Cell Phone,Galaxy A15 4G,Verizon,128GB,FAULTY,1,
Smartphones,Samsung,Cell Phone,Galaxy A15 4G,Verizon,128GB,POOR,6,
Smartphones,Samsung,Cell Phone,Galaxy A15 4G,Verizon,128GB,GOOD,10,
Smartphones,Samsung,Cell Phone,Galaxy A15 4G,Verizon,128GB,MINT,12,
Smartphones,Samsung,Cell Phone,Galaxy A25,Unlocked,256GB,FAULTY,2,
Smartphones,Samsung,Cell Phone,Galaxy A54,Unlocked,256GB,FAULTY,12,
Smartphones,Samsung,Cell Phone,Galaxy A54,Unlocked,256GB,POOR,37,
Smartphones,Samsung,Cell Phone,Galaxy A54,Unlocked,256GB,GOOD,60,
Smartphones,Samsung,Cell Phone,Galaxy A54,Unlocked,256GB,MINT,80,
Smartphones,Samsung,Cell Phone,Galaxy A54,Unlocked,128GB,FAULTY,10,5
Smartphones,Samsung,Cell Phone,Galaxy A54,Unlocked,128GB,POOR,27,5
Smartphones,Samsung,Cell Phone,Galaxy A54,Unlocked,128GB,GOOD,62,42
Smartphones,Samsung,Cell Phone,Galaxy A54,Unlocked,128GB,MINT,75,57
Smartphones,Samsung,Cell Phone,Galaxy A54,Other,256GB,FAULTY,6,
Smartphones,Samsung,Cell Phone,Galaxy A54,Other,256GB,POOR,20,
Smartphones,Samsung,Cell Phone,Galaxy A54,Other,256GB,GOOD,32,
Smartphones,Samsung,Cell Phone,Galaxy A54,Other,256GB,MINT,42,
Smartphones,Samsung,Cell Phone,Galaxy A54,Other,128GB,FAULTY,4,
Smartphones,Samsung,Cell Phone,Galaxy A54,Other,128GB,POOR,22,
Smartphones,Samsung,Cell Phone,Galaxy A54,Other,128GB,GOOD,28,10
Smartphones,Samsung,Cell Phone,Galaxy A54,Other,128GB,MINT,35,20
Smartphones,Samsung,Cell Phone,Galaxy A54,T-Mobile,256GB,FAULTY,8,
Smartphones,Samsung,Cell Phone,Galaxy A54,T-Mobile,256GB,POOR,28,
Smartphones,Samsung,Cell Phone,Galaxy A54,T-Mobile,256GB,GOOD,50,
Smartphones,Samsung,Cell Phone,Galaxy A54,T-Mobile,256GB,MINT,80,
Smartphones,Samsung,Cell Phone,Galaxy A54,T-Mobile,128GB,FAULTY,7,2
Smartphones,Samsung,Cell Phone,Galaxy A54,T-Mobile,128GB,POOR,23,2
Smartphones,Samsung,Cell Phone,Galaxy A54,T-Mobile,128GB,GOOD,45,
Smartphones,Samsung,Cell Phone,Galaxy A54,T-Mobile,128GB,MINT,65,12
Smartphones,Samsung,Cell Phone,Galaxy A54,AT&T,256GB,FAULTY,8,
Smartphones,Samsung,Cell Phone,Galaxy A54,AT&T,256GB,POOR,31,
Smartphones,Samsung,Cell Phone,Galaxy A54,AT&T,256GB,GOOD,52,
Smartphones,Samsung,Cell Phone,Galaxy A54,AT&T,256GB,MINT,54,
Smartphones,Samsung,Cell Phone,Galaxy A54,AT&T,128GB,FAULTY,7,2
Smartphones,Samsung,Cell Phone,Galaxy A54,AT&T,128GB,POOR,21,2
Smartphones,Samsung,Cell Phone,Galaxy A54,AT&T,128GB,GOOD,55,7
Smartphones,Samsung,Cell Phone,Galaxy A54,AT&T,128GB,MINT,75,17
Smartphones,Samsung,Cell Phone,Galaxy A54,Verizon,256GB,FAULTY,8,
Smartphones,Samsung,Cell Phone,Galaxy A54,Verizon,256GB,POOR,22,
Smartphones,Samsung,Cell Phone,Galaxy A54,Verizon,256GB,GOOD,39.38,
Smartphones,Samsung,Cell Phone,Galaxy A54,Verizon,256GB,MINT,53,
Smartphones,Samsung,Cell Phone,Galaxy A54,Verizon,128GB,FAULTY,7,2
Smartphones,Samsung,Cell Phone,Galaxy A54,Verizon,128GB,POOR,22,2
Smartphones,Samsung,Cell Phone,Galaxy A54,Verizon,128GB,GOOD,42,7
Smartphones,Samsung,Cell Phone,Galaxy A54,Verizon,128GB,MINT,52,17
Smartphones,Samsung,Cell Phone,Galaxy A25,Unlocked,256GB,POOR,9,
Smartphones,Samsung,Cell Phone,Galaxy A25,Unlocked,256GB,GOOD,52.5,
Smartphones,Samsung,Cell Phone,Galaxy A25,Unlocked,256GB,MINT,70,
Smartphones,Samsung,Cell Phone,Galaxy A25,Unlocked,128GB,FAULTY,25,2
Smartphones,Samsung,Cell Phone,Galaxy A25,Unlocked,128GB,POOR,12,2
Smartphones,Samsung,Cell Phone,Galaxy A25,Unlocked,128GB,GOOD,52,50
Smartphones,Samsung,Cell Phone,Galaxy A25,Unlocked,128GB,MINT,65,60
Smartphones,Samsung,Cell Phone,Galaxy A25,Other,256GB,FAULTY,2,
Smartphones,Samsung,Cell Phone,Galaxy A25,Other,256GB,POOR,6,
Smartphones,Samsung,Cell Phone,Galaxy A25,Other,256GB,GOOD,26.25,
Smartphones,Samsung,Cell Phone,Galaxy A25,Other,256GB,MINT,35,
Smartphones,Samsung,Cell Phone,Galaxy A25,Other,128GB,FAULTY,2,2
Smartphones,Samsung,Cell Phone,Galaxy A25,Other,128GB,POOR,6,2
Smartphones,Samsung,Cell Phone,Galaxy A25,Other,128GB,GOOD,24.38,17
Smartphones,Samsung,Cell Phone,Galaxy A25,Other,128GB,MINT,32.5,25
Smartphones,Samsung,Cell Phone,Galaxy A25,T-Mobile,256GB,FAULTY,2,
Smartphones,Samsung,Cell Phone,Galaxy A25,T-Mobile,256GB,POOR,5,
Smartphones,Samsung,Cell Phone,Galaxy A25,T-Mobile,256GB,GOOD,39.38,
Smartphones,Samsung,Cell Phone,Galaxy A25,T-Mobile,256GB,MINT,52.5,
Smartphones,Samsung,Cell Phone,Galaxy A25,T-Mobile,128GB,FAULTY,14,3
Smartphones,Samsung,Cell Phone,Galaxy A25,T-Mobile,128GB,POOR,6,3
Smartphones,Samsung,Cell Phone,Galaxy A25,T-Mobile,128GB,GOOD,36.56,30
Smartphones,Samsung,Cell Phone,Galaxy A25,T-Mobile,128GB,MINT,48.75,40
Smartphones,Samsung,Cell Phone,Galaxy A25,AT&T,256GB,FAULTY,2,
Smartphones,Samsung,Cell Phone,Galaxy A25,AT&T,256GB,POOR,7,
Smartphones,Samsung,Cell Phone,Galaxy A25,AT&T,256GB,GOOD,39.38,
Smartphones,Samsung,Cell Phone,Galaxy A25,AT&T,256GB,MINT,52.5,
Smartphones,Samsung,Cell Phone,Galaxy A25,AT&T,128GB,FAULTY,20,3
Smartphones,Samsung,Cell Phone,Galaxy A25,AT&T,128GB,POOR,8,3
Smartphones,Samsung,Cell Phone,Galaxy A25,AT&T,128GB,GOOD,42,40
Smartphones,Samsung,Cell Phone,Galaxy A25,AT&T,128GB,MINT,52,50
Smartphones,Samsung,Cell Phone,Galaxy A25,Verizon,256GB,FAULTY,2,
Smartphones,Samsung,Cell Phone,Galaxy A25,Verizon,256GB,POOR,6,
Smartphones,Samsung,Cell Phone,Galaxy A25,Verizon,256GB,GOOD,39.38,
Smartphones,Samsung,Cell Phone,Galaxy A25,Verizon,256GB,MINT,52.5,
Smartphones,Samsung,Cell Phone,Galaxy A25,Verizon,128GB,FAULTY,15,3
Smartphones,Samsung,Cell Phone,Galaxy A25,Verizon,128GB,POOR,8,3
Smartphones,Samsung,Cell Phone,Galaxy A25,Verizon,128GB,GOOD,42,40
Smartphones,Samsung,Cell Phone,Galaxy A25,Verizon,128GB,MINT,52,50
Smartphones,Samsung,Cell Phone,Galaxy A06 4G,Unlocked,128GB,FAULTY,,
Smartphones,Samsung,Cell Phone,Galaxy A16 5G,Unlocked,256GB,FAULTY,,
Smartphones,Samsung,Cell Phone,Galaxy A16 5G,Unlocked,256GB,POOR,6,
Smartphones,Samsung,Cell Phone,Galaxy A16 5G,Unlocked,256GB,GOOD,27,
Smartphones,Samsung,Cell Phone,Galaxy A16 5G,Unlocked,256GB,MINT,30,
Smartphones,Samsung,Cell Phone,Galaxy A16 5G,Unlocked,128GB,FAULTY,5,
Smartphones,Samsung,Cell Phone,Galaxy A16 5G,Unlocked,128GB,POOR,15,
Smartphones,Samsung,Cell Phone,Galaxy A16 5G,Unlocked,128GB,GOOD,42,20
Smartphones,Samsung,Cell Phone,Galaxy A16 5G,Unlocked,128GB,MINT,52,30
Smartphones,Samsung,Cell Phone,Galaxy A16 5G,Other,256GB,FAULTY,,
Smartphones,Samsung,Cell Phone,Galaxy A16 5G,Other,256GB,POOR,5,
Smartphones,Samsung,Cell Phone,Galaxy A16 5G,Other,256GB,GOOD,13,
Smartphones,Samsung,Cell Phone,Galaxy A16 5G,Other,256GB,MINT,18,
Smartphones,Samsung,Cell Phone,Galaxy A16 5G,Other,128GB,FAULTY,,
Smartphones,Samsung,Cell Phone,Galaxy A16 5G,Other,128GB,POOR,5,
Smartphones,Samsung,Cell Phone,Galaxy A16 5G,Other,128GB,GOOD,13,3
Smartphones,Samsung,Cell Phone,Galaxy A16 5G,Other,128GB,MINT,18,5
Smartphones,Samsung,Cell Phone,Galaxy A16 5G,T-Mobile,256GB,FAULTY,,
Smartphones,Samsung,Cell Phone,Galaxy A16 5G,T-Mobile,256GB,POOR,5,
Smartphones,Samsung,Cell Phone,Galaxy A16 5G,T-Mobile,256GB,GOOD,24.3,
Smartphones,Samsung,Cell Phone,Galaxy A16 5G,T-Mobile,256GB,MINT,27,
Smartphones,Samsung,Cell Phone,Galaxy A16 5G,T-Mobile,128GB,FAULTY,2,
Smartphones,Samsung,Cell Phone,Galaxy A16 5G,T-Mobile,128GB,POOR,6,
Smartphones,Samsung,Cell Phone,Galaxy A16 5G,T-Mobile,128GB,GOOD,20.25,5
Smartphones,Samsung,Cell Phone,Galaxy A16 5G,T-Mobile,128GB,MINT,26,15
Smartphones,Samsung,Cell Phone,Galaxy A16 5G,AT&T,256GB,FAULTY,,
Smartphones,Samsung,Cell Phone,Galaxy A16 5G,AT&T,256GB,POOR,5,
Smartphones,Samsung,Cell Phone,Galaxy A16 5G,AT&T,256GB,GOOD,24.3,
Smartphones,Samsung,Cell Phone,Galaxy A16 5G,AT&T,256GB,MINT,27,
Smartphones,Samsung,Cell Phone,Galaxy A16 5G,AT&T,128GB,FAULTY,2,
Smartphones,Samsung,Cell Phone,Galaxy A16 5G,AT&T,128GB,POOR,7,
Smartphones,Samsung,Cell Phone,Galaxy A16 5G,AT&T,128GB,GOOD,36,15
Smartphones,Samsung,Cell Phone,Galaxy A16 5G,AT&T,128GB,MINT,47,20
Smartphones,Samsung,Cell Phone,Galaxy A16 5G,Verizon,256GB,FAULTY,,
Smartphones,Samsung,Cell Phone,Galaxy A16 5G,Verizon,256GB,POOR,5,
Smartphones,Samsung,Cell Phone,Galaxy A16 5G,Verizon,256GB,GOOD,24.3,
Smartphones,Samsung,Cell Phone,Galaxy A16 5G,Verizon,256GB,MINT,27,
Smartphones,Samsung,Cell Phone,Galaxy A16 5G,Verizon,128GB,FAULTY,2,
Smartphones,Samsung,Cell Phone,Galaxy A16 5G,Verizon,128GB,POOR,7,
Smartphones,Samsung,Cell Phone,Galaxy A16 5G,Verizon,128GB,GOOD,36,15
Smartphones,Samsung,Cell Phone,Galaxy A16 5G,Verizon,128GB,MINT,47,25
Smartphones,Samsung,Cell Phone,Galaxy A06 4G,Unlocked,128GB,POOR,,
Smartphones,Samsung,Cell Phone,Galaxy A06 4G,Unlocked,128GB,GOOD,15,15
Smartphones,Samsung,Cell Phone,Galaxy A06 4G,Unlocked,128GB,MINT,20,20
Smartphones,Samsung,Cell Phone,Galaxy A06 4G,Unlocked,64GB,FAULTY,,
Smartphones,Samsung,Cell Phone,Galaxy A06 4G,Unlocked,64GB,POOR,,
Smartphones,Samsung,Cell Phone,Galaxy A06 4G,Unlocked,64GB,GOOD,12,12
Smartphones,Samsung,Cell Phone,Galaxy A06 4G,Unlocked,64GB,MINT,17,17
Smartphones,Samsung,Cell Phone,Galaxy A06 4G,Other,128GB,FAULTY,,
Smartphones,Samsung,Cell Phone,Galaxy A06 4G,Other,128GB,POOR,,
Smartphones,Samsung,Cell Phone,Galaxy A06 4G,Other,128GB,GOOD,,
Smartphones,Samsung,Cell Phone,Galaxy A06 4G,Other,128GB,MINT,,
Smartphones,Samsung,Cell Phone,Galaxy A06 4G,Other,64GB,FAULTY,,
Smartphones,Samsung,Cell Phone,Galaxy A06 4G,Other,64GB,POOR,,
Smartphones,Samsung,Cell Phone,Galaxy A06 4G,Other,64GB,GOOD,,
Smartphones,Samsung,Cell Phone,Galaxy A06 4G,Other,64GB,MINT,,
Smartphones,Samsung,Cell Phone,Galaxy A06 4G,T-Mobile,128GB,FAULTY,,
Smartphones,Samsung,Cell Phone,Galaxy A06 4G,T-Mobile,128GB,POOR,,
Smartphones,Samsung,Cell Phone,Galaxy A06 4G,T-Mobile,128GB,GOOD,,
Smartphones,Samsung,Cell Phone,Galaxy A06 4G,T-Mobile,128GB,MINT,,
Smartphones,Samsung,Cell Phone,Galaxy A06 4G,T-Mobile,64GB,FAULTY,,
Smartphones,Samsung,Cell Phone,Galaxy A06 4G,T-Mobile,64GB,POOR,,
Smartphones,Samsung,Cell Phone,Galaxy A06 4G,T-Mobile,64GB,GOOD,,
Smartphones,Samsung,Cell Phone,Galaxy A06 4G,T-Mobile,64GB,MINT,,
Smartphones,Samsung,Cell Phone,Galaxy A06 4G,AT&T,128GB,FAULTY,,
Smartphones,Samsung,Cell Phone,Galaxy A06 4G,AT&T,128GB,POOR,,
Smartphones,Samsung,Cell Phone,Galaxy A06 4G,AT&T,128GB,GOOD,,
Smartphones,Samsung,Cell Phone,Galaxy A06 4G,AT&T,128GB,MINT,,
Smartphones,Samsung,Cell Phone,Galaxy A06 4G,AT&T,64GB,FAULTY,,
Smartphones,Samsung,Cell Phone,Galaxy A06 4G,AT&T,64GB,POOR,,
Smartphones,Samsung,Cell Phone,Galaxy A06 4G,AT&T,64GB,GOOD,,
Smartphones,Samsung,Cell Phone,Galaxy A06 4G,AT&T,64GB,MINT,,
Smartphones,Samsung,Cell Phone,Galaxy A06 4G,Verizon,128GB,FAULTY,,
Smartphones,Samsung,Cell Phone,Galaxy A06 4G,Verizon,128GB,POOR,,
Smartphones,Samsung,Cell Phone,Galaxy A06 4G,Verizon,128GB,GOOD,,
Smartphones,Samsung,Cell Phone,Galaxy A06 4G,Verizon,128GB,MINT,,
Smartphones,Samsung,Cell Phone,Galaxy A06 4G,Verizon,64GB,FAULTY,,
Smartphones,Samsung,Cell Phone,Galaxy A06 4G,Verizon,64GB,POOR,,
Smartphones,Samsung,Cell Phone,Galaxy A06 4G,Verizon,64GB,GOOD,,
Smartphones,Samsung,Cell Phone,Galaxy A06 4G,Verizon,64GB,MINT,,
Smartphones,Samsung,Cell Phone,Galaxy A35,Unlocked,256GB,FAULTY,,
Smartphones,Samsung,Cell Phone,Galaxy A55,Unlocked,256GB,FAULTY,,
Smartphones,Samsung,Cell Phone,Galaxy A55,Unlocked,256GB,POOR,,
Smartphones,Samsung,Cell Phone,Galaxy A55,Unlocked,256GB,GOOD,142.5,
Smartphones,Samsung,Cell Phone,Galaxy A55,Unlocked,256GB,MINT,190,
Smartphones,Samsung,Cell Phone,Galaxy A55,Unlocked,128GB,FAULTY,,
Smartphones,Samsung,Cell Phone,Galaxy A55,Unlocked,128GB,POOR,,
Smartphones,Samsung,Cell Phone,Galaxy A55,Unlocked,128GB,GOOD,131.25,
Smartphones,Samsung,Cell Phone,Galaxy A55,Unlocked,128GB,MINT,175,
Smartphones,Samsung,Cell Phone,Galaxy A55,Other,256GB,FAULTY,,
Smartphones,Samsung,Cell Phone,Galaxy A55,Other,256GB,POOR,,
Smartphones,Samsung,Cell Phone,Galaxy A55,Other,256GB,GOOD,71.25,
Smartphones,Samsung,Cell Phone,Galaxy A55,Other,256GB,MINT,95,
Smartphones,Samsung,Cell Phone,Galaxy A55,Other,128GB,FAULTY,,
Smartphones,Samsung,Cell Phone,Galaxy A55,Other,128GB,POOR,,
Smartphones,Samsung,Cell Phone,Galaxy A55,Other,128GB,GOOD,65.63,
Smartphones,Samsung,Cell Phone,Galaxy A55,Other,128GB,MINT,87.5,
Smartphones,Samsung,Cell Phone,Galaxy A55,T-Mobile,256GB,FAULTY,,
Smartphones,Samsung,Cell Phone,Galaxy A55,T-Mobile,256GB,POOR,,
Smartphones,Samsung,Cell Phone,Galaxy A55,T-Mobile,256GB,GOOD,106.88,
Smartphones,Samsung,Cell Phone,Galaxy A55,T-Mobile,256GB,MINT,142.5,
Smartphones,Samsung,Cell Phone,Galaxy A55,T-Mobile,128GB,FAULTY,,
Smartphones,Samsung,Cell Phone,Galaxy A55,T-Mobile,128GB,POOR,,
Smartphones,Samsung,Cell Phone,Galaxy A55,T-Mobile,128GB,GOOD,98.44,
Smartphones,Samsung,Cell Phone,Galaxy A55,T-Mobile,128GB,MINT,131.25,
Smartphones,Samsung,Cell Phone,Galaxy A55,AT&T,256GB,FAULTY,,
Smartphones,Samsung,Cell Phone,Galaxy A55,AT&T,256GB,POOR,,
Smartphones,Samsung,Cell Phone,Galaxy A55,AT&T,256GB,GOOD,106.88,
Smartphones,Samsung,Cell Phone,Galaxy A55,AT&T,256GB,MINT,142.5,
Smartphones,Samsung,Cell Phone,Galaxy A55,AT&T,128GB,FAULTY,,
Smartphones,Samsung,Cell Phone,Galaxy A55,AT&T,128GB,POOR,,
Smartphones,Samsung,Cell Phone,Galaxy A55,AT&T,128GB,GOOD,98.44,
Smartphones,Samsung,Cell Phone,Galaxy A55,AT&T,128GB,MINT,131.25,
Smartphones,Samsung,Cell Phone,Galaxy A55,Verizon,256GB,FAULTY,,
Smartphones,Samsung,Cell Phone,Galaxy A55,Verizon,256GB,POOR,,
Smartphones,Samsung,Cell Phone,Galaxy A55,Verizon,256GB,GOOD,106.88,
Smartphones,Samsung,Cell Phone,Galaxy A55,Verizon,256GB,MINT,142.5,
Smartphones,Samsung,Cell Phone,Galaxy A55,Verizon,128GB,FAULTY,,
Smartphones,Samsung,Cell Phone,Galaxy A55,Verizon,128GB,POOR,,
Smartphones,Samsung,Cell Phone,Galaxy A55,Verizon,128GB,GOOD,98.44,
Smartphones,Samsung,Cell Phone,Galaxy A55,Verizon,128GB,MINT,131.25,
Smartphones,Samsung,Cell Phone,Galaxy A35,Unlocked,256GB,POOR,9,
Smartphones,Samsung,Cell Phone,Galaxy A35,Unlocked,256GB,GOOD,56.25,
Smartphones,Samsung,Cell Phone,Galaxy A35,Unlocked,256GB,MINT,75,
Smartphones,Samsung,Cell Phone,Galaxy A35,Unlocked,128GB,FAULTY,3,3
Smartphones,Samsung,Cell Phone,Galaxy A35,Unlocked,128GB,POOR,20,3
Smartphones,Samsung,Cell Phone,Galaxy A35,Unlocked,128GB,GOOD,62,60
Smartphones,Samsung,Cell Phone,Galaxy A35,Unlocked,128GB,MINT,72,70
Smartphones,Samsung,Cell Phone,Galaxy A35,Other,256GB,FAULTY,,
Smartphones,Samsung,Cell Phone,Galaxy A35,Other,256GB,POOR,,
Smartphones,Samsung,Cell Phone,Galaxy A35,Other,256GB,GOOD,28.13,
Smartphones,Samsung,Cell Phone,Galaxy A35,Other,256GB,MINT,37.5,
Smartphones,Samsung,Cell Phone,Galaxy A35,Other,128GB,FAULTY,2,2
Smartphones,Samsung,Cell Phone,Galaxy A35,Other,128GB,POOR,2,2
Smartphones,Samsung,Cell Phone,Galaxy A35,Other,128GB,GOOD,30,30
Smartphones,Samsung,Cell Phone,Galaxy A35,Other,128GB,MINT,40,40
Smartphones,Samsung,Cell Phone,Galaxy A35,T-Mobile,256GB,FAULTY,,
Smartphones,Samsung,Cell Phone,Galaxy A35,T-Mobile,256GB,POOR,5,
Smartphones,Samsung,Cell Phone,Galaxy A35,T-Mobile,256GB,GOOD,42.19,
Smartphones,Samsung,Cell Phone,Galaxy A35,T-Mobile,256GB,MINT,56.25,
Smartphones,Samsung,Cell Phone,Galaxy A35,T-Mobile,128GB,FAULTY,3,3
Smartphones,Samsung,Cell Phone,Galaxy A35,T-Mobile,128GB,POOR,8,3
Smartphones,Samsung,Cell Phone,Galaxy A35,T-Mobile,128GB,GOOD,42,40
Smartphones,Samsung,Cell Phone,Galaxy A35,T-Mobile,128GB,MINT,52.5,50
Smartphones,Samsung,Cell Phone,Galaxy A35,AT&T,256GB,FAULTY,,
Smartphones,Samsung,Cell Phone,Galaxy A35,AT&T,256GB,POOR,5,
Smartphones,Samsung,Cell Phone,Galaxy A35,AT&T,256GB,GOOD,45,
Smartphones,Samsung,Cell Phone,Galaxy A35,AT&T,256GB,MINT,56.25,
Smartphones,Samsung,Cell Phone,Galaxy A35,AT&T,128GB,FAULTY,3,3
Smartphones,Samsung,Cell Phone,Galaxy A35,AT&T,128GB,POOR,14,3
Smartphones,Samsung,Cell Phone,Galaxy A35,AT&T,128GB,GOOD,52,50
Smartphones,Samsung,Cell Phone,Galaxy A35,AT&T,128GB,MINT,63,60
Smartphones,Samsung,Cell Phone,Galaxy A35,Verizon,256GB,FAULTY,,
Smartphones,Samsung,Cell Phone,Galaxy A35,Verizon,256GB,POOR,5,
Smartphones,Samsung,Cell Phone,Galaxy A35,Verizon,256GB,GOOD,45,
Smartphones,Samsung,Cell Phone,Galaxy A35,Verizon,256GB,MINT,56.25,
Smartphones,Samsung,Cell Phone,Galaxy A35,Verizon,128GB,FAULTY,3,3
Smartphones,Samsung,Cell Phone,Galaxy A35,Verizon,128GB,POOR,14,3
Smartphones,Samsung,Cell Phone,Galaxy A35,Verizon,128GB,GOOD,52,50
Smartphones,Samsung,Cell Phone,Galaxy A35,Verizon,128GB,MINT,62,60
Smartphones,Samsung,Cell Phone,Galaxy A07 4G,Unlocked,128GB,FAULTY,,
Smartphones,Samsung,Cell Phone,Galaxy A17 5G,Unlocked,128GB,FAULTY,5,5
Smartphones,Samsung,Cell Phone,Galaxy A17 5G,Unlocked,128GB,POOR,10,5
Smartphones,Samsung,Cell Phone,Galaxy A17 5G,Unlocked,128GB,GOOD,40,40
Smartphones,Samsung,Cell Phone,Galaxy A17 5G,Unlocked,128GB,MINT,50,50
Smartphones,Samsung,Cell Phone,Galaxy A17 5G,Other,128GB,FAULTY,1,
Smartphones,Samsung,Cell Phone,Galaxy A17 5G,Other,128GB,POOR,6,
Smartphones,Samsung,Cell Phone,Galaxy A17 5G,Other,128GB,GOOD,15,10
Smartphones,Samsung,Cell Phone,Galaxy A17 5G,Other,128GB,MINT,20,15
Smartphones,Samsung,Cell Phone,Galaxy A17 5G,T-Mobile,128GB,FAULTY,3,3
Smartphones,Samsung,Cell Phone,Galaxy A17 5G,T-Mobile,128GB,POOR,6,3
Smartphones,Samsung,Cell Phone,Galaxy A17 5G,T-Mobile,128GB,GOOD,25,25
Smartphones,Samsung,Cell Phone,Galaxy A17 5G,T-Mobile,128GB,MINT,30,30
Smartphones,Samsung,Cell Phone,Galaxy A17 5G,AT&T,128GB,FAULTY,3,3
Smartphones,Samsung,Cell Phone,Galaxy A17 5G,AT&T,128GB,POOR,6,3
Smartphones,Samsung,Cell Phone,Galaxy A17 5G,AT&T,128GB,GOOD,30,30
Smartphones,Samsung,Cell Phone,Galaxy A17 5G,AT&T,128GB,MINT,35,35
Smartphones,Samsung,Cell Phone,Galaxy A17 5G,Verizon,128GB,FAULTY,3,3
Smartphones,Samsung,Cell Phone,Galaxy A17 5G,Verizon,128GB,POOR,6,3
Smartphones,Samsung,Cell Phone,Galaxy A17 5G,Verizon,128GB,GOOD,30,30
Smartphones,Samsung,Cell Phone,Galaxy A17 5G,Verizon,128GB,MINT,35,35
Smartphones,Samsung,Cell Phone,Galaxy A07 4G,Unlocked,128GB,POOR,,
Smartphones,Samsung,Cell Phone,Galaxy A07 4G,Unlocked,128GB,GOOD,25,25
Smartphones,Samsung,Cell Phone,Galaxy A07 4G,Unlocked,128GB,MINT,30,30
Smartphones,Samsung,Cell Phone,Galaxy A07 4G,Unlocked,64GB,FAULTY,,
Smartphones,Samsung,Cell Phone,Galaxy A07 4G,Unlocked,64GB,POOR,,
Smartphones,Samsung,Cell Phone,Galaxy A07 4G,Unlocked,64GB,GOOD,20,20
Smartphones,Samsung,Cell Phone,Galaxy A07 4G,Unlocked,64GB,MINT,25,25
Smartphones,Samsung,Cell Phone,Galaxy A07 4G,Other,128GB,FAULTY,,
Smartphones,Samsung,Cell Phone,Galaxy A07 4G,Other,128GB,POOR,,
Smartphones,Samsung,Cell Phone,Galaxy A07 4G,Other,128GB,GOOD,,
Smartphones,Samsung,Cell Phone,Galaxy A07 4G,Other,128GB,MINT,,
Smartphones,Samsung,Cell Phone,Galaxy A07 4G,Other,64GB,FAULTY,,
Smartphones,Samsung,Cell Phone,Galaxy A07 4G,Other,64GB,POOR,,
Smartphones,Samsung,Cell Phone,Galaxy A07 4G,Other,64GB,GOOD,,
Smartphones,Samsung,Cell Phone,Galaxy A07 4G,Other,64GB,MINT,,
Smartphones,Samsung,Cell Phone,Galaxy A07 4G,T-Mobile,128GB,FAULTY,,
Smartphones,Samsung,Cell Phone,Galaxy A07 4G,T-Mobile,128GB,POOR,,
Smartphones,Samsung,Cell Phone,Galaxy A07 4G,T-Mobile,128GB,GOOD,,
Smartphones,Samsung,Cell Phone,Galaxy A07 4G,T-Mobile,128GB,MINT,,
Smartphones,Samsung,Cell Phone,Galaxy A07 4G,T-Mobile,64GB,FAULTY,,
Smartphones,Samsung,Cell Phone,Galaxy A07 4G,T-Mobile,64GB,POOR,,
Smartphones,Samsung,Cell Phone,Galaxy A07 4G,T-Mobile,64GB,GOOD,,
Smartphones,Samsung,Cell Phone,Galaxy A07 4G,T-Mobile,64GB,MINT,,
Smartphones,Samsung,Cell Phone,Galaxy A07 4G,AT&T,128GB,FAULTY,,
Smartphones,Samsung,Cell Phone,Galaxy A07 4G,AT&T,128GB,POOR,,
Smartphones,Samsung,Cell Phone,Galaxy A07 4G,AT&T,128GB,GOOD,,
Smartphones,Samsung,Cell Phone,Galaxy A07 4G,AT&T,128GB,MINT,,
Smartphones,Samsung,Cell Phone,Galaxy A07 4G,AT&T,64GB,FAULTY,,
Smartphones,Samsung,Cell Phone,Galaxy A07 4G,AT&T,64GB,POOR,,
Smartphones,Samsung,Cell Phone,Galaxy A07 4G,AT&T,64GB,GOOD,,
Smartphones,Samsung,Cell Phone,Galaxy A07 4G,AT&T,64GB,MINT,,
Smartphones,Samsung,Cell Phone,Galaxy A07 4G,Verizon,128GB,FAULTY,,
Smartphones,Samsung,Cell Phone,Galaxy A07 4G,Verizon,128GB,POOR,,
Smartphones,Samsung,Cell Phone,Galaxy A07 4G,Verizon,128GB,GOOD,,
Smartphones,Samsung,Cell Phone,Galaxy A07 4G,Verizon,128GB,MINT,,
Smartphones,Samsung,Cell Phone,Galaxy A07 4G,Verizon,64GB,FAULTY,,
Smartphones,Samsung,Cell Phone,Galaxy A07 4G,Verizon,64GB,POOR,,
Smartphones,Samsung,Cell Phone,Galaxy A07 4G,Verizon,64GB,GOOD,,
Smartphones,Samsung,Cell Phone,Galaxy A07 4G,Verizon,64GB,MINT,,
Smartphones,Samsung,Cell Phone,Galaxy A26,Unlocked,128GB,FAULTY,34,5
Smartphones,Samsung,Cell Phone,Galaxy A36,Unlocked,256GB,FAULTY,11,
Smartphones,Samsung,Cell Phone,Galaxy A36,Unlocked,256GB,POOR,20,
Smartphones,Samsung,Cell Phone,Galaxy A36,Unlocked,256GB,GOOD,62,
Smartphones,Samsung,Cell Phone,Galaxy A36,Unlocked,256GB,MINT,81,
Smartphones,Samsung,Cell Phone,Galaxy A36,Unlocked,128GB,FAULTY,12,6
Smartphones,Samsung,Cell Phone,Galaxy A36,Unlocked,128GB,POOR,42,6
Smartphones,Samsung,Cell Phone,Galaxy A36,Unlocked,128GB,GOOD,66,65
Smartphones,Samsung,Cell Phone,Galaxy A36,Unlocked,128GB,MINT,82,75
Smartphones,Samsung,Cell Phone,Galaxy A36,Other,256GB,FAULTY,4,
Smartphones,Samsung,Cell Phone,Galaxy A36,Other,256GB,POOR,16,
Smartphones,Samsung,Cell Phone,Galaxy A36,Other,256GB,GOOD,30,
Smartphones,Samsung,Cell Phone,Galaxy A36,Other,256GB,MINT,40,
Smartphones,Samsung,Cell Phone,Galaxy A36,Other,128GB,FAULTY,4,1
Smartphones,Samsung,Cell Phone,Galaxy A36,Other,128GB,POOR,16,1
Smartphones,Samsung,Cell Phone,Galaxy A36,Other,128GB,GOOD,28.13,25
Smartphones,Samsung,Cell Phone,Galaxy A36,Other,128GB,MINT,37.5,35
Smartphones,Samsung,Cell Phone,Galaxy A36,T-Mobile,256GB,FAULTY,8,
Smartphones,Samsung,Cell Phone,Galaxy A36,T-Mobile,256GB,POOR,20,
Smartphones,Samsung,Cell Phone,Galaxy A36,T-Mobile,256GB,GOOD,45,
Smartphones,Samsung,Cell Phone,Galaxy A36,T-Mobile,256GB,MINT,61,
Smartphones,Samsung,Cell Phone,Galaxy A36,T-Mobile,128GB,FAULTY,10,4
Smartphones,Samsung,Cell Phone,Galaxy A36,T-Mobile,128GB,POOR,31,4
Smartphones,Samsung,Cell Phone,Galaxy A36,T-Mobile,128GB,GOOD,46,45
Smartphones,Samsung,Cell Phone,Galaxy A36,T-Mobile,128GB,MINT,61,55
Smartphones,Samsung,Cell Phone,Galaxy A36,AT&T,256GB,FAULTY,9,
Smartphones,Samsung,Cell Phone,Galaxy A36,AT&T,256GB,POOR,20,
Smartphones,Samsung,Cell Phone,Galaxy A36,AT&T,256GB,GOOD,51,
Smartphones,Samsung,Cell Phone,Galaxy A36,AT&T,256GB,MINT,66,
Smartphones,Samsung,Cell Phone,Galaxy A36,AT&T,128GB,FAULTY,10,5
Smartphones,Samsung,Cell Phone,Galaxy A36,AT&T,128GB,POOR,37,5
Smartphones,Samsung,Cell Phone,Galaxy A36,AT&T,128GB,GOOD,56,55
Smartphones,Samsung,Cell Phone,Galaxy A36,AT&T,128GB,MINT,68.25,65
Smartphones,Samsung,Cell Phone,Galaxy A36,Verizon,256GB,FAULTY,9,
Smartphones,Samsung,Cell Phone,Galaxy A36,Verizon,256GB,POOR,20,
Smartphones,Samsung,Cell Phone,Galaxy A36,Verizon,256GB,GOOD,51,
Smartphones,Samsung,Cell Phone,Galaxy A36,Verizon,256GB,MINT,66,
Smartphones,Samsung,Cell Phone,Galaxy A36,Verizon,128GB,FAULTY,10,5
Smartphones,Samsung,Cell Phone,Galaxy A36,Verizon,128GB,POOR,37,5
Smartphones,Samsung,Cell Phone,Galaxy A36,Verizon,128GB,GOOD,56,55
Smartphones,Samsung,Cell Phone,Galaxy A36,Verizon,128GB,MINT,67,65
Smartphones,Samsung,Cell Phone,Galaxy A26,Unlocked,128GB,POOR,17,5
Smartphones,Samsung,Cell Phone,Galaxy A26,Unlocked,128GB,GOOD,67,65
Smartphones,Samsung,Cell Phone,Galaxy A26,Unlocked,128GB,MINT,78,75
Smartphones,Samsung,Cell Phone,Galaxy A26,Other,128GB,FAULTY,2,2
Smartphones,Samsung,Cell Phone,Galaxy A26,Other,128GB,POOR,2,2
Smartphones,Samsung,Cell Phone,Galaxy A26,Other,128GB,GOOD,30,20
Smartphones,Samsung,Cell Phone,Galaxy A26,Other,128GB,MINT,40,30
Smartphones,Samsung,Cell Phone,Galaxy A26,T-Mobile,128GB,FAULTY,3,3
Smartphones,Samsung,Cell Phone,Galaxy A26,T-Mobile,128GB,POOR,11,3
Smartphones,Samsung,Cell Phone,Galaxy A26,T-Mobile,128GB,GOOD,46,45
Smartphones,Samsung,Cell Phone,Galaxy A26,T-Mobile,128GB,MINT,56,55
Smartphones,Samsung,Cell Phone,Galaxy A26,AT&T,128GB,FAULTY,4,4
Smartphones,Samsung,Cell Phone,Galaxy A26,AT&T,128GB,POOR,12,4
Smartphones,Samsung,Cell Phone,Galaxy A26,AT&T,128GB,GOOD,56,55
Smartphones,Samsung,Cell Phone,Galaxy A26,AT&T,128GB,MINT,66,65
Smartphones,Samsung,Cell Phone,Galaxy A26,Verizon,128GB,FAULTY,4,4
Smartphones,Samsung,Cell Phone,Galaxy A26,Verizon,128GB,POOR,12,4
Smartphones,Samsung,Cell Phone,Galaxy A26,Verizon,128GB,GOOD,56,55
Smartphones,Samsung,Cell Phone,Galaxy A26,Verizon,128GB,MINT,66,65
Smartphones,Samsung,Cell Phone,Galaxy A56,Unlocked,256GB,FAULTY,24,15
Smartphones,Samsung,Cell Phone,Galaxy Z Flip 4G,Unlocked,256GB,FAULTY,15,
Smartphones,Samsung,Cell Phone,Galaxy Z Flip 4G,Unlocked,256GB,POOR,15,
Smartphones,Samsung,Cell Phone,Galaxy Z Flip 4G,Unlocked,256GB,GOOD,37,30
Smartphones,Samsung,Cell Phone,Galaxy Z Flip 4G,Unlocked,256GB,MINT,40,40
Smartphones,Samsung,Cell Phone,Galaxy Z Flip 4G,Other,256GB,FAULTY,,
Smartphones,Samsung,Cell Phone,Galaxy Z Flip 4G,Other,256GB,POOR,5,
Smartphones,Samsung,Cell Phone,Galaxy Z Flip 4G,Other,256GB,GOOD,9,
Smartphones,Samsung,Cell Phone,Galaxy Z Flip 4G,Other,256GB,MINT,19,
Smartphones,Samsung,Cell Phone,Galaxy Z Flip 4G,T-Mobile,256GB,FAULTY,,
Smartphones,Samsung,Cell Phone,Galaxy Z Flip 4G,T-Mobile,256GB,POOR,6,
Smartphones,Samsung,Cell Phone,Galaxy Z Flip 4G,T-Mobile,256GB,GOOD,11,
Smartphones,Samsung,Cell Phone,Galaxy Z Flip 4G,T-Mobile,256GB,MINT,21,
Smartphones,Samsung,Cell Phone,Galaxy Z Flip 4G,AT&T,256GB,FAULTY,5,
Smartphones,Samsung,Cell Phone,Galaxy Z Flip 4G,AT&T,256GB,POOR,6,
Smartphones,Samsung,Cell Phone,Galaxy Z Flip 4G,AT&T,256GB,GOOD,25,25
Smartphones,Samsung,Cell Phone,Galaxy Z Flip 4G,AT&T,256GB,MINT,35,35
Smartphones,Samsung,Cell Phone,Galaxy Z Flip 4G,Verizon,256GB,FAULTY,,
Smartphones,Samsung,Cell Phone,Galaxy Z Flip 4G,Verizon,256GB,POOR,6,
Smartphones,Samsung,Cell Phone,Galaxy Z Flip 4G,Verizon,256GB,GOOD,11,
Smartphones,Samsung,Cell Phone,Galaxy Z Flip 4G,Verizon,256GB,MINT,21,
Smartphones,Samsung,Cell Phone,Galaxy A56,Unlocked,256GB,POOR,77,15
Smartphones,Samsung,Cell Phone,Galaxy A56,Unlocked,256GB,GOOD,130,120
Smartphones,Samsung,Cell Phone,Galaxy A56,Unlocked,256GB,MINT,166,155
Smartphones,Samsung,Cell Phone,Galaxy A56,Unlocked,128GB,FAULTY,22,15
Smartphones,Samsung,Cell Phone,Galaxy A56,Unlocked,128GB,POOR,72,15
Smartphones,Samsung,Cell Phone,Galaxy A56,Unlocked,128GB,GOOD,125,115
Smartphones,Samsung,Cell Phone,Galaxy A56,Unlocked,128GB,MINT,161,150
Smartphones,Samsung,Cell Phone,Galaxy A56,Other,256GB,FAULTY,10,
Smartphones,Samsung,Cell Phone,Galaxy A56,Other,256GB,POOR,34,
Smartphones,Samsung,Cell Phone,Galaxy A56,Other,256GB,GOOD,42,
Smartphones,Samsung,Cell Phone,Galaxy A56,Other,256GB,MINT,61,
Smartphones,Samsung,Cell Phone,Galaxy A56,Other,128GB,FAULTY,10,
Smartphones,Samsung,Cell Phone,Galaxy A56,Other,128GB,POOR,28,
Smartphones,Samsung,Cell Phone,Galaxy A56,Other,128GB,GOOD,35,
Smartphones,Samsung,Cell Phone,Galaxy A56,Other,128GB,MINT,51,
Smartphones,Samsung,Cell Phone,Galaxy A56,T-Mobile,256GB,FAULTY,20,
Smartphones,Samsung,Cell Phone,Galaxy A56,T-Mobile,256GB,POOR,67,
Smartphones,Samsung,Cell Phone,Galaxy A56,T-Mobile,256GB,GOOD,103,
Smartphones,Samsung,Cell Phone,Galaxy A56,T-Mobile,256GB,MINT,136,
Smartphones,Samsung,Cell Phone,Galaxy A56,T-Mobile,128GB,FAULTY,18,
Smartphones,Samsung,Cell Phone,Galaxy A56,T-Mobile,128GB,POOR,62,
Smartphones,Samsung,Cell Phone,Galaxy A56,T-Mobile,128GB,GOOD,100,
Smartphones,Samsung,Cell Phone,Galaxy A56,T-Mobile,128GB,MINT,131,
Smartphones,Samsung,Cell Phone,Galaxy A56,AT&T,256GB,FAULTY,19,
Smartphones,Samsung,Cell Phone,Galaxy A56,AT&T,256GB,POOR,68,
Smartphones,Samsung,Cell Phone,Galaxy A56,AT&T,256GB,GOOD,103,
Smartphones,Samsung,Cell Phone,Galaxy A56,AT&T,256GB,MINT,136,
Smartphones,Samsung,Cell Phone,Galaxy A56,AT&T,128GB,FAULTY,17,
Smartphones,Samsung,Cell Phone,Galaxy A56,AT&T,128GB,POOR,62,
Smartphones,Samsung,Cell Phone,Galaxy A56,AT&T,128GB,GOOD,97,
Smartphones,Samsung,Cell Phone,Galaxy A56,AT&T,128GB,MINT,129,
Smartphones,Samsung,Cell Phone,Galaxy A56,Verizon,256GB,FAULTY,19,
Smartphones,Samsung,Cell Phone,Galaxy A56,Verizon,256GB,POOR,67,
Smartphones,Samsung,Cell Phone,Galaxy A56,Verizon,256GB,GOOD,105,
Smartphones,Samsung,Cell Phone,Galaxy A56,Verizon,256GB,MINT,128,
Smartphones,Samsung,Cell Phone,Galaxy A56,Verizon,128GB,FAULTY,17,
Smartphones,Samsung,Cell Phone,Galaxy A56,Verizon,128GB,POOR,62,
Smartphones,Samsung,Cell Phone,Galaxy A56,Verizon,128GB,GOOD,100,
Smartphones,Samsung,Cell Phone,Galaxy A56,Verizon,128GB,MINT,124,
Smartphones,Samsung,Cell Phone,Galaxy Z Flip 5G,Unlocked,256GB,FAULTY,10,
Smartphones,Samsung,Cell Phone,Galaxy Z Flip (Thom Browne Edition),Unlocked,256GB,FAULTY,5,5
Smartphones,Samsung,Cell Phone,Galaxy Z Flip (Thom Browne Edition),Unlocked,256GB,POOR,5,5
Smartphones,Samsung,Cell Phone,Galaxy Z Flip (Thom Browne Edition),Unlocked,256GB,GOOD,75,75
Smartphones,Samsung,Cell Phone,Galaxy Z Flip (Thom Browne Edition),Unlocked,256GB,MINT,90,90
Smartphones,Samsung,Cell Phone,Galaxy Z Flip (Thom Browne Edition),Other,256GB,FAULTY,,
Smartphones,Samsung,Cell Phone,Galaxy Z Flip (Thom Browne Edition),Other,256GB,POOR,,
Smartphones,Samsung,Cell Phone,Galaxy Z Flip (Thom Browne Edition),Other,256GB,GOOD,,
Smartphones,Samsung,Cell Phone,Galaxy Z Flip (Thom Browne Edition),Other,256GB,MINT,,
Smartphones,Samsung,Cell Phone,Galaxy Z Flip (Thom Browne Edition),T-Mobile,256GB,FAULTY,,
Smartphones,Samsung,Cell Phone,Galaxy Z Flip (Thom Browne Edition),T-Mobile,256GB,POOR,,
Smartphones,Samsung,Cell Phone,Galaxy Z Flip (Thom Browne Edition),T-Mobile,256GB,GOOD,13,
Smartphones,Samsung,Cell Phone,Galaxy Z Flip (Thom Browne Edition),T-Mobile,256GB,MINT,28,
Smartphones,Samsung,Cell Phone,Galaxy Z Flip (Thom Browne Edition),AT&T,256GB,FAULTY,,
Smartphones,Samsung,Cell Phone,Galaxy Z Flip (Thom Browne Edition),AT&T,256GB,POOR,,
Smartphones,Samsung,Cell Phone,Galaxy Z Flip (Thom Browne Edition),AT&T,256GB,GOOD,13,
Smartphones,Samsung,Cell Phone,Galaxy Z Flip (Thom Browne Edition),AT&T,256GB,MINT,28,
Smartphones,Samsung,Cell Phone,Galaxy Z Flip (Thom Browne Edition),Verizon,256GB,FAULTY,,
Smartphones,Samsung,Cell Phone,Galaxy Z Flip (Thom Browne Edition),Verizon,256GB,POOR,,
Smartphones,Samsung,Cell Phone,Galaxy Z Flip (Thom Browne Edition),Verizon,256GB,GOOD,13,
Smartphones,Samsung,Cell Phone,Galaxy Z Flip (Thom Browne Edition),Verizon,256GB,MINT,28,
Smartphones,Samsung,Cell Phone,Galaxy Z Flip 5G,Unlocked,256GB,POOR,20,
Smartphones,Samsung,Cell Phone,Galaxy Z Flip 5G,Unlocked,256GB,GOOD,30,25
Smartphones,Samsung,Cell Phone,Galaxy Z Flip 5G,Unlocked,256GB,MINT,40,35
Smartphones,Samsung,Cell Phone,Galaxy Z Flip 5G,Other,256GB,FAULTY,,
Smartphones,Samsung,Cell Phone,Galaxy Z Flip 5G,Other,256GB,POOR,5,
Smartphones,Samsung,Cell Phone,Galaxy Z Flip 5G,Other,256GB,GOOD,9,5
Smartphones,Samsung,Cell Phone,Galaxy Z Flip 5G,Other,256GB,MINT,19,15
Smartphones,Samsung,Cell Phone,Galaxy Z Flip 5G,T-Mobile,256GB,FAULTY,5,
Smartphones,Samsung,Cell Phone,Galaxy Z Flip 5G,T-Mobile,256GB,POOR,15,
Smartphones,Samsung,Cell Phone,Galaxy Z Flip 5G,T-Mobile,256GB,GOOD,28,10
Smartphones,Samsung,Cell Phone,Galaxy Z Flip 5G,T-Mobile,256GB,MINT,32,20
Smartphones,Samsung,Cell Phone,Galaxy Z Flip 5G,AT&T,256GB,FAULTY,5,
Smartphones,Samsung,Cell Phone,Galaxy Z Flip 5G,AT&T,256GB,POOR,6,
Smartphones,Samsung,Cell Phone,Galaxy Z Flip 5G,AT&T,256GB,GOOD,20,20
Smartphones,Samsung,Cell Phone,Galaxy Z Flip 5G,AT&T,256GB,MINT,30,30
Smartphones,Samsung,Cell Phone,Galaxy Z Flip 5G,Verizon,256GB,FAULTY,,
Smartphones,Samsung,Cell Phone,Galaxy Z Flip 5G,Verizon,256GB,POOR,6,
Smartphones,Samsung,Cell Phone,Galaxy Z Flip 5G,Verizon,256GB,GOOD,11,
Smartphones,Samsung,Cell Phone,Galaxy Z Flip 5G,Verizon,256GB,MINT,21,
Smartphones,Samsung,Cell Phone,Galaxy Z Fold2,Unlocked,512GB,FAULTY,30,
Smartphones,Samsung,Cell Phone,Galaxy Z Flip3,Unlocked,256GB,FAULTY,11,
Smartphones,Samsung,Cell Phone,Galaxy Z Flip3,Unlocked,256GB,POOR,50,
Smartphones,Samsung,Cell Phone,Galaxy Z Flip3,Unlocked,256GB,GOOD,102,45
Smartphones,Samsung,Cell Phone,Galaxy Z Flip3,Unlocked,256GB,MINT,102,60
Smartphones,Samsung,Cell Phone,Galaxy Z Flip3,Unlocked,128GB,FAULTY,9,
Smartphones,Samsung,Cell Phone,Galaxy Z Flip3,Unlocked,128GB,POOR,30,
Smartphones,Samsung,Cell Phone,Galaxy Z Flip3,Unlocked,128GB,GOOD,82,35
Smartphones,Samsung,Cell Phone,Galaxy Z Flip3,Unlocked,128GB,MINT,87,50
Smartphones,Samsung,Cell Phone,Galaxy Z Flip3,Other,256GB,FAULTY,2,
Smartphones,Samsung,Cell Phone,Galaxy Z Flip3,Other,256GB,POOR,9,
Smartphones,Samsung,Cell Phone,Galaxy Z Flip3,Other,256GB,GOOD,37.5,20
Smartphones,Samsung,Cell Phone,Galaxy Z Flip3,Other,256GB,MINT,50,35
Smartphones,Samsung,Cell Phone,Galaxy Z Flip3,Other,128GB,FAULTY,1,
Smartphones,Samsung,Cell Phone,Galaxy Z Flip3,Other,128GB,POOR,6,
Smartphones,Samsung,Cell Phone,Galaxy Z Flip3,Other,128GB,GOOD,31.88,15
Smartphones,Samsung,Cell Phone,Galaxy Z Flip3,Other,128GB,MINT,42.5,30
Smartphones,Samsung,Cell Phone,Galaxy Z Flip3,T-Mobile,256GB,FAULTY,1,
Smartphones,Samsung,Cell Phone,Galaxy Z Flip3,T-Mobile,256GB,POOR,12,
Smartphones,Samsung,Cell Phone,Galaxy Z Flip3,T-Mobile,256GB,GOOD,58.25,35
Smartphones,Samsung,Cell Phone,Galaxy Z Flip3,T-Mobile,256GB,MINT,77,50
Smartphones,Samsung,Cell Phone,Galaxy Z Flip3,T-Mobile,128GB,FAULTY,,
Smartphones,Samsung,Cell Phone,Galaxy Z Flip3,T-Mobile,128GB,POOR,9,
Smartphones,Samsung,Cell Phone,Galaxy Z Flip3,T-Mobile,128GB,GOOD,49.81,25
Smartphones,Samsung,Cell Phone,Galaxy Z Flip3,T-Mobile,128GB,MINT,65.75,40
Smartphones,Samsung,Cell Phone,Galaxy Z Flip3,AT&T,256GB,FAULTY,8,
Smartphones,Samsung,Cell Phone,Galaxy Z Flip3,AT&T,256GB,POOR,16,
Smartphones,Samsung,Cell Phone,Galaxy Z Flip3,AT&T,256GB,GOOD,58.25,40
Smartphones,Samsung,Cell Phone,Galaxy Z Flip3,AT&T,256GB,MINT,77,55
Smartphones,Samsung,Cell Phone,Galaxy Z Flip3,AT&T,128GB,FAULTY,7,
Smartphones,Samsung,Cell Phone,Galaxy Z Flip3,AT&T,128GB,POOR,15,
Smartphones,Samsung,Cell Phone,Galaxy Z Flip3,AT&T,128GB,GOOD,49.81,30
Smartphones,Samsung,Cell Phone,Galaxy Z Flip3,AT&T,128GB,MINT,65.75,45
Smartphones,Samsung,Cell Phone,Galaxy Z Flip3,Verizon,256GB,FAULTY,7,
Smartphones,Samsung,Cell Phone,Galaxy Z Flip3,Verizon,256GB,POOR,13,
Smartphones,Samsung,Cell Phone,Galaxy Z Flip3,Verizon,256GB,GOOD,58.25,40
Smartphones,Samsung,Cell Phone,Galaxy Z Flip3,Verizon,256GB,MINT,78,55
Smartphones,Samsung,Cell Phone,Galaxy Z Flip3,Verizon,128GB,FAULTY,,
Smartphones,Samsung,Cell Phone,Galaxy Z Flip3,Verizon,128GB,POOR,11,
Smartphones,Samsung,Cell Phone,Galaxy Z Flip3,Verizon,128GB,GOOD,49.81,30
Smartphones,Samsung,Cell Phone,Galaxy Z Flip3,Verizon,128GB,MINT,65.75,45
Smartphones,Samsung,Cell Phone,Galaxy Z Fold2,Unlocked,512GB,POOR,117,
Smartphones,Samsung,Cell Phone,Galaxy Z Fold2,Unlocked,512GB,GOOD,178,
Smartphones,Samsung,Cell Phone,Galaxy Z Fold2,Unlocked,512GB,MINT,198,
Smartphones,Samsung,Cell Phone,Galaxy Z Fold2,Unlocked,256GB,FAULTY,25,
Smartphones,Samsung,Cell Phone,Galaxy Z Fold2,Unlocked,256GB,POOR,87,
Smartphones,Samsung,Cell Phone,Galaxy Z Fold2,Unlocked,256GB,GOOD,148,40
Smartphones,Samsung,Cell Phone,Galaxy Z Fold2,Unlocked,256GB,MINT,168,60
Smartphones,Samsung,Cell Phone,Galaxy Z Fold2,Other,512GB,FAULTY,12,
Smartphones,Samsung,Cell Phone,Galaxy Z Fold2,Other,512GB,POOR,40,
Smartphones,Samsung,Cell Phone,Galaxy Z Fold2,Other,512GB,GOOD,78.75,
Smartphones,Samsung,Cell Phone,Galaxy Z Fold2,Other,512GB,MINT,90,
Smartphones,Samsung,Cell Phone,Galaxy Z Fold2,Other,256GB,FAULTY,12,
Smartphones,Samsung,Cell Phone,Galaxy Z Fold2,Other,256GB,POOR,32,
Smartphones,Samsung,Cell Phone,Galaxy Z Fold2,Other,256GB,GOOD,66.15,
Smartphones,Samsung,Cell Phone,Galaxy Z Fold2,Other,256GB,MINT,73.5,
Smartphones,Samsung,Cell Phone,Galaxy Z Fold2,T-Mobile,512GB,FAULTY,20,
Smartphones,Samsung,Cell Phone,Galaxy Z Fold2,T-Mobile,512GB,POOR,60,
Smartphones,Samsung,Cell Phone,Galaxy Z Fold2,T-Mobile,512GB,GOOD,101.25,
Smartphones,Samsung,Cell Phone,Galaxy Z Fold2,T-Mobile,512GB,MINT,118,
Smartphones,Samsung,Cell Phone,Galaxy Z Fold2,T-Mobile,256GB,FAULTY,15,
Smartphones,Samsung,Cell Phone,Galaxy Z Fold2,T-Mobile,256GB,POOR,30,
Smartphones,Samsung,Cell Phone,Galaxy Z Fold2,T-Mobile,256GB,GOOD,85.05,25
Smartphones,Samsung,Cell Phone,Galaxy Z Fold2,T-Mobile,256GB,MINT,94.5,45
Smartphones,Samsung,Cell Phone,Galaxy Z Fold2,AT&T,512GB,FAULTY,25,
Smartphones,Samsung,Cell Phone,Galaxy Z Fold2,AT&T,512GB,POOR,90,
Smartphones,Samsung,Cell Phone,Galaxy Z Fold2,AT&T,512GB,GOOD,128,
Smartphones,Samsung,Cell Phone,Galaxy Z Fold2,AT&T,512GB,MINT,148,
Smartphones,Samsung,Cell Phone,Galaxy Z Fold2,AT&T,256GB,FAULTY,20,
Smartphones,Samsung,Cell Phone,Galaxy Z Fold2,AT&T,256GB,POOR,60,
Smartphones,Samsung,Cell Phone,Galaxy Z Fold2,AT&T,256GB,GOOD,98,30
Smartphones,Samsung,Cell Phone,Galaxy Z Fold2,AT&T,256GB,MINT,118,50
Smartphones,Samsung,Cell Phone,Galaxy Z Fold2,Verizon,512GB,FAULTY,25,
Smartphones,Samsung,Cell Phone,Galaxy Z Fold2,Verizon,512GB,POOR,57,
Smartphones,Samsung,Cell Phone,Galaxy Z Fold2,Verizon,512GB,GOOD,101.25,
Smartphones,Samsung,Cell Phone,Galaxy Z Fold2,Verizon,512GB,MINT,112.5,
Smartphones,Samsung,Cell Phone,Galaxy Z Fold2,Verizon,256GB,FAULTY,20,
Smartphones,Samsung,Cell Phone,Galaxy Z Fold2,Verizon,256GB,POOR,43,
Smartphones,Samsung,Cell Phone,Galaxy Z Fold2,Verizon,256GB,GOOD,86,35
Smartphones,Samsung,Cell Phone,Galaxy Z Fold2,Verizon,256GB,MINT,98,55
Smartphones,Samsung,Cell Phone,Galaxy Z Fold3,Unlocked,512GB,FAULTY,30,25
Smartphones,Samsung,Cell Phone,Galaxy Z Flip4,Unlocked,512GB,FAULTY,30,
Smartphones,Samsung,Cell Phone,Galaxy Z Flip4,Unlocked,512GB,POOR,93,
Smartphones,Samsung,Cell Phone,Galaxy Z Flip4,Unlocked,512GB,GOOD,135,75
Smartphones,Samsung,Cell Phone,Galaxy Z Flip4,Unlocked,512GB,MINT,159,90
Smartphones,Samsung,Cell Phone,Galaxy Z Flip4,Unlocked,256GB,FAULTY,30,
Smartphones,Samsung,Cell Phone,Galaxy Z Flip4,Unlocked,256GB,POOR,83,
Smartphones,Samsung,Cell Phone,Galaxy Z Flip4,Unlocked,256GB,GOOD,115,70
Smartphones,Samsung,Cell Phone,Galaxy Z Flip4,Unlocked,256GB,MINT,144,85
Smartphones,Samsung,Cell Phone,Galaxy Z Flip4,Unlocked,128GB,FAULTY,27,
Smartphones,Samsung,Cell Phone,Galaxy Z Flip4,Unlocked,128GB,POOR,70,
Smartphones,Samsung,Cell Phone,Galaxy Z Flip4,Unlocked,128GB,GOOD,99,60
Smartphones,Samsung,Cell Phone,Galaxy Z Flip4,Unlocked,128GB,MINT,129,75
Smartphones,Samsung,Cell Phone,Galaxy Z Flip4,Other,512GB,FAULTY,15,
Smartphones,Samsung,Cell Phone,Galaxy Z Flip4,Other,512GB,POOR,43,
Smartphones,Samsung,Cell Phone,Galaxy Z Flip4,Other,512GB,GOOD,71,35
Smartphones,Samsung,Cell Phone,Galaxy Z Flip4,Other,512GB,MINT,80,50
Smartphones,Samsung,Cell Phone,Galaxy Z Flip4,Other,256GB,FAULTY,14,
Smartphones,Samsung,Cell Phone,Galaxy Z Flip4,Other,256GB,POOR,37,
Smartphones,Samsung,Cell Phone,Galaxy Z Flip4,Other,256GB,GOOD,62,30
Smartphones,Samsung,Cell Phone,Galaxy Z Flip4,Other,256GB,MINT,68,45
Smartphones,Samsung,Cell Phone,Galaxy Z Flip4,Other,128GB,FAULTY,13,
Smartphones,Samsung,Cell Phone,Galaxy Z Flip4,Other,128GB,POOR,32,
Smartphones,Samsung,Cell Phone,Galaxy Z Flip4,Other,128GB,GOOD,53,25
Smartphones,Samsung,Cell Phone,Galaxy Z Flip4,Other,128GB,MINT,61,40
Smartphones,Samsung,Cell Phone,Galaxy Z Flip4,T-Mobile,512GB,FAULTY,25,
Smartphones,Samsung,Cell Phone,Galaxy Z Flip4,T-Mobile,512GB,POOR,60,
Smartphones,Samsung,Cell Phone,Galaxy Z Flip4,T-Mobile,512GB,GOOD,96,65
Smartphones,Samsung,Cell Phone,Galaxy Z Flip4,T-Mobile,512GB,MINT,122,80
Smartphones,Samsung,Cell Phone,Galaxy Z Flip4,T-Mobile,256GB,FAULTY,24,
Smartphones,Samsung,Cell Phone,Galaxy Z Flip4,T-Mobile,256GB,POOR,49,
Smartphones,Samsung,Cell Phone,Galaxy Z Flip4,T-Mobile,256GB,GOOD,83,50
Smartphones,Samsung,Cell Phone,Galaxy Z Flip4,T-Mobile,256GB,MINT,110,65
Smartphones,Samsung,Cell Phone,Galaxy Z Flip4,T-Mobile,128GB,FAULTY,23,
Smartphones,Samsung,Cell Phone,Galaxy Z Flip4,T-Mobile,128GB,POOR,43,
Smartphones,Samsung,Cell Phone,Galaxy Z Flip4,T-Mobile,128GB,GOOD,74.5,40
Smartphones,Samsung,Cell Phone,Galaxy Z Flip4,T-Mobile,128GB,MINT,99,55
Smartphones,Samsung,Cell Phone,Galaxy Z Flip4,AT&T,512GB,FAULTY,25,
Smartphones,Samsung,Cell Phone,Galaxy Z Flip4,AT&T,512GB,POOR,67,
Smartphones,Samsung,Cell Phone,Galaxy Z Flip4,AT&T,512GB,GOOD,101,65
Smartphones,Samsung,Cell Phone,Galaxy Z Flip4,AT&T,512GB,MINT,122,80
Smartphones,Samsung,Cell Phone,Galaxy Z Flip4,AT&T,256GB,FAULTY,24,
Smartphones,Samsung,Cell Phone,Galaxy Z Flip4,AT&T,256GB,POOR,57,
Smartphones,Samsung,Cell Phone,Galaxy Z Flip4,AT&T,256GB,GOOD,88,55
Smartphones,Samsung,Cell Phone,Galaxy Z Flip4,AT&T,256GB,MINT,110,70
Smartphones,Samsung,Cell Phone,Galaxy Z Flip4,AT&T,128GB,FAULTY,23,
Smartphones,Samsung,Cell Phone,Galaxy Z Flip4,AT&T,128GB,POOR,43,
Smartphones,Samsung,Cell Phone,Galaxy Z Flip4,AT&T,128GB,GOOD,74.5,45
Smartphones,Samsung,Cell Phone,Galaxy Z Flip4,AT&T,128GB,MINT,99,60
Smartphones,Samsung,Cell Phone,Galaxy Z Flip4,Verizon,512GB,FAULTY,27,
Smartphones,Samsung,Cell Phone,Galaxy Z Flip4,Verizon,512GB,POOR,63,
Smartphones,Samsung,Cell Phone,Galaxy Z Flip4,Verizon,512GB,GOOD,95,70
Smartphones,Samsung,Cell Phone,Galaxy Z Flip4,Verizon,512GB,MINT,122,85
Smartphones,Samsung,Cell Phone,Galaxy Z Flip4,Verizon,256GB,FAULTY,29,
Smartphones,Samsung,Cell Phone,Galaxy Z Flip4,Verizon,256GB,POOR,54,
Smartphones,Samsung,Cell Phone,Galaxy Z Flip4,Verizon,256GB,GOOD,84,60
Smartphones,Samsung,Cell Phone,Galaxy Z Flip4,Verizon,256GB,MINT,110,75
Smartphones,Samsung,Cell Phone,Galaxy Z Flip4,Verizon,128GB,FAULTY,25,
Smartphones,Samsung,Cell Phone,Galaxy Z Flip4,Verizon,128GB,POOR,41,
Smartphones,Samsung,Cell Phone,Galaxy Z Flip4,Verizon,128GB,GOOD,74.5,50
Smartphones,Samsung,Cell Phone,Galaxy Z Flip4,Verizon,128GB,MINT,99,65
Smartphones,Samsung,Cell Phone,Galaxy Z Fold3,Unlocked,512GB,POOR,100,25
Smartphones,Samsung,Cell Phone,Galaxy Z Fold3,Unlocked,512GB,GOOD,192,135
Smartphones,Samsung,Cell Phone,Galaxy Z Fold3,Unlocked,512GB,MINT,192,150
Smartphones,Samsung,Cell Phone,Galaxy Z Fold3,Unlocked,256GB,FAULTY,25,20
Smartphones,Samsung,Cell Phone,Galaxy Z Fold3,Unlocked,256GB,POOR,85,20
Smartphones,Samsung,Cell Phone,Galaxy Z Fold3,Unlocked,256GB,GOOD,162,110
Smartphones,Samsung,Cell Phone,Galaxy Z Fold3,Unlocked,256GB,MINT,162,125
Smartphones,Samsung,Cell Phone,Galaxy Z Fold3,Other,512GB,FAULTY,15,15
Smartphones,Samsung,Cell Phone,Galaxy Z Fold3,Other,512GB,POOR,40,15
Smartphones,Samsung,Cell Phone,Galaxy Z Fold3,Other,512GB,GOOD,103.95,65
Smartphones,Samsung,Cell Phone,Galaxy Z Fold3,Other,512GB,MINT,115.49,80
Smartphones,Samsung,Cell Phone,Galaxy Z Fold3,Other,256GB,FAULTY,10,10
Smartphones,Samsung,Cell Phone,Galaxy Z Fold3,Other,256GB,POOR,40,10
Smartphones,Samsung,Cell Phone,Galaxy Z Fold3,Other,256GB,GOOD,88.2,55
Smartphones,Samsung,Cell Phone,Galaxy Z Fold3,Other,256GB,MINT,98,70
Smartphones,Samsung,Cell Phone,Galaxy Z Fold3,T-Mobile,512GB,FAULTY,20,15
Smartphones,Samsung,Cell Phone,Galaxy Z Fold3,T-Mobile,512GB,POOR,100,15
Smartphones,Samsung,Cell Phone,Galaxy Z Fold3,T-Mobile,512GB,GOOD,142,75
Smartphones,Samsung,Cell Phone,Galaxy Z Fold3,T-Mobile,512GB,MINT,162,90
Smartphones,Samsung,Cell Phone,Galaxy Z Fold3,T-Mobile,256GB,FAULTY,15,15
Smartphones,Samsung,Cell Phone,Galaxy Z Fold3,T-Mobile,256GB,POOR,85,15
Smartphones,Samsung,Cell Phone,Galaxy Z Fold3,T-Mobile,256GB,GOOD,127,65
Smartphones,Samsung,Cell Phone,Galaxy Z Fold3,T-Mobile,256GB,MINT,147,80
Smartphones,Samsung,Cell Phone,Galaxy Z Fold3,AT&T,512GB,FAULTY,25,15
Smartphones,Samsung,Cell Phone,Galaxy Z Fold3,AT&T,512GB,POOR,58,15
Smartphones,Samsung,Cell Phone,Galaxy Z Fold3,AT&T,512GB,GOOD,135.65,90
Smartphones,Samsung,Cell Phone,Galaxy Z Fold3,AT&T,512GB,MINT,150.5,105
Smartphones,Samsung,Cell Phone,Galaxy Z Fold3,AT&T,256GB,FAULTY,20,15
Smartphones,Samsung,Cell Phone,Galaxy Z Fold3,AT&T,256GB,POOR,52,15
Smartphones,Samsung,Cell Phone,Galaxy Z Fold3,AT&T,256GB,GOOD,115.4,75
Smartphones,Samsung,Cell Phone,Galaxy Z Fold3,AT&T,256GB,MINT,128,90
Smartphones,Samsung,Cell Phone,Galaxy Z Fold3,Verizon,512GB,FAULTY,20,20
Smartphones,Samsung,Cell Phone,Galaxy Z Fold3,Verizon,512GB,POOR,50,20
Smartphones,Samsung,Cell Phone,Galaxy Z Fold3,Verizon,512GB,GOOD,135.65,105
Smartphones,Samsung,Cell Phone,Galaxy Z Fold3,Verizon,512GB,MINT,150.5,120
Smartphones,Samsung,Cell Phone,Galaxy Z Fold3,Verizon,256GB,FAULTY,15,15
Smartphones,Samsung,Cell Phone,Galaxy Z Fold3,Verizon,256GB,POOR,60,15
Smartphones,Samsung,Cell Phone,Galaxy Z Fold3,Verizon,256GB,GOOD,115.4,95
Smartphones,Samsung,Cell Phone,Galaxy Z Fold3,Verizon,256GB,MINT,128,110
Smartphones,Samsung,Cell Phone,Galaxy Z Fold4,Unlocked,1TB,FAULTY,47,30
Smartphones,Samsung,Cell Phone,Galaxy Z Flip5,Unlocked,512GB,FAULTY,85,30
Smartphones,Samsung,Cell Phone,Galaxy Z Flip5,Unlocked,512GB,POOR,162,30
Smartphones,Samsung,Cell Phone,Galaxy Z Flip5,Unlocked,512GB,GOOD,208,135
Smartphones,Samsung,Cell Phone,Galaxy Z Flip5,Unlocked,512GB,MINT,238,165
Smartphones,Samsung,Cell Phone,Galaxy Z Flip5,Unlocked,256GB,FAULTY,80,25
Smartphones,Samsung,Cell Phone,Galaxy Z Flip5,Unlocked,256GB,POOR,150,25
Smartphones,Samsung,Cell Phone,Galaxy Z Flip5,Unlocked,256GB,GOOD,181,120
Smartphones,Samsung,Cell Phone,Galaxy Z Flip5,Unlocked,256GB,MINT,208,150
Smartphones,Samsung,Cell Phone,Galaxy Z Flip5,Other,512GB,FAULTY,23,15
Smartphones,Samsung,Cell Phone,Galaxy Z Flip5,Other,512GB,POOR,65,15
Smartphones,Samsung,Cell Phone,Galaxy Z Flip5,Other,512GB,GOOD,105,75
Smartphones,Samsung,Cell Phone,Galaxy Z Flip5,Other,512GB,MINT,115,105
Smartphones,Samsung,Cell Phone,Galaxy Z Flip5,Other,256GB,FAULTY,19,15
Smartphones,Samsung,Cell Phone,Galaxy Z Flip5,Other,256GB,POOR,61,15
Smartphones,Samsung,Cell Phone,Galaxy Z Flip5,Other,256GB,GOOD,92,75
Smartphones,Samsung,Cell Phone,Galaxy Z Flip5,Other,256GB,MINT,103,100
Smartphones,Samsung,Cell Phone,Galaxy Z Flip5,T-Mobile,512GB,FAULTY,55,20
Smartphones,Samsung,Cell Phone,Galaxy Z Flip5,T-Mobile,512GB,POOR,129,20
Smartphones,Samsung,Cell Phone,Galaxy Z Flip5,T-Mobile,512GB,GOOD,154,110
Smartphones,Samsung,Cell Phone,Galaxy Z Flip5,T-Mobile,512GB,MINT,184,140
Smartphones,Samsung,Cell Phone,Galaxy Z Flip5,T-Mobile,256GB,FAULTY,50,10
Smartphones,Samsung,Cell Phone,Galaxy Z Flip5,T-Mobile,256GB,POOR,118,10
Smartphones,Samsung,Cell Phone,Galaxy Z Flip5,T-Mobile,256GB,GOOD,143,80
Smartphones,Samsung,Cell Phone,Galaxy Z Flip5,T-Mobile,256GB,MINT,170,110
Smartphones,Samsung,Cell Phone,Galaxy Z Flip5,AT&T,512GB,FAULTY,55,20
Smartphones,Samsung,Cell Phone,Galaxy Z Flip5,AT&T,512GB,POOR,134,20
Smartphones,Samsung,Cell Phone,Galaxy Z Flip5,AT&T,512GB,GOOD,159,110
Smartphones,Samsung,Cell Phone,Galaxy Z Flip5,AT&T,512GB,MINT,194,140
Smartphones,Samsung,Cell Phone,Galaxy Z Flip5,AT&T,256GB,FAULTY,50,15
Smartphones,Samsung,Cell Phone,Galaxy Z Flip5,AT&T,256GB,POOR,123,15
Smartphones,Samsung,Cell Phone,Galaxy Z Flip5,AT&T,256GB,GOOD,149,90
Smartphones,Samsung,Cell Phone,Galaxy Z Flip5,AT&T,256GB,MINT,176,120
Smartphones,Samsung,Cell Phone,Galaxy Z Flip5,Verizon,512GB,FAULTY,35,30
Smartphones,Samsung,Cell Phone,Galaxy Z Flip5,Verizon,512GB,POOR,134,30
Smartphones,Samsung,Cell Phone,Galaxy Z Flip5,Verizon,512GB,GOOD,159,115
Smartphones,Samsung,Cell Phone,Galaxy Z Flip5,Verizon,512GB,MINT,187,145
Smartphones,Samsung,Cell Phone,Galaxy Z Flip5,Verizon,256GB,FAULTY,30,25
Smartphones,Samsung,Cell Phone,Galaxy Z Flip5,Verizon,256GB,POOR,123,25
Smartphones,Samsung,Cell Phone,Galaxy Z Flip5,Verizon,256GB,GOOD,149,95
Smartphones,Samsung,Cell Phone,Galaxy Z Flip5,Verizon,256GB,MINT,176,125
Smartphones,Samsung,Cell Phone,Galaxy Z Fold4,Unlocked,1TB,POOR,179,30
Smartphones,Samsung,Cell Phone,Galaxy Z Fold4,Unlocked,1TB,GOOD,253,205
Smartphones,Samsung,Cell Phone,Galaxy Z Fold4,Unlocked,1TB,MINT,286,235
Smartphones,Samsung,Cell Phone,Galaxy Z Fold4,Unlocked,512GB,FAULTY,48,25
Smartphones,Samsung,Cell Phone,Galaxy Z Fold4,Unlocked,512GB,POOR,169,25
Smartphones,Samsung,Cell Phone,Galaxy Z Fold4,Unlocked,512GB,GOOD,233,185
Smartphones,Samsung,Cell Phone,Galaxy Z Fold4,Unlocked,512GB,MINT,249,215
Smartphones,Samsung,Cell Phone,Galaxy Z Fold4,Unlocked,256GB,FAULTY,46,15
Smartphones,Samsung,Cell Phone,Galaxy Z Fold4,Unlocked,256GB,POOR,158,15
Smartphones,Samsung,Cell Phone,Galaxy Z Fold4,Unlocked,256GB,GOOD,205,170
Smartphones,Samsung,Cell Phone,Galaxy Z Fold4,Unlocked,256GB,MINT,229,200
Smartphones,Samsung,Cell Phone,Galaxy Z Fold4,Other,1TB,FAULTY,35,20
Smartphones,Samsung,Cell Phone,Galaxy Z Fold4,Other,1TB,POOR,59,20
Smartphones,Samsung,Cell Phone,Galaxy Z Fold4,Other,1TB,GOOD,157.5,100
Smartphones,Samsung,Cell Phone,Galaxy Z Fold4,Other,1TB,MINT,176,130
Smartphones,Samsung,Cell Phone,Galaxy Z Fold4,Other,512GB,FAULTY,31,15
Smartphones,Samsung,Cell Phone,Galaxy Z Fold4,Other,512GB,POOR,55,15
Smartphones,Samsung,Cell Phone,Galaxy Z Fold4,Other,512GB,GOOD,138.6,90
Smartphones,Samsung,Cell Phone,Galaxy Z Fold4,Other,512GB,MINT,155,120
Smartphones,Samsung,Cell Phone,Galaxy Z Fold4,Other,256GB,FAULTY,18,10
Smartphones,Samsung,Cell Phone,Galaxy Z Fold4,Other,256GB,POOR,51,10
Smartphones,Samsung,Cell Phone,Galaxy Z Fold4,Other,256GB,GOOD,126,70
Smartphones,Samsung,Cell Phone,Galaxy Z Fold4,Other,256GB,MINT,141,100
Smartphones,Samsung,Cell Phone,Galaxy Z Fold4,T-Mobile,1TB,FAULTY,42,30
Smartphones,Samsung,Cell Phone,Galaxy Z Fold4,T-Mobile,1TB,POOR,158,30
Smartphones,Samsung,Cell Phone,Galaxy Z Fold4,T-Mobile,1TB,GOOD,205.5,125
Smartphones,Samsung,Cell Phone,Galaxy Z Fold4,T-Mobile,1TB,MINT,229,155
Smartphones,Samsung,Cell Phone,Galaxy Z Fold4,T-Mobile,512GB,FAULTY,43,15
Smartphones,Samsung,Cell Phone,Galaxy Z Fold4,T-Mobile,512GB,POOR,151,15
Smartphones,Samsung,Cell Phone,Galaxy Z Fold4,T-Mobile,512GB,GOOD,183,105
Smartphones,Samsung,Cell Phone,Galaxy Z Fold4,T-Mobile,512GB,MINT,219,135
Smartphones,Samsung,Cell Phone,Galaxy Z Fold4,T-Mobile,256GB,FAULTY,40,10
Smartphones,Samsung,Cell Phone,Galaxy Z Fold4,T-Mobile,256GB,POOR,138,10
Smartphones,Samsung,Cell Phone,Galaxy Z Fold4,T-Mobile,256GB,GOOD,167,90
Smartphones,Samsung,Cell Phone,Galaxy Z Fold4,T-Mobile,256GB,MINT,203,120
Smartphones,Samsung,Cell Phone,Galaxy Z Fold4,AT&T,1TB,FAULTY,42,30
Smartphones,Samsung,Cell Phone,Galaxy Z Fold4,AT&T,1TB,POOR,158,30
Smartphones,Samsung,Cell Phone,Galaxy Z Fold4,AT&T,1TB,GOOD,205.5,155
Smartphones,Samsung,Cell Phone,Galaxy Z Fold4,AT&T,1TB,MINT,229,185
Smartphones,Samsung,Cell Phone,Galaxy Z Fold4,AT&T,512GB,FAULTY,43,25
Smartphones,Samsung,Cell Phone,Galaxy Z Fold4,AT&T,512GB,POOR,151,25
Smartphones,Samsung,Cell Phone,Galaxy Z Fold4,AT&T,512GB,GOOD,183,120
Smartphones,Samsung,Cell Phone,Galaxy Z Fold4,AT&T,512GB,MINT,219,150
Smartphones,Samsung,Cell Phone,Galaxy Z Fold4,AT&T,256GB,FAULTY,40,15
Smartphones,Samsung,Cell Phone,Galaxy Z Fold4,AT&T,256GB,POOR,138,15
Smartphones,Samsung,Cell Phone,Galaxy Z Fold4,AT&T,256GB,GOOD,167,120
Smartphones,Samsung,Cell Phone,Galaxy Z Fold4,AT&T,256GB,MINT,203,150
Smartphones,Samsung,Cell Phone,Galaxy Z Fold4,Verizon,1TB,FAULTY,45,30
Smartphones,Samsung,Cell Phone,Galaxy Z Fold4,Verizon,1TB,POOR,114,30
Smartphones,Samsung,Cell Phone,Galaxy Z Fold4,Verizon,1TB,GOOD,205.5,185
Smartphones,Samsung,Cell Phone,Galaxy Z Fold4,Verizon,1TB,MINT,245,215
Smartphones,Samsung,Cell Phone,Galaxy Z Fold4,Verizon,512GB,FAULTY,33,25
Smartphones,Samsung,Cell Phone,Galaxy Z Fold4,Verizon,512GB,POOR,125,25
Smartphones,Samsung,Cell Phone,Galaxy Z Fold4,Verizon,512GB,GOOD,183,155
Smartphones,Samsung,Cell Phone,Galaxy Z Fold4,Verizon,512GB,MINT,207,185
Smartphones,Samsung,Cell Phone,Galaxy Z Fold4,Verizon,256GB,FAULTY,20,15
Smartphones,Samsung,Cell Phone,Galaxy Z Fold4,Verizon,256GB,POOR,107,15
Smartphones,Samsung,Cell Phone,Galaxy Z Fold4,Verizon,256GB,GOOD,167,135
Smartphones,Samsung,Cell Phone,Galaxy Z Fold4,Verizon,256GB,MINT,196,165
Smartphones,Samsung,Cell Phone,Galaxy Z Fold5,Unlocked,1TB,FAULTY,85,70
Smartphones,Samsung,Cell Phone,Galaxy Z Flip6,Unlocked,512GB,FAULTY,79,45
Smartphones,Samsung,Cell Phone,Galaxy Z Flip6,Unlocked,512GB,POOR,227,45
Smartphones,Samsung,Cell Phone,Galaxy Z Flip6,Unlocked,512GB,GOOD,283,230
Smartphones,Samsung,Cell Phone,Galaxy Z Flip6,Unlocked,512GB,MINT,314,270
Smartphones,Samsung,Cell Phone,Galaxy Z Flip6,Unlocked,256GB,FAULTY,71,40
Smartphones,Samsung,Cell Phone,Galaxy Z Flip6,Unlocked,256GB,POOR,213,40
Smartphones,Samsung,Cell Phone,Galaxy Z Flip6,Unlocked,256GB,GOOD,245,210
Smartphones,Samsung,Cell Phone,Galaxy Z Flip6,Unlocked,256GB,MINT,298,250
Smartphones,Samsung,Cell Phone,Galaxy Z Flip6,Other,512GB,FAULTY,43,30
Smartphones,Samsung,Cell Phone,Galaxy Z Flip6,Other,512GB,POOR,92,30
Smartphones,Samsung,Cell Phone,Galaxy Z Flip6,Other,512GB,GOOD,136,125
Smartphones,Samsung,Cell Phone,Galaxy Z Flip6,Other,512GB,MINT,166,165
Smartphones,Samsung,Cell Phone,Galaxy Z Flip6,Other,256GB,FAULTY,41,25
Smartphones,Samsung,Cell Phone,Galaxy Z Flip6,Other,256GB,POOR,87,25
Smartphones,Samsung,Cell Phone,Galaxy Z Flip6,Other,256GB,GOOD,129,100
Smartphones,Samsung,Cell Phone,Galaxy Z Flip6,Other,256GB,MINT,153,140
Smartphones,Samsung,Cell Phone,Galaxy Z Flip6,T-Mobile,512GB,FAULTY,64,35
Smartphones,Samsung,Cell Phone,Galaxy Z Flip6,T-Mobile,512GB,POOR,185,35
Smartphones,Samsung,Cell Phone,Galaxy Z Flip6,T-Mobile,512GB,GOOD,226,185
Smartphones,Samsung,Cell Phone,Galaxy Z Flip6,T-Mobile,512GB,MINT,267,225
Smartphones,Samsung,Cell Phone,Galaxy Z Flip6,T-Mobile,256GB,FAULTY,61,25
Smartphones,Samsung,Cell Phone,Galaxy Z Flip6,T-Mobile,256GB,POOR,167,25
Smartphones,Samsung,Cell Phone,Galaxy Z Flip6,T-Mobile,256GB,GOOD,210,165
Smartphones,Samsung,Cell Phone,Galaxy Z Flip6,T-Mobile,256GB,MINT,246,205
Smartphones,Samsung,Cell Phone,Galaxy Z Flip6,AT&T,512GB,FAULTY,66,35
Smartphones,Samsung,Cell Phone,Galaxy Z Flip6,AT&T,512GB,POOR,190,35
Smartphones,Samsung,Cell Phone,Galaxy Z Flip6,AT&T,512GB,GOOD,234,195
Smartphones,Samsung,Cell Phone,Galaxy Z Flip6,AT&T,512GB,MINT,277,235
Smartphones,Samsung,Cell Phone,Galaxy Z Flip6,AT&T,256GB,FAULTY,63,25
Smartphones,Samsung,Cell Phone,Galaxy Z Flip6,AT&T,256GB,POOR,175,25
Smartphones,Samsung,Cell Phone,Galaxy Z Flip6,AT&T,256GB,GOOD,218,175
Smartphones,Samsung,Cell Phone,Galaxy Z Flip6,AT&T,256GB,MINT,257,215
Smartphones,Samsung,Cell Phone,Galaxy Z Flip6,Verizon,512GB,FAULTY,58,35
Smartphones,Samsung,Cell Phone,Galaxy Z Flip6,Verizon,512GB,POOR,145,35
Smartphones,Samsung,Cell Phone,Galaxy Z Flip6,Verizon,512GB,GOOD,226,185
Smartphones,Samsung,Cell Phone,Galaxy Z Flip6,Verizon,512GB,MINT,263,225
Smartphones,Samsung,Cell Phone,Galaxy Z Flip6,Verizon,256GB,FAULTY,55,25
Smartphones,Samsung,Cell Phone,Galaxy Z Flip6,Verizon,256GB,POOR,127,25
Smartphones,Samsung,Cell Phone,Galaxy Z Flip6,Verizon,256GB,GOOD,210,165
Smartphones,Samsung,Cell Phone,Galaxy Z Flip6,Verizon,256GB,MINT,245,205
Smartphones,Samsung,Cell Phone,Galaxy Z Fold5,Unlocked,1TB,POOR,318,70
Smartphones,Samsung,Cell Phone,Galaxy Z Fold5,Unlocked,1TB,GOOD,371,240
Smartphones,Samsung,Cell Phone,Galaxy Z Fold5,Unlocked,1TB,MINT,394,300
Smartphones,Samsung,Cell Phone,Galaxy Z Fold5,Unlocked,512GB,FAULTY,85,65
Smartphones,Samsung,Cell Phone,Galaxy Z Fold5,Unlocked,512GB,POOR,301,65
Smartphones,Samsung,Cell Phone,Galaxy Z Fold5,Unlocked,512GB,GOOD,349,230
Smartphones,Samsung,Cell Phone,Galaxy Z Fold5,Unlocked,512GB,MINT,363,265
Smartphones,Samsung,Cell Phone,Galaxy Z Fold5,Unlocked,256GB,FAULTY,85,50
Smartphones,Samsung,Cell Phone,Galaxy Z Fold5,Unlocked,256GB,POOR,274,50
Smartphones,Samsung,Cell Phone,Galaxy Z Fold5,Unlocked,256GB,GOOD,319,190
Smartphones,Samsung,Cell Phone,Galaxy Z Fold5,Unlocked,256GB,MINT,346,235
Smartphones,Samsung,Cell Phone,Galaxy Z Fold5,Other,1TB,FAULTY,80,30
Smartphones,Samsung,Cell Phone,Galaxy Z Fold5,Other,1TB,POOR,121,30
Smartphones,Samsung,Cell Phone,Galaxy Z Fold5,Other,1TB,GOOD,179,115
Smartphones,Samsung,Cell Phone,Galaxy Z Fold5,Other,1TB,MINT,193,165
Smartphones,Samsung,Cell Phone,Galaxy Z Fold5,Other,512GB,FAULTY,80,25
Smartphones,Samsung,Cell Phone,Galaxy Z Fold5,Other,512GB,POOR,111,25
Smartphones,Samsung,Cell Phone,Galaxy Z Fold5,Other,512GB,GOOD,171,110
Smartphones,Samsung,Cell Phone,Galaxy Z Fold5,Other,512GB,MINT,185,155
Smartphones,Samsung,Cell Phone,Galaxy Z Fold5,Other,256GB,FAULTY,80,20
Smartphones,Samsung,Cell Phone,Galaxy Z Fold5,Other,256GB,POOR,150,20
Smartphones,Samsung,Cell Phone,Galaxy Z Fold5,Other,256GB,GOOD,162,105
Smartphones,Samsung,Cell Phone,Galaxy Z Fold5,Other,256GB,MINT,177,150
Smartphones,Samsung,Cell Phone,Galaxy Z Fold5,T-Mobile,1TB,FAULTY,85,40
Smartphones,Samsung,Cell Phone,Galaxy Z Fold5,T-Mobile,1TB,POOR,205,40
Smartphones,Samsung,Cell Phone,Galaxy Z Fold5,T-Mobile,1TB,GOOD,219,150
Smartphones,Samsung,Cell Phone,Galaxy Z Fold5,T-Mobile,1TB,MINT,290,210
Smartphones,Samsung,Cell Phone,Galaxy Z Fold5,T-Mobile,512GB,FAULTY,85,35
Smartphones,Samsung,Cell Phone,Galaxy Z Fold5,T-Mobile,512GB,POOR,205,35
Smartphones,Samsung,Cell Phone,Galaxy Z Fold5,T-Mobile,512GB,GOOD,207,160
Smartphones,Samsung,Cell Phone,Galaxy Z Fold5,T-Mobile,512GB,MINT,264,195
Smartphones,Samsung,Cell Phone,Galaxy Z Fold5,T-Mobile,256GB,FAULTY,85,30
Smartphones,Samsung,Cell Phone,Galaxy Z Fold5,T-Mobile,256GB,POOR,185,30
Smartphones,Samsung,Cell Phone,Galaxy Z Fold5,T-Mobile,256GB,GOOD,194,125
Smartphones,Samsung,Cell Phone,Galaxy Z Fold5,T-Mobile,256GB,MINT,241,170
Smartphones,Samsung,Cell Phone,Galaxy Z Fold5,AT&T,1TB,FAULTY,85,60
Smartphones,Samsung,Cell Phone,Galaxy Z Fold5,AT&T,1TB,POOR,205,60
Smartphones,Samsung,Cell Phone,Galaxy Z Fold5,AT&T,1TB,GOOD,253,175
Smartphones,Samsung,Cell Phone,Galaxy Z Fold5,AT&T,1TB,MINT,293,235
Smartphones,Samsung,Cell Phone,Galaxy Z Fold5,AT&T,512GB,FAULTY,85,55
Smartphones,Samsung,Cell Phone,Galaxy Z Fold5,AT&T,512GB,POOR,189,55
Smartphones,Samsung,Cell Phone,Galaxy Z Fold5,AT&T,512GB,GOOD,231,165
Smartphones,Samsung,Cell Phone,Galaxy Z Fold5,AT&T,512GB,MINT,264,210
Smartphones,Samsung,Cell Phone,Galaxy Z Fold5,AT&T,256GB,FAULTY,85,45
Smartphones,Samsung,Cell Phone,Galaxy Z Fold5,AT&T,256GB,POOR,166,45
Smartphones,Samsung,Cell Phone,Galaxy Z Fold5,AT&T,256GB,GOOD,222,140
Smartphones,Samsung,Cell Phone,Galaxy Z Fold5,AT&T,256GB,MINT,246,185
Smartphones,Samsung,Cell Phone,Galaxy Z Fold5,Verizon,1TB,FAULTY,85,60
Smartphones,Samsung,Cell Phone,Galaxy Z Fold5,Verizon,1TB,POOR,188,60
Smartphones,Samsung,Cell Phone,Galaxy Z Fold5,Verizon,1TB,GOOD,242,200
Smartphones,Samsung,Cell Phone,Galaxy Z Fold5,Verizon,1TB,MINT,310,260
Smartphones,Samsung,Cell Phone,Galaxy Z Fold5,Verizon,512GB,FAULTY,85,55
Smartphones,Samsung,Cell Phone,Galaxy Z Fold5,Verizon,512GB,POOR,174,55
Smartphones,Samsung,Cell Phone,Galaxy Z Fold5,Verizon,512GB,GOOD,229,205
Smartphones,Samsung,Cell Phone,Galaxy Z Fold5,Verizon,512GB,MINT,279,240
Smartphones,Samsung,Cell Phone,Galaxy Z Fold5,Verizon,256GB,FAULTY,85,45
Smartphones,Samsung,Cell Phone,Galaxy Z Fold5,Verizon,256GB,POOR,176,45
Smartphones,Samsung,Cell Phone,Galaxy Z Fold5,Verizon,256GB,GOOD,222,175
Smartphones,Samsung,Cell Phone,Galaxy Z Fold5,Verizon,256GB,MINT,266,220
Smartphones,Samsung,Cell Phone,Galaxy Z Fold6,Unlocked,1TB,FAULTY,196,185
Smartphones,Samsung,Cell Phone,Galaxy Z Flip7 FE,Unlocked,256GB,FAULTY,86,85
Smartphones,Samsung,Cell Phone,Galaxy Z Flip7 FE,Unlocked,256GB,POOR,299,85
Smartphones,Samsung,Cell Phone,Galaxy Z Flip7 FE,Unlocked,256GB,GOOD,386,380
Smartphones,Samsung,Cell Phone,Galaxy Z Flip7 FE,Unlocked,256GB,MINT,439,420
Smartphones,Samsung,Cell Phone,Galaxy Z Flip7 FE,Unlocked,128GB,FAULTY,76,75
Smartphones,Samsung,Cell Phone,Galaxy Z Flip7 FE,Unlocked,128GB,POOR,284,75
Smartphones,Samsung,Cell Phone,Galaxy Z Flip7 FE,Unlocked,128GB,GOOD,356,340
Smartphones,Samsung,Cell Phone,Galaxy Z Flip7 FE,Unlocked,128GB,MINT,399,385
Smartphones,Samsung,Cell Phone,Galaxy Z Flip7 FE,Other,256GB,FAULTY,56,55
Smartphones,Samsung,Cell Phone,Galaxy Z Flip7 FE,Other,256GB,POOR,116,55
Smartphones,Samsung,Cell Phone,Galaxy Z Flip7 FE,Other,256GB,GOOD,192,185
Smartphones,Samsung,Cell Phone,Galaxy Z Flip7 FE,Other,256GB,MINT,226,225
Smartphones,Samsung,Cell Phone,Galaxy Z Flip7 FE,Other,128GB,FAULTY,46,45
Smartphones,Samsung,Cell Phone,Galaxy Z Flip7 FE,Other,128GB,POOR,107,45
Smartphones,Samsung,Cell Phone,Galaxy Z Flip7 FE,Other,128GB,GOOD,149,135
Smartphones,Samsung,Cell Phone,Galaxy Z Flip7 FE,Other,128GB,MINT,176,175
Smartphones,Samsung,Cell Phone,Galaxy Z Flip7 FE,T-Mobile,256GB,FAULTY,68,65
Smartphones,Samsung,Cell Phone,Galaxy Z Flip7 FE,T-Mobile,256GB,POOR,249,65
Smartphones,Samsung,Cell Phone,Galaxy Z Flip7 FE,T-Mobile,256GB,GOOD,361,355
Smartphones,Samsung,Cell Phone,Galaxy Z Flip7 FE,T-Mobile,256GB,MINT,404,395
Smartphones,Samsung,Cell Phone,Galaxy Z Flip7 FE,T-Mobile,128GB,FAULTY,58,55
Smartphones,Samsung,Cell Phone,Galaxy Z Flip7 FE,T-Mobile,128GB,POOR,234,55
Smartphones,Samsung,Cell Phone,Galaxy Z Flip7 FE,T-Mobile,128GB,GOOD,311,305
Smartphones,Samsung,Cell Phone,Galaxy Z Flip7 FE,T-Mobile,128GB,MINT,354,345
Smartphones,Samsung,Cell Phone,Galaxy Z Flip7 FE,AT&T,256GB,FAULTY,70,65
Smartphones,Samsung,Cell Phone,Galaxy Z Flip7 FE,AT&T,256GB,POOR,259,65
Smartphones,Samsung,Cell Phone,Galaxy Z Flip7 FE,AT&T,256GB,GOOD,371,365
Smartphones,Samsung,Cell Phone,Galaxy Z Flip7 FE,AT&T,256GB,MINT,414,405
Smartphones,Samsung,Cell Phone,Galaxy Z Flip7 FE,AT&T,128GB,FAULTY,60,55
Smartphones,Samsung,Cell Phone,Galaxy Z Flip7 FE,AT&T,128GB,POOR,244,55
Smartphones,Samsung,Cell Phone,Galaxy Z Flip7 FE,AT&T,128GB,GOOD,321,315
Smartphones,Samsung,Cell Phone,Galaxy Z Flip7 FE,AT&T,128GB,MINT,364,355
Smartphones,Samsung,Cell Phone,Galaxy Z Flip7 FE,Verizon,256GB,FAULTY,69,65
Smartphones,Samsung,Cell Phone,Galaxy Z Flip7 FE,Verizon,256GB,POOR,215,65
Smartphones,Samsung,Cell Phone,Galaxy Z Flip7 FE,Verizon,256GB,GOOD,361,355
Smartphones,Samsung,Cell Phone,Galaxy Z Flip7 FE,Verizon,256GB,MINT,404,395
Smartphones,Samsung,Cell Phone,Galaxy Z Flip7 FE,Verizon,128GB,FAULTY,61,55
Smartphones,Samsung,Cell Phone,Galaxy Z Flip7 FE,Verizon,128GB,POOR,195,55
Smartphones,Samsung,Cell Phone,Galaxy Z Flip7 FE,Verizon,128GB,GOOD,312,305
Smartphones,Samsung,Cell Phone,Galaxy Z Flip7 FE,Verizon,128GB,MINT,355,345
Smartphones,Samsung,Cell Phone,Galaxy Z Fold6,Unlocked,1TB,POOR,418,185
Smartphones,Samsung,Cell Phone,Galaxy Z Fold6,Unlocked,1TB,GOOD,520,490
Smartphones,Samsung,Cell Phone,Galaxy Z Fold6,Unlocked,1TB,MINT,583,570
Smartphones,Samsung,Cell Phone,Galaxy Z Fold6,Unlocked,512GB,FAULTY,176,160
Smartphones,Samsung,Cell Phone,Galaxy Z Fold6,Unlocked,512GB,POOR,391,160
Smartphones,Samsung,Cell Phone,Galaxy Z Fold6,Unlocked,512GB,GOOD,502,460
Smartphones,Samsung,Cell Phone,Galaxy Z Fold6,Unlocked,512GB,MINT,553,540
Smartphones,Samsung,Cell Phone,Galaxy Z Fold6,Unlocked,256GB,FAULTY,170,135
Smartphones,Samsung,Cell Phone,Galaxy Z Fold6,Unlocked,256GB,POOR,358,135
Smartphones,Samsung,Cell Phone,Galaxy Z Fold6,Unlocked,256GB,GOOD,451,420
Smartphones,Samsung,Cell Phone,Galaxy Z Fold6,Unlocked,256GB,MINT,513,500
Smartphones,Samsung,Cell Phone,Galaxy Z Fold6,Other,1TB,FAULTY,141,115
Smartphones,Samsung,Cell Phone,Galaxy Z Fold6,Other,1TB,POOR,205,115
Smartphones,Samsung,Cell Phone,Galaxy Z Fold6,Other,1TB,GOOD,316,290
Smartphones,Samsung,Cell Phone,Galaxy Z Fold6,Other,1TB,MINT,375,370
Smartphones,Samsung,Cell Phone,Galaxy Z Fold6,Other,512GB,FAULTY,141,105
Smartphones,Samsung,Cell Phone,Galaxy Z Fold6,Other,512GB,POOR,191,105
Smartphones,Samsung,Cell Phone,Galaxy Z Fold6,Other,512GB,GOOD,290,260
Smartphones,Samsung,Cell Phone,Galaxy Z Fold6,Other,512GB,MINT,345,340
Smartphones,Samsung,Cell Phone,Galaxy Z Fold6,Other,256GB,FAULTY,141,95
Smartphones,Samsung,Cell Phone,Galaxy Z Fold6,Other,256GB,POOR,178,95
Smartphones,Samsung,Cell Phone,Galaxy Z Fold6,Other,256GB,GOOD,265,230
Smartphones,Samsung,Cell Phone,Galaxy Z Fold6,Other,256GB,MINT,315,310
Smartphones,Samsung,Cell Phone,Galaxy Z Fold6,T-Mobile,1TB,FAULTY,150,125
Smartphones,Samsung,Cell Phone,Galaxy Z Fold6,T-Mobile,1TB,POOR,316,125
Smartphones,Samsung,Cell Phone,Galaxy Z Fold6,T-Mobile,1TB,GOOD,397,340
Smartphones,Samsung,Cell Phone,Galaxy Z Fold6,T-Mobile,1TB,MINT,441,420
Smartphones,Samsung,Cell Phone,Galaxy Z Fold6,T-Mobile,512GB,FAULTY,149,120
Smartphones,Samsung,Cell Phone,Galaxy Z Fold6,T-Mobile,512GB,POOR,291,120
Smartphones,Samsung,Cell Phone,Galaxy Z Fold6,T-Mobile,512GB,GOOD,370,340
Smartphones,Samsung,Cell Phone,Galaxy Z Fold6,T-Mobile,512GB,MINT,439,420
Smartphones,Samsung,Cell Phone,Galaxy Z Fold6,T-Mobile,256GB,FAULTY,149,110
Smartphones,Samsung,Cell Phone,Galaxy Z Fold6,T-Mobile,256GB,POOR,256,110
Smartphones,Samsung,Cell Phone,Galaxy Z Fold6,T-Mobile,256GB,GOOD,336,300
Smartphones,Samsung,Cell Phone,Galaxy Z Fold6,T-Mobile,256GB,MINT,399,380
Smartphones,Samsung,Cell Phone,Galaxy Z Fold6,AT&T,1TB,FAULTY,184,175
Smartphones,Samsung,Cell Phone,Galaxy Z Fold6,AT&T,1TB,POOR,338,175
Smartphones,Samsung,Cell Phone,Galaxy Z Fold6,AT&T,1TB,GOOD,438,390
Smartphones,Samsung,Cell Phone,Galaxy Z Fold6,AT&T,1TB,MINT,489,470
Smartphones,Samsung,Cell Phone,Galaxy Z Fold6,AT&T,512GB,FAULTY,159,150
Smartphones,Samsung,Cell Phone,Galaxy Z Fold6,AT&T,512GB,POOR,331,150
Smartphones,Samsung,Cell Phone,Galaxy Z Fold6,AT&T,512GB,GOOD,412,360
Smartphones,Samsung,Cell Phone,Galaxy Z Fold6,AT&T,512GB,MINT,459,440
Smartphones,Samsung,Cell Phone,Galaxy Z Fold6,AT&T,256GB,FAULTY,149,125
Smartphones,Samsung,Cell Phone,Galaxy Z Fold6,AT&T,256GB,POOR,298,125
Smartphones,Samsung,Cell Phone,Galaxy Z Fold6,AT&T,256GB,GOOD,378,320
Smartphones,Samsung,Cell Phone,Galaxy Z Fold6,AT&T,256GB,MINT,431,400
Smartphones,Samsung,Cell Phone,Galaxy Z Fold6,Verizon,1TB,FAULTY,184,175
Smartphones,Samsung,Cell Phone,Galaxy Z Fold6,Verizon,1TB,POOR,277,175
Smartphones,Samsung,Cell Phone,Galaxy Z Fold6,Verizon,1TB,GOOD,422,370
Smartphones,Samsung,Cell Phone,Galaxy Z Fold6,Verizon,1TB,MINT,512,450
Smartphones,Samsung,Cell Phone,Galaxy Z Fold6,Verizon,512GB,FAULTY,159,150
Smartphones,Samsung,Cell Phone,Galaxy Z Fold6,Verizon,512GB,POOR,256,150
Smartphones,Samsung,Cell Phone,Galaxy Z Fold6,Verizon,512GB,GOOD,392,320
Smartphones,Samsung,Cell Phone,Galaxy Z Fold6,Verizon,512GB,MINT,450,400
Smartphones,Samsung,Cell Phone,Galaxy Z Fold6,Verizon,256GB,FAULTY,149,125
Smartphones,Samsung,Cell Phone,Galaxy Z Fold6,Verizon,256GB,POOR,239,125
Smartphones,Samsung,Cell Phone,Galaxy Z Fold6,Verizon,256GB,GOOD,354,290
Smartphones,Samsung,Cell Phone,Galaxy Z Fold6,Verizon,256GB,MINT,443,370
Smartphones,Samsung,Cell Phone,Galaxy Z Flip7,Unlocked,512GB,FAULTY,111,110
Smartphones,Samsung,Cell Phone,Galaxy Z Fold7,Unlocked,1TB,FAULTY,241,240
Smartphones,Samsung,Cell Phone,Galaxy Z Fold7,Unlocked,1TB,POOR,675,240
Smartphones,Samsung,Cell Phone,Galaxy Z Fold7,Unlocked,1TB,GOOD,785,675
Smartphones,Samsung,Cell Phone,Galaxy Z Fold7,Unlocked,1TB,MINT,852,755
Smartphones,Samsung,Cell Phone,Galaxy Z Fold7,Unlocked,512GB,FAULTY,221,215
Smartphones,Samsung,Cell Phone,Galaxy Z Fold7,Unlocked,512GB,POOR,645,215
Smartphones,Samsung,Cell Phone,Galaxy Z Fold7,Unlocked,512GB,GOOD,755,635
Smartphones,Samsung,Cell Phone,Galaxy Z Fold7,Unlocked,512GB,MINT,822,715
Smartphones,Samsung,Cell Phone,Galaxy Z Fold7,Unlocked,256GB,FAULTY,221,190
Smartphones,Samsung,Cell Phone,Galaxy Z Fold7,Unlocked,256GB,POOR,605,190
Smartphones,Samsung,Cell Phone,Galaxy Z Fold7,Unlocked,256GB,GOOD,715,595
Smartphones,Samsung,Cell Phone,Galaxy Z Fold7,Unlocked,256GB,MINT,782,675
Smartphones,Samsung,Cell Phone,Galaxy Z Fold7,Other,1TB,FAULTY,221,155
Smartphones,Samsung,Cell Phone,Galaxy Z Fold7,Other,1TB,POOR,341,155
Smartphones,Samsung,Cell Phone,Galaxy Z Fold7,Other,1TB,GOOD,440,360
Smartphones,Samsung,Cell Phone,Galaxy Z Fold7,Other,1TB,MINT,510,440
Smartphones,Samsung,Cell Phone,Galaxy Z Fold7,Other,512GB,FAULTY,221,145
Smartphones,Samsung,Cell Phone,Galaxy Z Fold7,Other,512GB,POOR,321,145
Smartphones,Samsung,Cell Phone,Galaxy Z Fold7,Other,512GB,GOOD,420,330
Smartphones,Samsung,Cell Phone,Galaxy Z Fold7,Other,512GB,MINT,480,410
Smartphones,Samsung,Cell Phone,Galaxy Z Fold7,Other,256GB,FAULTY,221,135
Smartphones,Samsung,Cell Phone,Galaxy Z Fold7,Other,256GB,POOR,301,135
Smartphones,Samsung,Cell Phone,Galaxy Z Fold7,Other,256GB,GOOD,400,300
Smartphones,Samsung,Cell Phone,Galaxy Z Fold7,Other,256GB,MINT,442,380
Smartphones,Samsung,Cell Phone,Galaxy Z Fold7,T-Mobile,1TB,FAULTY,221,165
Smartphones,Samsung,Cell Phone,Galaxy Z Fold7,T-Mobile,1TB,POOR,526,165
Smartphones,Samsung,Cell Phone,Galaxy Z Fold7,T-Mobile,1TB,GOOD,635,525
Smartphones,Samsung,Cell Phone,Galaxy Z Fold7,T-Mobile,1TB,MINT,702,605
Smartphones,Samsung,Cell Phone,Galaxy Z Fold7,T-Mobile,512GB,FAULTY,221,160
Smartphones,Samsung,Cell Phone,Galaxy Z Fold7,T-Mobile,512GB,POOR,496,160
Smartphones,Samsung,Cell Phone,Galaxy Z Fold7,T-Mobile,512GB,GOOD,605,495
Smartphones,Samsung,Cell Phone,Galaxy Z Fold7,T-Mobile,512GB,MINT,672,575
Smartphones,Samsung,Cell Phone,Galaxy Z Fold7,T-Mobile,256GB,FAULTY,221,150
Smartphones,Samsung,Cell Phone,Galaxy Z Fold7,T-Mobile,256GB,POOR,456,150
Smartphones,Samsung,Cell Phone,Galaxy Z Fold7,T-Mobile,256GB,GOOD,603,455
Smartphones,Samsung,Cell Phone,Galaxy Z Fold7,T-Mobile,256GB,MINT,668,535
Smartphones,Samsung,Cell Phone,Galaxy Z Fold7,AT&T,1TB,FAULTY,231,230
Smartphones,Samsung,Cell Phone,Galaxy Z Fold7,AT&T,1TB,POOR,575,230
Smartphones,Samsung,Cell Phone,Galaxy Z Fold7,AT&T,1TB,GOOD,685,565
Smartphones,Samsung,Cell Phone,Galaxy Z Fold7,AT&T,1TB,MINT,752,645
Smartphones,Samsung,Cell Phone,Galaxy Z Fold7,AT&T,512GB,FAULTY,221,205
Smartphones,Samsung,Cell Phone,Galaxy Z Fold7,AT&T,512GB,POOR,546,205
Smartphones,Samsung,Cell Phone,Galaxy Z Fold7,AT&T,512GB,GOOD,655,535
Smartphones,Samsung,Cell Phone,Galaxy Z Fold7,AT&T,512GB,MINT,722,615
Smartphones,Samsung,Cell Phone,Galaxy Z Fold7,AT&T,256GB,FAULTY,221,180
Smartphones,Samsung,Cell Phone,Galaxy Z Fold7,AT&T,256GB,POOR,506,180
Smartphones,Samsung,Cell Phone,Galaxy Z Fold7,AT&T,256GB,GOOD,615,505
Smartphones,Samsung,Cell Phone,Galaxy Z Fold7,AT&T,256GB,MINT,682,585
Smartphones,Samsung,Cell Phone,Galaxy Z Fold7,Verizon,1TB,FAULTY,231,230
Smartphones,Samsung,Cell Phone,Galaxy Z Fold7,Verizon,1TB,POOR,361,230
Smartphones,Samsung,Cell Phone,Galaxy Z Fold7,Verizon,1TB,GOOD,593,540
Smartphones,Samsung,Cell Phone,Galaxy Z Fold7,Verizon,1TB,MINT,674,620
Smartphones,Samsung,Cell Phone,Galaxy Z Fold7,Verizon,512GB,FAULTY,221,205
Smartphones,Samsung,Cell Phone,Galaxy Z Fold7,Verizon,512GB,POOR,332,205
Smartphones,Samsung,Cell Phone,Galaxy Z Fold7,Verizon,512GB,GOOD,549,520
Smartphones,Samsung,Cell Phone,Galaxy Z Fold7,Verizon,512GB,MINT,648,600
Smartphones,Samsung,Cell Phone,Galaxy Z Fold7,Verizon,256GB,FAULTY,221,180
Smartphones,Samsung,Cell Phone,Galaxy Z Fold7,Verizon,256GB,POOR,319,180
Smartphones,Samsung,Cell Phone,Galaxy Z Fold7,Verizon,256GB,GOOD,538,480
Smartphones,Samsung,Cell Phone,Galaxy Z Fold7,Verizon,256GB,MINT,635,560
Smartphones,Samsung,Cell Phone,Galaxy Z Flip7,Unlocked,512GB,POOR,364,110
Smartphones,Samsung,Cell Phone,Galaxy Z Flip7,Unlocked,512GB,GOOD,451,435
Smartphones,Samsung,Cell Phone,Galaxy Z Flip7,Unlocked,512GB,MINT,498,485
Smartphones,Samsung,Cell Phone,Galaxy Z Flip7,Unlocked,256GB,FAULTY,101,100
Smartphones,Samsung,Cell Phone,Galaxy Z Flip7,Unlocked,256GB,POOR,334,100
Smartphones,Samsung,Cell Phone,Galaxy Z Flip7,Unlocked,256GB,GOOD,425,415
Smartphones,Samsung,Cell Phone,Galaxy Z Flip7,Unlocked,256GB,MINT,478,465
Smartphones,Samsung,Cell Phone,Galaxy Z Flip7,Other,512GB,FAULTY,86,85
Smartphones,Samsung,Cell Phone,Galaxy Z Flip7,Other,512GB,POOR,106,85
Smartphones,Samsung,Cell Phone,Galaxy Z Flip7,Other,512GB,GOOD,213,210
Smartphones,Samsung,Cell Phone,Galaxy Z Flip7,Other,512GB,MINT,251,250
Smartphones,Samsung,Cell Phone,Galaxy Z Flip7,Other,256GB,FAULTY,71,70
Smartphones,Samsung,Cell Phone,Galaxy Z Flip7,Other,256GB,POOR,102,70
Smartphones,Samsung,Cell Phone,Galaxy Z Flip7,Other,256GB,GOOD,192,185
Smartphones,Samsung,Cell Phone,Galaxy Z Flip7,Other,256GB,MINT,226,225
Smartphones,Samsung,Cell Phone,Galaxy Z Flip7,T-Mobile,512GB,FAULTY,91,90
Smartphones,Samsung,Cell Phone,Galaxy Z Flip7,T-Mobile,512GB,POOR,289,90
Smartphones,Samsung,Cell Phone,Galaxy Z Flip7,T-Mobile,512GB,GOOD,378,375
Smartphones,Samsung,Cell Phone,Galaxy Z Flip7,T-Mobile,512GB,MINT,436,415
Smartphones,Samsung,Cell Phone,Galaxy Z Flip7,T-Mobile,256GB,FAULTY,83,80
Smartphones,Samsung,Cell Phone,Galaxy Z Flip7,T-Mobile,256GB,POOR,259,80
Smartphones,Samsung,Cell Phone,Galaxy Z Flip7,T-Mobile,256GB,GOOD,358,355
Smartphones,Samsung,Cell Phone,Galaxy Z Flip7,T-Mobile,256GB,MINT,413,395
Smartphones,Samsung,Cell Phone,Galaxy Z Flip7,AT&T,512GB,FAULTY,87,
Smartphones,Samsung,Cell Phone,Galaxy Z Flip7,AT&T,512GB,POOR,289,
Smartphones,Samsung,Cell Phone,Galaxy Z Flip7,AT&T,512GB,GOOD,388,
Smartphones,Samsung,Cell Phone,Galaxy Z Flip7,AT&T,512GB,MINT,445,
Smartphones,Samsung,Cell Phone,Galaxy Z Flip7,AT&T,256GB,FAULTY,83,
Smartphones,Samsung,Cell Phone,Galaxy Z Flip7,AT&T,256GB,POOR,259,
Smartphones,Samsung,Cell Phone,Galaxy Z Flip7,AT&T,256GB,GOOD,356,
Smartphones,Samsung,Cell Phone,Galaxy Z Flip7,AT&T,256GB,MINT,412,
Smartphones,Samsung,Cell Phone,Galaxy Z Flip7,Verizon,512GB,FAULTY,91,90
Smartphones,Samsung,Cell Phone,Galaxy Z Flip7,Verizon,512GB,POOR,199,90
Smartphones,Samsung,Cell Phone,Galaxy Z Flip7,Verizon,512GB,GOOD,379,375
Smartphones,Samsung,Cell Phone,Galaxy Z Flip7,Verizon,512GB,MINT,433,415
Smartphones,Samsung,Cell Phone,Galaxy Z Flip7,Verizon,256GB,FAULTY,81,80
Smartphones,Samsung,Cell Phone,Galaxy Z Flip7,Verizon,256GB,POOR,189,80
Smartphones,Samsung,Cell Phone,Galaxy Z Flip7,Verizon,256GB,GOOD,358,355
Smartphones,Samsung,Cell Phone,Galaxy Z Flip7,Verizon,256GB,MINT,413,395
Smartphones,Samsung,Cell Phone,Galaxy Z TriFold,Unlocked,1TB,FAULTY,500,
Smartphones,Samsung,Cell Phone,Galaxy Z TriFold,Unlocked,1TB,POOR,1100,
Smartphones,Samsung,Cell Phone,Galaxy Z TriFold,Unlocked,1TB,GOOD,1562,
Smartphones,Samsung,Cell Phone,Galaxy Z TriFold,Unlocked,1TB,MINT,2072,
Smartphones,Samsung,Cell Phone,Galaxy Z TriFold,Unlocked,512GB,FAULTY,480,325
Smartphones,Samsung,Cell Phone,Galaxy Z TriFold,Unlocked,512GB,POOR,1056,325
Smartphones,Samsung,Cell Phone,Galaxy Z TriFold,Unlocked,512GB,GOOD,1512,1105
Smartphones,Samsung,Cell Phone,Galaxy Z TriFold,Unlocked,512GB,MINT,2022,1505
Smartphones,Samsung,Cell Phone,Galaxy Z TriFold,Other,1TB,FAULTY,,
Smartphones,Samsung,Cell Phone,Galaxy Z TriFold,Other,1TB,POOR,,
Smartphones,Samsung,Cell Phone,Galaxy Z TriFold,Other,1TB,GOOD,,
Smartphones,Samsung,Cell Phone,Galaxy Z TriFold,Other,1TB,MINT,,
Smartphones,Samsung,Cell Phone,Galaxy Z TriFold,Other,512GB,FAULTY,,
Smartphones,Samsung,Cell Phone,Galaxy Z TriFold,Other,512GB,POOR,,
Smartphones,Samsung,Cell Phone,Galaxy Z TriFold,Other,512GB,GOOD,,
Smartphones,Samsung,Cell Phone,Galaxy Z TriFold,Other,512GB,MINT,,
Smartphones,Samsung,Cell Phone,Galaxy Z TriFold,T-Mobile,1TB,FAULTY,,
Smartphones,Samsung,Cell Phone,Galaxy Z TriFold,T-Mobile,1TB,POOR,,
Smartphones,Samsung,Cell Phone,Galaxy Z TriFold,T-Mobile,1TB,GOOD,,
Smartphones,Samsung,Cell Phone,Galaxy Z TriFold,T-Mobile,1TB,MINT,,
Smartphones,Samsung,Cell Phone,Galaxy Z TriFold,T-Mobile,512GB,FAULTY,,
Smartphones,Samsung,Cell Phone,Galaxy Z TriFold,T-Mobile,512GB,POOR,,
Smartphones,Samsung,Cell Phone,Galaxy Z TriFold,T-Mobile,512GB,GOOD,,
Smartphones,Samsung,Cell Phone,Galaxy Z TriFold,T-Mobile,512GB,MINT,,
Smartphones,Samsung,Cell Phone,Galaxy Z TriFold,AT&T,1TB,FAULTY,,
Smartphones,Samsung,Cell Phone,Galaxy Z TriFold,AT&T,1TB,POOR,,
Smartphones,Samsung,Cell Phone,Galaxy Z TriFold,AT&T,1TB,GOOD,,
Smartphones,Samsung,Cell Phone,Galaxy Z TriFold,AT&T,1TB,MINT,,
Smartphones,Samsung,Cell Phone,Galaxy Z TriFold,AT&T,512GB,FAULTY,,
Smartphones,Samsung,Cell Phone,Galaxy Z TriFold,AT&T,512GB,POOR,,
Smartphones,Samsung,Cell Phone,Galaxy Z TriFold,AT&T,512GB,GOOD,,
Smartphones,Samsung,Cell Phone,Galaxy Z TriFold,AT&T,512GB,MINT,,
Smartphones,Samsung,Cell Phone,Galaxy Z TriFold,Verizon,1TB,FAULTY,,
Smartphones,Samsung,Cell Phone,Galaxy Z TriFold,Verizon,1TB,POOR,,
Smartphones,Samsung,Cell Phone,Galaxy Z TriFold,Verizon,1TB,GOOD,,
Smartphones,Samsung,Cell Phone,Galaxy Z TriFold,Verizon,1TB,MINT,,
Smartphones,Samsung,Cell Phone,Galaxy Z TriFold,Verizon,512GB,FAULTY,,
Smartphones,Samsung,Cell Phone,Galaxy Z TriFold,Verizon,512GB,POOR,,
Smartphones,Samsung,Cell Phone,Galaxy Z TriFold,Verizon,512GB,GOOD,,
Smartphones,Samsung,Cell Phone,Galaxy Z TriFold,Verizon,512GB,MINT,,
Smartphones,Samsung,Cell Phone,Galaxy Note 5,Unlocked,64GB,FAULTY,,
Smartphones,Samsung,Cell Phone,Galaxy Note 8,Unlocked,64GB,FAULTY,6,
Smartphones,Samsung,Cell Phone,Galaxy Note 8,Unlocked,64GB,POOR,15,
Smartphones,Samsung,Cell Phone,Galaxy Note 8,Unlocked,64GB,GOOD,30,30
Smartphones,Samsung,Cell Phone,Galaxy Note 8,Unlocked,64GB,MINT,44,40
Smartphones,Samsung,Cell Phone,Galaxy Note 8,Other,64GB,FAULTY,2,
Smartphones,Samsung,Cell Phone,Galaxy Note 8,Other,64GB,POOR,8,
Smartphones,Samsung,Cell Phone,Galaxy Note 8,Other,64GB,GOOD,13,10
Smartphones,Samsung,Cell Phone,Galaxy Note 8,Other,64GB,MINT,22,20
Smartphones,Samsung,Cell Phone,Galaxy Note 8,T-Mobile,64GB,FAULTY,1,
Smartphones,Samsung,Cell Phone,Galaxy Note 8,T-Mobile,64GB,POOR,4,
Smartphones,Samsung,Cell Phone,Galaxy Note 8,T-Mobile,64GB,GOOD,15,15
Smartphones,Samsung,Cell Phone,Galaxy Note 8,T-Mobile,64GB,MINT,25,25
Smartphones,Samsung,Cell Phone,Galaxy Note 8,AT&T,64GB,FAULTY,3,
Smartphones,Samsung,Cell Phone,Galaxy Note 8,AT&T,64GB,POOR,11,
Smartphones,Samsung,Cell Phone,Galaxy Note 8,AT&T,64GB,GOOD,20,20
Smartphones,Samsung,Cell Phone,Galaxy Note 8,AT&T,64GB,MINT,37,30
Smartphones,Samsung,Cell Phone,Galaxy Note 8,Verizon,64GB,FAULTY,2,
Smartphones,Samsung,Cell Phone,Galaxy Note 8,Verizon,64GB,POOR,10,
Smartphones,Samsung,Cell Phone,Galaxy Note 8,Verizon,64GB,GOOD,25,25
Smartphones,Samsung,Cell Phone,Galaxy Note 8,Verizon,64GB,MINT,35,35
Smartphones,Samsung,Cell Phone,Galaxy Note 5,Unlocked,64GB,POOR,,
Smartphones,Samsung,Cell Phone,Galaxy Note 5,Unlocked,64GB,GOOD,12,12
Smartphones,Samsung,Cell Phone,Galaxy Note 5,Unlocked,64GB,MINT,15,15
Smartphones,Samsung,Cell Phone,Galaxy Note 5,Unlocked,32GB,FAULTY,,
Smartphones,Samsung,Cell Phone,Galaxy Note 5,Unlocked,32GB,POOR,,
Smartphones,Samsung,Cell Phone,Galaxy Note 5,Unlocked,32GB,GOOD,9,9
Smartphones,Samsung,Cell Phone,Galaxy Note 5,Unlocked,32GB,MINT,12,12
Smartphones,Samsung,Cell Phone,Galaxy Note 5,Other,64GB,FAULTY,,
Smartphones,Samsung,Cell Phone,Galaxy Note 5,Other,64GB,POOR,,
Smartphones,Samsung,Cell Phone,Galaxy Note 5,Other,64GB,GOOD,7,7
Smartphones,Samsung,Cell Phone,Galaxy Note 5,Other,64GB,MINT,10,10
Smartphones,Samsung,Cell Phone,Galaxy Note 5,Other,32GB,FAULTY,,
Smartphones,Samsung,Cell Phone,Galaxy Note 5,Other,32GB,POOR,,
Smartphones,Samsung,Cell Phone,Galaxy Note 5,Other,32GB,GOOD,4,4
Smartphones,Samsung,Cell Phone,Galaxy Note 5,Other,32GB,MINT,5,5
Smartphones,Samsung,Cell Phone,Galaxy Note 5,T-Mobile,64GB,FAULTY,,
Smartphones,Samsung,Cell Phone,Galaxy Note 5,T-Mobile,64GB,POOR,,
Smartphones,Samsung,Cell Phone,Galaxy Note 5,T-Mobile,64GB,GOOD,12,12
Smartphones,Samsung,Cell Phone,Galaxy Note 5,T-Mobile,64GB,MINT,15,15
Smartphones,Samsung,Cell Phone,Galaxy Note 5,T-Mobile,32GB,FAULTY,,
Smartphones,Samsung,Cell Phone,Galaxy Note 5,T-Mobile,32GB,POOR,,
Smartphones,Samsung,Cell Phone,Galaxy Note 5,T-Mobile,32GB,GOOD,7,7
Smartphones,Samsung,Cell Phone,Galaxy Note 5,T-Mobile,32GB,MINT,10,10
Smartphones,Samsung,Cell Phone,Galaxy Note 5,AT&T,64GB,FAULTY,,
Smartphones,Samsung,Cell Phone,Galaxy Note 5,AT&T,64GB,POOR,,
Smartphones,Samsung,Cell Phone,Galaxy Note 5,AT&T,64GB,GOOD,12,12
Smartphones,Samsung,Cell Phone,Galaxy Note 5,AT&T,64GB,MINT,15,15
Smartphones,Samsung,Cell Phone,Galaxy Note 5,AT&T,32GB,FAULTY,,
Smartphones,Samsung,Cell Phone,Galaxy Note 5,AT&T,32GB,POOR,,
Smartphones,Samsung,Cell Phone,Galaxy Note 5,AT&T,32GB,GOOD,9,9
Smartphones,Samsung,Cell Phone,Galaxy Note 5,AT&T,32GB,MINT,12,12
Smartphones,Samsung,Cell Phone,Galaxy Note 5,Verizon,64GB,FAULTY,,
Smartphones,Samsung,Cell Phone,Galaxy Note 5,Verizon,64GB,POOR,,
Smartphones,Samsung,Cell Phone,Galaxy Note 5,Verizon,64GB,GOOD,12,12
Smartphones,Samsung,Cell Phone,Galaxy Note 5,Verizon,64GB,MINT,15,15
Smartphones,Samsung,Cell Phone,Galaxy Note 5,Verizon,32GB,FAULTY,,
Smartphones,Samsung,Cell Phone,Galaxy Note 5,Verizon,32GB,POOR,,
Smartphones,Samsung,Cell Phone,Galaxy Note 5,Verizon,32GB,GOOD,9,9
Smartphones,Samsung,Cell Phone,Galaxy Note 5,Verizon,32GB,MINT,12,12
Smartphones,Samsung,Cell Phone,Galaxy Note 9,Unlocked,512GB,FAULTY,26,10
Smartphones,Samsung,Cell Phone,Galaxy Note 10 Lite,Unlocked,128GB,FAULTY,20,15
Smartphones,Samsung,Cell Phone,Galaxy Note 10 Lite,Unlocked,128GB,POOR,15,15
Smartphones,Samsung,Cell Phone,Galaxy Note 10 Lite,Unlocked,128GB,GOOD,60,60
Smartphones,Samsung,Cell Phone,Galaxy Note 10 Lite,Unlocked,128GB,MINT,85,85
Smartphones,Samsung,Cell Phone,Galaxy Note 10 Lite,Other,128GB,FAULTY,,
Smartphones,Samsung,Cell Phone,Galaxy Note 10 Lite,Other,128GB,POOR,,
Smartphones,Samsung,Cell Phone,Galaxy Note 10 Lite,Other,128GB,GOOD,,
Smartphones,Samsung,Cell Phone,Galaxy Note 10 Lite,Other,128GB,MINT,,
Smartphones,Samsung,Cell Phone,Galaxy Note 10 Lite,T-Mobile,128GB,FAULTY,9,
Smartphones,Samsung,Cell Phone,Galaxy Note 10 Lite,T-Mobile,128GB,POOR,3,
Smartphones,Samsung,Cell Phone,Galaxy Note 10 Lite,T-Mobile,128GB,GOOD,17,
Smartphones,Samsung,Cell Phone,Galaxy Note 10 Lite,T-Mobile,128GB,MINT,39,
Smartphones,Samsung,Cell Phone,Galaxy Note 10 Lite,AT&T,128GB,FAULTY,20,
Smartphones,Samsung,Cell Phone,Galaxy Note 10 Lite,AT&T,128GB,POOR,8,
Smartphones,Samsung,Cell Phone,Galaxy Note 10 Lite,AT&T,128GB,GOOD,39,
Smartphones,Samsung,Cell Phone,Galaxy Note 10 Lite,AT&T,128GB,MINT,61,
Smartphones,Samsung,Cell Phone,Galaxy Note 10 Lite,Verizon,128GB,FAULTY,,
Smartphones,Samsung,Cell Phone,Galaxy Note 10 Lite,Verizon,128GB,POOR,,
Smartphones,Samsung,Cell Phone,Galaxy Note 10 Lite,Verizon,128GB,GOOD,,
Smartphones,Samsung,Cell Phone,Galaxy Note 10 Lite,Verizon,128GB,MINT,,
Smartphones,Samsung,Cell Phone,Galaxy Note 9,Unlocked,512GB,POOR,43,10
Smartphones,Samsung,Cell Phone,Galaxy Note 9,Unlocked,512GB,GOOD,90,70
Smartphones,Samsung,Cell Phone,Galaxy Note 9,Unlocked,512GB,MINT,101,80
Smartphones,Samsung,Cell Phone,Galaxy Note 9,Unlocked,128GB,FAULTY,16,10
Smartphones,Samsung,Cell Phone,Galaxy Note 9,Unlocked,128GB,POOR,37,10
Smartphones,Samsung,Cell Phone,Galaxy Note 9,Unlocked,128GB,GOOD,65,62
Smartphones,Samsung,Cell Phone,Galaxy Note 9,Unlocked,128GB,MINT,80,72
Smartphones,Samsung,Cell Phone,Galaxy Note 9,Other,512GB,FAULTY,10,6
Smartphones,Samsung,Cell Phone,Galaxy Note 9,Other,512GB,POOR,22,6
Smartphones,Samsung,Cell Phone,Galaxy Note 9,Other,512GB,GOOD,50,45
Smartphones,Samsung,Cell Phone,Galaxy Note 9,Other,512GB,MINT,65,55
Smartphones,Samsung,Cell Phone,Galaxy Note 9,Other,128GB,FAULTY,7,6
Smartphones,Samsung,Cell Phone,Galaxy Note 9,Other,128GB,POOR,19,6
Smartphones,Samsung,Cell Phone,Galaxy Note 9,Other,128GB,GOOD,40,35
Smartphones,Samsung,Cell Phone,Galaxy Note 9,Other,128GB,MINT,55,45
Smartphones,Samsung,Cell Phone,Galaxy Note 9,T-Mobile,512GB,FAULTY,16,8
Smartphones,Samsung,Cell Phone,Galaxy Note 9,T-Mobile,512GB,POOR,33,8
Smartphones,Samsung,Cell Phone,Galaxy Note 9,T-Mobile,512GB,GOOD,60,55
Smartphones,Samsung,Cell Phone,Galaxy Note 9,T-Mobile,512GB,MINT,75,65
Smartphones,Samsung,Cell Phone,Galaxy Note 9,T-Mobile,128GB,FAULTY,10,8
Smartphones,Samsung,Cell Phone,Galaxy Note 9,T-Mobile,128GB,POOR,30,8
Smartphones,Samsung,Cell Phone,Galaxy Note 9,T-Mobile,128GB,GOOD,50,50
Smartphones,Samsung,Cell Phone,Galaxy Note 9,T-Mobile,128GB,MINT,65,60
Smartphones,Samsung,Cell Phone,Galaxy Note 9,AT&T,512GB,FAULTY,21,10
Smartphones,Samsung,Cell Phone,Galaxy Note 9,AT&T,512GB,POOR,40,10
Smartphones,Samsung,Cell Phone,Galaxy Note 9,AT&T,512GB,GOOD,70,65
Smartphones,Samsung,Cell Phone,Galaxy Note 9,AT&T,512GB,MINT,80,75
Smartphones,Samsung,Cell Phone,Galaxy Note 9,AT&T,128GB,FAULTY,11,10
Smartphones,Samsung,Cell Phone,Galaxy Note 9,AT&T,128GB,POOR,33,10
Smartphones,Samsung,Cell Phone,Galaxy Note 9,AT&T,128GB,GOOD,55,55
Smartphones,Samsung,Cell Phone,Galaxy Note 9,AT&T,128GB,MINT,66,65
Smartphones,Samsung,Cell Phone,Galaxy Note 9,Verizon,512GB,FAULTY,10,10
Smartphones,Samsung,Cell Phone,Galaxy Note 9,Verizon,512GB,POOR,28,10
Smartphones,Samsung,Cell Phone,Galaxy Note 9,Verizon,512GB,GOOD,70,70
Smartphones,Samsung,Cell Phone,Galaxy Note 9,Verizon,512GB,MINT,80,80
Smartphones,Samsung,Cell Phone,Galaxy Note 9,Verizon,128GB,FAULTY,10,10
Smartphones,Samsung,Cell Phone,Galaxy Note 9,Verizon,128GB,POOR,23,10
Smartphones,Samsung,Cell Phone,Galaxy Note 9,Verizon,128GB,GOOD,60,60
Smartphones,Samsung,Cell Phone,Galaxy Note 9,Verizon,128GB,MINT,70,70
Smartphones,Samsung,Cell Phone,Galaxy Note 10,Unlocked,512GB,FAULTY,,
Smartphones,Samsung,Cell Phone,Galaxy Note 10+ 4G,Unlocked,512GB,FAULTY,30,30
Smartphones,Samsung,Cell Phone,Galaxy Note 10+ 4G,Unlocked,512GB,POOR,66,30
Smartphones,Samsung,Cell Phone,Galaxy Note 10+ 4G,Unlocked,512GB,GOOD,125,110
Smartphones,Samsung,Cell Phone,Galaxy Note 10+ 4G,Unlocked,512GB,MINT,146,125
Smartphones,Samsung,Cell Phone,Galaxy Note 10+ 4G,Unlocked,256GB,FAULTY,25,25
Smartphones,Samsung,Cell Phone,Galaxy Note 10+ 4G,Unlocked,256GB,POOR,56,25
Smartphones,Samsung,Cell Phone,Galaxy Note 10+ 4G,Unlocked,256GB,GOOD,115,95
Smartphones,Samsung,Cell Phone,Galaxy Note 10+ 4G,Unlocked,256GB,MINT,136,110
Smartphones,Samsung,Cell Phone,Galaxy Note 10+ 4G,Other,512GB,FAULTY,15,15
Smartphones,Samsung,Cell Phone,Galaxy Note 10+ 4G,Other,512GB,POOR,41,15
Smartphones,Samsung,Cell Phone,Galaxy Note 10+ 4G,Other,512GB,GOOD,85,85
Smartphones,Samsung,Cell Phone,Galaxy Note 10+ 4G,Other,512GB,MINT,101,100
Smartphones,Samsung,Cell Phone,Galaxy Note 10+ 4G,Other,256GB,FAULTY,15,15
Smartphones,Samsung,Cell Phone,Galaxy Note 10+ 4G,Other,256GB,POOR,28,15
Smartphones,Samsung,Cell Phone,Galaxy Note 10+ 4G,Other,256GB,GOOD,70,70
Smartphones,Samsung,Cell Phone,Galaxy Note 10+ 4G,Other,256GB,MINT,91,90
Smartphones,Samsung,Cell Phone,Galaxy Note 10+ 4G,T-Mobile,512GB,FAULTY,25,25
Smartphones,Samsung,Cell Phone,Galaxy Note 10+ 4G,T-Mobile,512GB,POOR,42,25
Smartphones,Samsung,Cell Phone,Galaxy Note 10+ 4G,T-Mobile,512GB,GOOD,101,95
Smartphones,Samsung,Cell Phone,Galaxy Note 10+ 4G,T-Mobile,512GB,MINT,122,110
Smartphones,Samsung,Cell Phone,Galaxy Note 10+ 4G,T-Mobile,256GB,FAULTY,15,15
Smartphones,Samsung,Cell Phone,Galaxy Note 10+ 4G,T-Mobile,256GB,POOR,32,15
Smartphones,Samsung,Cell Phone,Galaxy Note 10+ 4G,T-Mobile,256GB,GOOD,91,75
Smartphones,Samsung,Cell Phone,Galaxy Note 10+ 4G,T-Mobile,256GB,MINT,112,100
Smartphones,Samsung,Cell Phone,Galaxy Note 10+ 4G,AT&T,512GB,FAULTY,30,30
Smartphones,Samsung,Cell Phone,Galaxy Note 10+ 4G,AT&T,512GB,POOR,43,30
Smartphones,Samsung,Cell Phone,Galaxy Note 10+ 4G,AT&T,512GB,GOOD,105,105
Smartphones,Samsung,Cell Phone,Galaxy Note 10+ 4G,AT&T,512GB,MINT,122,120
Smartphones,Samsung,Cell Phone,Galaxy Note 10+ 4G,AT&T,256GB,FAULTY,20,20
Smartphones,Samsung,Cell Phone,Galaxy Note 10+ 4G,AT&T,256GB,POOR,32,20
Smartphones,Samsung,Cell Phone,Galaxy Note 10+ 4G,AT&T,256GB,GOOD,91,90
Smartphones,Samsung,Cell Phone,Galaxy Note 10+ 4G,AT&T,256GB,MINT,112,105
Smartphones,Samsung,Cell Phone,Galaxy Note 10+ 4G,Verizon,512GB,FAULTY,30,30
Smartphones,Samsung,Cell Phone,Galaxy Note 10+ 4G,Verizon,512GB,POOR,38,30
Smartphones,Samsung,Cell Phone,Galaxy Note 10+ 4G,Verizon,512GB,GOOD,105,105
Smartphones,Samsung,Cell Phone,Galaxy Note 10+ 4G,Verizon,512GB,MINT,121,120
Smartphones,Samsung,Cell Phone,Galaxy Note 10+ 4G,Verizon,256GB,FAULTY,20,20
Smartphones,Samsung,Cell Phone,Galaxy Note 10+ 4G,Verizon,256GB,POOR,28,20
Smartphones,Samsung,Cell Phone,Galaxy Note 10+ 4G,Verizon,256GB,GOOD,90,90
Smartphones,Samsung,Cell Phone,Galaxy Note 10+ 4G,Verizon,256GB,MINT,106,105
Smartphones,Samsung,Cell Phone,Galaxy Note 10,Unlocked,512GB,POOR,61,
Smartphones,Samsung,Cell Phone,Galaxy Note 10,Unlocked,512GB,GOOD,90,
Smartphones,Samsung,Cell Phone,Galaxy Note 10,Unlocked,512GB,MINT,100,
Smartphones,Samsung,Cell Phone,Galaxy Note 10,Unlocked,256GB,FAULTY,15,15
Smartphones,Samsung,Cell Phone,Galaxy Note 10,Unlocked,256GB,POOR,61,15
Smartphones,Samsung,Cell Phone,Galaxy Note 10,Unlocked,256GB,GOOD,85,70
Smartphones,Samsung,Cell Phone,Galaxy Note 10,Unlocked,256GB,MINT,100,90
Smartphones,Samsung,Cell Phone,Galaxy Note 10,Other,512GB,FAULTY,,
Smartphones,Samsung,Cell Phone,Galaxy Note 10,Other,512GB,POOR,24,
Smartphones,Samsung,Cell Phone,Galaxy Note 10,Other,512GB,GOOD,63,
Smartphones,Samsung,Cell Phone,Galaxy Note 10,Other,512GB,MINT,70,
Smartphones,Samsung,Cell Phone,Galaxy Note 10,Other,256GB,FAULTY,10,10
Smartphones,Samsung,Cell Phone,Galaxy Note 10,Other,256GB,POOR,24,10
Smartphones,Samsung,Cell Phone,Galaxy Note 10,Other,256GB,GOOD,56.69,50
Smartphones,Samsung,Cell Phone,Galaxy Note 10,Other,256GB,MINT,66,65
Smartphones,Samsung,Cell Phone,Galaxy Note 10,T-Mobile,512GB,FAULTY,,
Smartphones,Samsung,Cell Phone,Galaxy Note 10,T-Mobile,512GB,POOR,42,
Smartphones,Samsung,Cell Phone,Galaxy Note 10,T-Mobile,512GB,GOOD,81,
Smartphones,Samsung,Cell Phone,Galaxy Note 10,T-Mobile,512GB,MINT,90,
Smartphones,Samsung,Cell Phone,Galaxy Note 10,T-Mobile,256GB,FAULTY,13,10
Smartphones,Samsung,Cell Phone,Galaxy Note 10,T-Mobile,256GB,POOR,42,10
Smartphones,Samsung,Cell Phone,Galaxy Note 10,T-Mobile,256GB,GOOD,72.9,60
Smartphones,Samsung,Cell Phone,Galaxy Note 10,T-Mobile,256GB,MINT,85,75
Smartphones,Samsung,Cell Phone,Galaxy Note 10,AT&T,512GB,FAULTY,,
Smartphones,Samsung,Cell Phone,Galaxy Note 10,AT&T,512GB,POOR,51,
Smartphones,Samsung,Cell Phone,Galaxy Note 10,AT&T,512GB,GOOD,81,
Smartphones,Samsung,Cell Phone,Galaxy Note 10,AT&T,512GB,MINT,96,
Smartphones,Samsung,Cell Phone,Galaxy Note 10,AT&T,256GB,FAULTY,15,15
Smartphones,Samsung,Cell Phone,Galaxy Note 10,AT&T,256GB,POOR,51,15
Smartphones,Samsung,Cell Phone,Galaxy Note 10,AT&T,256GB,GOOD,78,70
Smartphones,Samsung,Cell Phone,Galaxy Note 10,AT&T,256GB,MINT,96,85
Smartphones,Samsung,Cell Phone,Galaxy Note 10,Verizon,512GB,FAULTY,,
Smartphones,Samsung,Cell Phone,Galaxy Note 10,Verizon,512GB,POOR,32,
Smartphones,Samsung,Cell Phone,Galaxy Note 10,Verizon,512GB,GOOD,81,
Smartphones,Samsung,Cell Phone,Galaxy Note 10,Verizon,512GB,MINT,90,
Smartphones,Samsung,Cell Phone,Galaxy Note 10,Verizon,256GB,FAULTY,15,15
Smartphones,Samsung,Cell Phone,Galaxy Note 10,Verizon,256GB,POOR,32,15
Smartphones,Samsung,Cell Phone,Galaxy Note 10,Verizon,256GB,GOOD,72.9,70
Smartphones,Samsung,Cell Phone,Galaxy Note 10,Verizon,256GB,MINT,86,85
Smartphones,Samsung,Cell Phone,Galaxy Note 10+ 5G,Unlocked,512GB,FAULTY,18,
Smartphones,Samsung,Cell Phone,Galaxy Note 20,Unlocked,256GB,FAULTY,35,
Smartphones,Samsung,Cell Phone,Galaxy Note 20,Unlocked,256GB,POOR,90,
Smartphones,Samsung,Cell Phone,Galaxy Note 20,Unlocked,256GB,GOOD,115,
Smartphones,Samsung,Cell Phone,Galaxy Note 20,Unlocked,256GB,MINT,121,
Smartphones,Samsung,Cell Phone,Galaxy Note 20,Unlocked,128GB,FAULTY,30,25
Smartphones,Samsung,Cell Phone,Galaxy Note 20,Unlocked,128GB,POOR,80,25
Smartphones,Samsung,Cell Phone,Galaxy Note 20,Unlocked,128GB,GOOD,99,80
Smartphones,Samsung,Cell Phone,Galaxy Note 20,Unlocked,128GB,MINT,116,100
Smartphones,Samsung,Cell Phone,Galaxy Note 20,Other,256GB,FAULTY,16,
Smartphones,Samsung,Cell Phone,Galaxy Note 20,Other,256GB,POOR,41,
Smartphones,Samsung,Cell Phone,Galaxy Note 20,Other,256GB,GOOD,75.6,
Smartphones,Samsung,Cell Phone,Galaxy Note 20,Other,256GB,MINT,85,
Smartphones,Samsung,Cell Phone,Galaxy Note 20,Other,128GB,FAULTY,15,10
Smartphones,Samsung,Cell Phone,Galaxy Note 20,Other,128GB,POOR,37,10
Smartphones,Samsung,Cell Phone,Galaxy Note 20,Other,128GB,GOOD,69.3,60
Smartphones,Samsung,Cell Phone,Galaxy Note 20,Other,128GB,MINT,78,75
Smartphones,Samsung,Cell Phone,Galaxy Note 20,T-Mobile,256GB,FAULTY,25,
Smartphones,Samsung,Cell Phone,Galaxy Note 20,T-Mobile,256GB,POOR,75,
Smartphones,Samsung,Cell Phone,Galaxy Note 20,T-Mobile,256GB,GOOD,97.2,
Smartphones,Samsung,Cell Phone,Galaxy Note 20,T-Mobile,256GB,MINT,109,
Smartphones,Samsung,Cell Phone,Galaxy Note 20,T-Mobile,128GB,FAULTY,25,25
Smartphones,Samsung,Cell Phone,Galaxy Note 20,T-Mobile,128GB,POOR,65,25
Smartphones,Samsung,Cell Phone,Galaxy Note 20,T-Mobile,128GB,GOOD,89.1,60
Smartphones,Samsung,Cell Phone,Galaxy Note 20,T-Mobile,128GB,MINT,100,80
Smartphones,Samsung,Cell Phone,Galaxy Note 20,AT&T,256GB,FAULTY,35,
Smartphones,Samsung,Cell Phone,Galaxy Note 20,AT&T,256GB,POOR,75,
Smartphones,Samsung,Cell Phone,Galaxy Note 20,AT&T,256GB,GOOD,97.2,
Smartphones,Samsung,Cell Phone,Galaxy Note 20,AT&T,256GB,MINT,109,
Smartphones,Samsung,Cell Phone,Galaxy Note 20,AT&T,128GB,FAULTY,30,25
Smartphones,Samsung,Cell Phone,Galaxy Note 20,AT&T,128GB,POOR,65,25
Smartphones,Samsung,Cell Phone,Galaxy Note 20,AT&T,128GB,GOOD,89.1,70
Smartphones,Samsung,Cell Phone,Galaxy Note 20,AT&T,128GB,MINT,100,90
Smartphones,Samsung,Cell Phone,Galaxy Note 20,Verizon,256GB,FAULTY,30,
Smartphones,Samsung,Cell Phone,Galaxy Note 20,Verizon,256GB,POOR,51,
Smartphones,Samsung,Cell Phone,Galaxy Note 20,Verizon,256GB,GOOD,97.2,
Smartphones,Samsung,Cell Phone,Galaxy Note 20,Verizon,256GB,MINT,109,
Smartphones,Samsung,Cell Phone,Galaxy Note 20,Verizon,128GB,FAULTY,25,25
Smartphones,Samsung,Cell Phone,Galaxy Note 20,Verizon,128GB,POOR,41,25
Smartphones,Samsung,Cell Phone,Galaxy Note 20,Verizon,128GB,GOOD,89.1,75
Smartphones,Samsung,Cell Phone,Galaxy Note 20,Verizon,128GB,MINT,100,95
Smartphones,Samsung,Cell Phone,Galaxy Note 10+ 5G,Unlocked,512GB,POOR,71,
Smartphones,Samsung,Cell Phone,Galaxy Note 10+ 5G,Unlocked,512GB,GOOD,130,
Smartphones,Samsung,Cell Phone,Galaxy Note 10+ 5G,Unlocked,512GB,MINT,151,
Smartphones,Samsung,Cell Phone,Galaxy Note 10+ 5G,Unlocked,256GB,FAULTY,30,30
Smartphones,Samsung,Cell Phone,Galaxy Note 10+ 5G,Unlocked,256GB,POOR,56,30
Smartphones,Samsung,Cell Phone,Galaxy Note 10+ 5G,Unlocked,256GB,GOOD,115,105
Smartphones,Samsung,Cell Phone,Galaxy Note 10+ 5G,Unlocked,256GB,MINT,136,120
Smartphones,Samsung,Cell Phone,Galaxy Note 10+ 5G,Other,512GB,FAULTY,9,
Smartphones,Samsung,Cell Phone,Galaxy Note 10+ 5G,Other,512GB,POOR,27,
Smartphones,Samsung,Cell Phone,Galaxy Note 10+ 5G,Other,512GB,GOOD,85,
Smartphones,Samsung,Cell Phone,Galaxy Note 10+ 5G,Other,512GB,MINT,106,
Smartphones,Samsung,Cell Phone,Galaxy Note 10+ 5G,Other,256GB,FAULTY,9,
Smartphones,Samsung,Cell Phone,Galaxy Note 10+ 5G,Other,256GB,POOR,26,
Smartphones,Samsung,Cell Phone,Galaxy Note 10+ 5G,Other,256GB,GOOD,72.45,
Smartphones,Samsung,Cell Phone,Galaxy Note 10+ 5G,Other,256GB,MINT,91,
Smartphones,Samsung,Cell Phone,Galaxy Note 10+ 5G,T-Mobile,512GB,FAULTY,9,
Smartphones,Samsung,Cell Phone,Galaxy Note 10+ 5G,T-Mobile,512GB,POOR,41,
Smartphones,Samsung,Cell Phone,Galaxy Note 10+ 5G,T-Mobile,512GB,GOOD,105.3,
Smartphones,Samsung,Cell Phone,Galaxy Note 10+ 5G,T-Mobile,512GB,MINT,121,
Smartphones,Samsung,Cell Phone,Galaxy Note 10+ 5G,T-Mobile,256GB,FAULTY,25,25
Smartphones,Samsung,Cell Phone,Galaxy Note 10+ 5G,T-Mobile,256GB,POOR,34,25
Smartphones,Samsung,Cell Phone,Galaxy Note 10+ 5G,T-Mobile,256GB,GOOD,93.15,80
Smartphones,Samsung,Cell Phone,Galaxy Note 10+ 5G,T-Mobile,256GB,MINT,106,105
Smartphones,Samsung,Cell Phone,Galaxy Note 10+ 5G,AT&T,512GB,FAULTY,15,
Smartphones,Samsung,Cell Phone,Galaxy Note 10+ 5G,AT&T,512GB,POOR,71,
Smartphones,Samsung,Cell Phone,Galaxy Note 10+ 5G,AT&T,512GB,GOOD,130,
Smartphones,Samsung,Cell Phone,Galaxy Note 10+ 5G,AT&T,512GB,MINT,151,
Smartphones,Samsung,Cell Phone,Galaxy Note 10+ 5G,AT&T,256GB,FAULTY,20,20
Smartphones,Samsung,Cell Phone,Galaxy Note 10+ 5G,AT&T,256GB,POOR,56,20
Smartphones,Samsung,Cell Phone,Galaxy Note 10+ 5G,AT&T,256GB,GOOD,115,90
Smartphones,Samsung,Cell Phone,Galaxy Note 10+ 5G,AT&T,256GB,MINT,136,105
Smartphones,Samsung,Cell Phone,Galaxy Note 10+ 5G,Verizon,512GB,FAULTY,8,
Smartphones,Samsung,Cell Phone,Galaxy Note 10+ 5G,Verizon,512GB,POOR,26,
Smartphones,Samsung,Cell Phone,Galaxy Note 10+ 5G,Verizon,512GB,GOOD,105.3,
Smartphones,Samsung,Cell Phone,Galaxy Note 10+ 5G,Verizon,512GB,MINT,118,
Smartphones,Samsung,Cell Phone,Galaxy Note 10+ 5G,Verizon,256GB,FAULTY,30,30
Smartphones,Samsung,Cell Phone,Galaxy Note 10+ 5G,Verizon,256GB,POOR,33,30
Smartphones,Samsung,Cell Phone,Galaxy Note 10+ 5G,Verizon,256GB,GOOD,95,95
Smartphones,Samsung,Cell Phone,Galaxy Note 10+ 5G,Verizon,256GB,MINT,111,110
Smartphones,Samsung,Cell Phone,Galaxy Note 20 Ultra,Unlocked,512GB,FAULTY,40,30
Smartphones,Samsung,Cell Phone,Galaxy Note 20 Ultra,Unlocked,512GB,POOR,122,30
Smartphones,Samsung,Cell Phone,Galaxy Note 20 Ultra,Unlocked,512GB,GOOD,195,140
Smartphones,Samsung,Cell Phone,Galaxy Note 20 Ultra,Unlocked,512GB,MINT,210,175
Smartphones,Samsung,Cell Phone,Galaxy Note 20 Ultra,Unlocked,256GB,FAULTY,35,
Smartphones,Samsung,Cell Phone,Galaxy Note 20 Ultra,Unlocked,256GB,POOR,111,
Smartphones,Samsung,Cell Phone,Galaxy Note 20 Ultra,Unlocked,256GB,GOOD,171,
Smartphones,Samsung,Cell Phone,Galaxy Note 20 Ultra,Unlocked,256GB,MINT,176,
Smartphones,Samsung,Cell Phone,Galaxy Note 20 Ultra,Unlocked,128GB,FAULTY,32,25
Smartphones,Samsung,Cell Phone,Galaxy Note 20 Ultra,Unlocked,128GB,POOR,106,25
Smartphones,Samsung,Cell Phone,Galaxy Note 20 Ultra,Unlocked,128GB,GOOD,155,110
Smartphones,Samsung,Cell Phone,Galaxy Note 20 Ultra,Unlocked,128GB,MINT,172,135
Smartphones,Samsung,Cell Phone,Galaxy Note 20 Ultra,Other,512GB,FAULTY,29,15
Smartphones,Samsung,Cell Phone,Galaxy Note 20 Ultra,Other,512GB,POOR,60,15
Smartphones,Samsung,Cell Phone,Galaxy Note 20 Ultra,Other,512GB,GOOD,100,95
Smartphones,Samsung,Cell Phone,Galaxy Note 20 Ultra,Other,512GB,MINT,131,130
Smartphones,Samsung,Cell Phone,Galaxy Note 20 Ultra,Other,256GB,FAULTY,18,
Smartphones,Samsung,Cell Phone,Galaxy Note 20 Ultra,Other,256GB,POOR,54,
Smartphones,Samsung,Cell Phone,Galaxy Note 20 Ultra,Other,256GB,GOOD,89,
Smartphones,Samsung,Cell Phone,Galaxy Note 20 Ultra,Other,256GB,MINT,101,
Smartphones,Samsung,Cell Phone,Galaxy Note 20 Ultra,Other,128GB,FAULTY,17,15
Smartphones,Samsung,Cell Phone,Galaxy Note 20 Ultra,Other,128GB,POOR,49,15
Smartphones,Samsung,Cell Phone,Galaxy Note 20 Ultra,Other,128GB,GOOD,84,70
Smartphones,Samsung,Cell Phone,Galaxy Note 20 Ultra,Other,128GB,MINT,99,85
Smartphones,Samsung,Cell Phone,Galaxy Note 20 Ultra,T-Mobile,512GB,FAULTY,29,25
Smartphones,Samsung,Cell Phone,Galaxy Note 20 Ultra,T-Mobile,512GB,POOR,88,25
Smartphones,Samsung,Cell Phone,Galaxy Note 20 Ultra,T-Mobile,512GB,GOOD,146,130
Smartphones,Samsung,Cell Phone,Galaxy Note 20 Ultra,T-Mobile,512GB,MINT,172,160
Smartphones,Samsung,Cell Phone,Galaxy Note 20 Ultra,T-Mobile,256GB,FAULTY,27,
Smartphones,Samsung,Cell Phone,Galaxy Note 20 Ultra,T-Mobile,256GB,POOR,61,
Smartphones,Samsung,Cell Phone,Galaxy Note 20 Ultra,T-Mobile,256GB,GOOD,107,
Smartphones,Samsung,Cell Phone,Galaxy Note 20 Ultra,T-Mobile,256GB,MINT,126,
Smartphones,Samsung,Cell Phone,Galaxy Note 20 Ultra,T-Mobile,128GB,FAULTY,26,25
Smartphones,Samsung,Cell Phone,Galaxy Note 20 Ultra,T-Mobile,128GB,POOR,62,25
Smartphones,Samsung,Cell Phone,Galaxy Note 20 Ultra,T-Mobile,128GB,GOOD,103,90
Smartphones,Samsung,Cell Phone,Galaxy Note 20 Ultra,T-Mobile,128GB,MINT,122,110
Smartphones,Samsung,Cell Phone,Galaxy Note 20 Ultra,AT&T,512GB,FAULTY,30,25
Smartphones,Samsung,Cell Phone,Galaxy Note 20 Ultra,AT&T,512GB,POOR,96,25
Smartphones,Samsung,Cell Phone,Galaxy Note 20 Ultra,AT&T,512GB,GOOD,150,130
Smartphones,Samsung,Cell Phone,Galaxy Note 20 Ultra,AT&T,512GB,MINT,177,165
Smartphones,Samsung,Cell Phone,Galaxy Note 20 Ultra,AT&T,256GB,FAULTY,27,
Smartphones,Samsung,Cell Phone,Galaxy Note 20 Ultra,AT&T,256GB,POOR,91,
Smartphones,Samsung,Cell Phone,Galaxy Note 20 Ultra,AT&T,256GB,GOOD,135,
Smartphones,Samsung,Cell Phone,Galaxy Note 20 Ultra,AT&T,256GB,MINT,156,
Smartphones,Samsung,Cell Phone,Galaxy Note 20 Ultra,AT&T,128GB,FAULTY,26,25
Smartphones,Samsung,Cell Phone,Galaxy Note 20 Ultra,AT&T,128GB,POOR,86,25
Smartphones,Samsung,Cell Phone,Galaxy Note 20 Ultra,AT&T,128GB,GOOD,130,95
Smartphones,Samsung,Cell Phone,Galaxy Note 20 Ultra,AT&T,128GB,MINT,151,120
Smartphones,Samsung,Cell Phone,Galaxy Note 20 Ultra,Verizon,512GB,FAULTY,33,25
Smartphones,Samsung,Cell Phone,Galaxy Note 20 Ultra,Verizon,512GB,POOR,95,25
Smartphones,Samsung,Cell Phone,Galaxy Note 20 Ultra,Verizon,512GB,GOOD,145,130
Smartphones,Samsung,Cell Phone,Galaxy Note 20 Ultra,Verizon,512GB,MINT,171,165
Smartphones,Samsung,Cell Phone,Galaxy Note 20 Ultra,Verizon,256GB,FAULTY,22,
Smartphones,Samsung,Cell Phone,Galaxy Note 20 Ultra,Verizon,256GB,POOR,61,
Smartphones,Samsung,Cell Phone,Galaxy Note 20 Ultra,Verizon,256GB,GOOD,84.38,
Smartphones,Samsung,Cell Phone,Galaxy Note 20 Ultra,Verizon,256GB,MINT,112.5,
Smartphones,Samsung,Cell Phone,Galaxy Note 20 Ultra,Verizon,128GB,FAULTY,31,25
Smartphones,Samsung,Cell Phone,Galaxy Note 20 Ultra,Verizon,128GB,POOR,78,25
Smartphones,Samsung,Cell Phone,Galaxy Note 20 Ultra,Verizon,128GB,GOOD,125,100
Smartphones,Samsung,Cell Phone,Galaxy Note 20 Ultra,Verizon,128GB,MINT,134,125
Smartphones,Samsung,Cell Phone,Galaxy S6 Duos,Unlocked,32GB,FAULTY,,
Smartphones,Samsung,Cell Phone,Galaxy S6,Unlocked,128GB,FAULTY,,
Smartphones,Samsung,Cell Phone,Galaxy S6,Unlocked,128GB,POOR,,
Smartphones,Samsung,Cell Phone,Galaxy S6,Unlocked,128GB,GOOD,3,3
Smartphones,Samsung,Cell Phone,Galaxy S6,Unlocked,128GB,MINT,5,5
Smartphones,Samsung,Cell Phone,Galaxy S6,Unlocked,64GB,FAULTY,,
Smartphones,Samsung,Cell Phone,Galaxy S6,Unlocked,64GB,POOR,,
Smartphones,Samsung,Cell Phone,Galaxy S6,Unlocked,64GB,GOOD,,
Smartphones,Samsung,Cell Phone,Galaxy S6,Unlocked,64GB,MINT,,
Smartphones,Samsung,Cell Phone,Galaxy S6,Unlocked,32GB,FAULTY,,
Smartphones,Samsung,Cell Phone,Galaxy S6,Unlocked,32GB,POOR,,
Smartphones,Samsung,Cell Phone,Galaxy S6,Unlocked,32GB,GOOD,2,2
Smartphones,Samsung,Cell Phone,Galaxy S6,Unlocked,32GB,MINT,4,4
Smartphones,Samsung,Cell Phone,Galaxy S6,Other,128GB,FAULTY,,
Smartphones,Samsung,Cell Phone,Galaxy S6,Other,128GB,POOR,,
Smartphones,Samsung,Cell Phone,Galaxy S6,Other,128GB,GOOD,,
Smartphones,Samsung,Cell Phone,Galaxy S6,Other,128GB,MINT,,
Smartphones,Samsung,Cell Phone,Galaxy S6,Other,64GB,FAULTY,,
Smartphones,Samsung,Cell Phone,Galaxy S6,Other,64GB,POOR,,
Smartphones,Samsung,Cell Phone,Galaxy S6,Other,64GB,GOOD,,
Smartphones,Samsung,Cell Phone,Galaxy S6,Other,64GB,MINT,,
Smartphones,Samsung,Cell Phone,Galaxy S6,Other,32GB,FAULTY,,
Smartphones,Samsung,Cell Phone,Galaxy S6,Other,32GB,POOR,,
Smartphones,Samsung,Cell Phone,Galaxy S6,Other,32GB,GOOD,,
Smartphones,Samsung,Cell Phone,Galaxy S6,Other,32GB,MINT,,
Smartphones,Samsung,Cell Phone,Galaxy S6,T-Mobile,128GB,FAULTY,,
Smartphones,Samsung,Cell Phone,Galaxy S6,T-Mobile,128GB,POOR,,
Smartphones,Samsung,Cell Phone,Galaxy S6,T-Mobile,128GB,GOOD,1,1
Smartphones,Samsung,Cell Phone,Galaxy S6,T-Mobile,128GB,MINT,2,2
Smartphones,Samsung,Cell Phone,Galaxy S6,T-Mobile,64GB,FAULTY,,
Smartphones,Samsung,Cell Phone,Galaxy S6,T-Mobile,64GB,POOR,,
Smartphones,Samsung,Cell Phone,Galaxy S6,T-Mobile,64GB,GOOD,1,1
Smartphones,Samsung,Cell Phone,Galaxy S6,T-Mobile,64GB,MINT,2,2
Smartphones,Samsung,Cell Phone,Galaxy S6,T-Mobile,32GB,FAULTY,,
Smartphones,Samsung,Cell Phone,Galaxy S6,T-Mobile,32GB,POOR,,
Smartphones,Samsung,Cell Phone,Galaxy S6,T-Mobile,32GB,GOOD,1,1
Smartphones,Samsung,Cell Phone,Galaxy S6,T-Mobile,32GB,MINT,2,2
Smartphones,Samsung,Cell Phone,Galaxy S6,AT&T,128GB,FAULTY,,
Smartphones,Samsung,Cell Phone,Galaxy S6,AT&T,128GB,POOR,,
Smartphones,Samsung,Cell Phone,Galaxy S6,AT&T,128GB,GOOD,1,1
Smartphones,Samsung,Cell Phone,Galaxy S6,AT&T,128GB,MINT,2,2
Smartphones,Samsung,Cell Phone,Galaxy S6,AT&T,64GB,FAULTY,,
Smartphones,Samsung,Cell Phone,Galaxy S6,AT&T,64GB,POOR,,
Smartphones,Samsung,Cell Phone,Galaxy S6,AT&T,64GB,GOOD,1,1
Smartphones,Samsung,Cell Phone,Galaxy S6,AT&T,64GB,MINT,2,2
Smartphones,Samsung,Cell Phone,Galaxy S6,AT&T,32GB,FAULTY,,
Smartphones,Samsung,Cell Phone,Galaxy S6,AT&T,32GB,POOR,,
Smartphones,Samsung,Cell Phone,Galaxy S6,AT&T,32GB,GOOD,1,1
Smartphones,Samsung,Cell Phone,Galaxy S6,AT&T,32GB,MINT,2,2
Smartphones,Samsung,Cell Phone,Galaxy S6,Verizon,128GB,FAULTY,,
Smartphones,Samsung,Cell Phone,Galaxy S6,Verizon,128GB,POOR,,
Smartphones,Samsung,Cell Phone,Galaxy S6,Verizon,128GB,GOOD,1,1
Smartphones,Samsung,Cell Phone,Galaxy S6,Verizon,128GB,MINT,2,2
Smartphones,Samsung,Cell Phone,Galaxy S6,Verizon,64GB,FAULTY,,
Smartphones,Samsung,Cell Phone,Galaxy S6,Verizon,64GB,POOR,,
Smartphones,Samsung,Cell Phone,Galaxy S6,Verizon,64GB,GOOD,1,1
Smartphones,Samsung,Cell Phone,Galaxy S6,Verizon,64GB,MINT,2,2
Smartphones,Samsung,Cell Phone,Galaxy S6,Verizon,32GB,FAULTY,,
Smartphones,Samsung,Cell Phone,Galaxy S6,Verizon,32GB,POOR,,
Smartphones,Samsung,Cell Phone,Galaxy S6,Verizon,32GB,GOOD,1,1
Smartphones,Samsung,Cell Phone,Galaxy S6,Verizon,32GB,MINT,2,2
Smartphones,Samsung,Cell Phone,Galaxy S6 Duos,Unlocked,32GB,POOR,,
Smartphones,Samsung,Cell Phone,Galaxy S6 Duos,Unlocked,32GB,GOOD,2,2
Smartphones,Samsung,Cell Phone,Galaxy S6 Duos,Unlocked,32GB,MINT,4,4
Smartphones,Samsung,Cell Phone,Galaxy S6 Duos,Other,32GB,FAULTY,,
Smartphones,Samsung,Cell Phone,Galaxy S6 Duos,Other,32GB,POOR,,
Smartphones,Samsung,Cell Phone,Galaxy S6 Duos,Other,32GB,GOOD,,
Smartphones,Samsung,Cell Phone,Galaxy S6 Duos,Other,32GB,MINT,,
Smartphones,Samsung,Cell Phone,Galaxy S6 Duos,T-Mobile,32GB,FAULTY,,
Smartphones,Samsung,Cell Phone,Galaxy S6 Duos,T-Mobile,32GB,POOR,,
Smartphones,Samsung,Cell Phone,Galaxy S6 Duos,T-Mobile,32GB,GOOD,,
Smartphones,Samsung,Cell Phone,Galaxy S6 Duos,T-Mobile,32GB,MINT,,
Smartphones,Samsung,Cell Phone,Galaxy S6 Duos,AT&T,32GB,FAULTY,,
Smartphones,Samsung,Cell Phone,Galaxy S6 Duos,AT&T,32GB,POOR,,
Smartphones,Samsung,Cell Phone,Galaxy S6 Duos,AT&T,32GB,GOOD,,
Smartphones,Samsung,Cell Phone,Galaxy S6 Duos,AT&T,32GB,MINT,,
Smartphones,Samsung,Cell Phone,Galaxy S6 Duos,Verizon,32GB,FAULTY,,
Smartphones,Samsung,Cell Phone,Galaxy S6 Duos,Verizon,32GB,POOR,,
Smartphones,Samsung,Cell Phone,Galaxy S6 Duos,Verizon,32GB,GOOD,,
Smartphones,Samsung,Cell Phone,Galaxy S6 Duos,Verizon,32GB,MINT,,
Smartphones,Samsung,Cell Phone,Galaxy S6 Edge,Unlocked,128GB,FAULTY,,
Smartphones,Samsung,Cell Phone,Galaxy S6 Edge+,Unlocked,64GB,FAULTY,,
Smartphones,Samsung,Cell Phone,Galaxy S6 Edge+,Unlocked,64GB,POOR,,
Smartphones,Samsung,Cell Phone,Galaxy S6 Edge+,Unlocked,64GB,GOOD,7,7
Smartphones,Samsung,Cell Phone,Galaxy S6 Edge+,Unlocked,64GB,MINT,12,12
Smartphones,Samsung,Cell Phone,Galaxy S6 Edge+,Unlocked,32GB,FAULTY,,
Smartphones,Samsung,Cell Phone,Galaxy S6 Edge+,Unlocked,32GB,POOR,,
Smartphones,Samsung,Cell Phone,Galaxy S6 Edge+,Unlocked,32GB,GOOD,6,6
Smartphones,Samsung,Cell Phone,Galaxy S6 Edge+,Unlocked,32GB,MINT,11,11
Smartphones,Samsung,Cell Phone,Galaxy S6 Edge+,Other,64GB,FAULTY,,
Smartphones,Samsung,Cell Phone,Galaxy S6 Edge+,Other,64GB,POOR,,
Smartphones,Samsung,Cell Phone,Galaxy S6 Edge+,Other,64GB,GOOD,,
Smartphones,Samsung,Cell Phone,Galaxy S6 Edge+,Other,64GB,MINT,,
Smartphones,Samsung,Cell Phone,Galaxy S6 Edge+,Other,32GB,FAULTY,,
Smartphones,Samsung,Cell Phone,Galaxy S6 Edge+,Other,32GB,POOR,,
Smartphones,Samsung,Cell Phone,Galaxy S6 Edge+,Other,32GB,GOOD,,
Smartphones,Samsung,Cell Phone,Galaxy S6 Edge+,Other,32GB,MINT,,
Smartphones,Samsung,Cell Phone,Galaxy S6 Edge+,T-Mobile,64GB,FAULTY,,
Smartphones,Samsung,Cell Phone,Galaxy S6 Edge+,T-Mobile,64GB,POOR,,
Smartphones,Samsung,Cell Phone,Galaxy S6 Edge+,T-Mobile,64GB,GOOD,5,5
Smartphones,Samsung,Cell Phone,Galaxy S6 Edge+,T-Mobile,64GB,MINT,10,10
Smartphones,Samsung,Cell Phone,Galaxy S6 Edge+,T-Mobile,32GB,FAULTY,,
Smartphones,Samsung,Cell Phone,Galaxy S6 Edge+,T-Mobile,32GB,POOR,,
Smartphones,Samsung,Cell Phone,Galaxy S6 Edge+,T-Mobile,32GB,GOOD,2,2
Smartphones,Samsung,Cell Phone,Galaxy S6 Edge+,T-Mobile,32GB,MINT,8,8
Smartphones,Samsung,Cell Phone,Galaxy S6 Edge+,AT&T,64GB,FAULTY,,
Smartphones,Samsung,Cell Phone,Galaxy S6 Edge+,AT&T,64GB,POOR,,
Smartphones,Samsung,Cell Phone,Galaxy S6 Edge+,AT&T,64GB,GOOD,6,6
Smartphones,Samsung,Cell Phone,Galaxy S6 Edge+,AT&T,64GB,MINT,11,11
Smartphones,Samsung,Cell Phone,Galaxy S6 Edge+,AT&T,32GB,FAULTY,,
Smartphones,Samsung,Cell Phone,Galaxy S6 Edge+,AT&T,32GB,POOR,,
Smartphones,Samsung,Cell Phone,Galaxy S6 Edge+,AT&T,32GB,GOOD,5,5
Smartphones,Samsung,Cell Phone,Galaxy S6 Edge+,AT&T,32GB,MINT,10,10
Smartphones,Samsung,Cell Phone,Galaxy S6 Edge+,Verizon,64GB,FAULTY,,
Smartphones,Samsung,Cell Phone,Galaxy S6 Edge+,Verizon,64GB,POOR,,
Smartphones,Samsung,Cell Phone,Galaxy S6 Edge+,Verizon,64GB,GOOD,7,7
Smartphones,Samsung,Cell Phone,Galaxy S6 Edge+,Verizon,64GB,MINT,12,12
Smartphones,Samsung,Cell Phone,Galaxy S6 Edge+,Verizon,32GB,FAULTY,,
Smartphones,Samsung,Cell Phone,Galaxy S6 Edge+,Verizon,32GB,POOR,,
Smartphones,Samsung,Cell Phone,Galaxy S6 Edge+,Verizon,32GB,GOOD,5,5
Smartphones,Samsung,Cell Phone,Galaxy S6 Edge+,Verizon,32GB,MINT,10,10
Smartphones,Samsung,Cell Phone,Galaxy S6 Edge,Unlocked,128GB,POOR,,
Smartphones,Samsung,Cell Phone,Galaxy S6 Edge,Unlocked,128GB,GOOD,7,7
Smartphones,Samsung,Cell Phone,Galaxy S6 Edge,Unlocked,128GB,MINT,12,12
Smartphones,Samsung,Cell Phone,Galaxy S6 Edge,Unlocked,64GB,FAULTY,,
Smartphones,Samsung,Cell Phone,Galaxy S6 Edge,Unlocked,64GB,POOR,,
Smartphones,Samsung,Cell Phone,Galaxy S6 Edge,Unlocked,64GB,GOOD,6,6
Smartphones,Samsung,Cell Phone,Galaxy S6 Edge,Unlocked,64GB,MINT,11,11
Smartphones,Samsung,Cell Phone,Galaxy S6 Edge,Unlocked,32GB,FAULTY,,
Smartphones,Samsung,Cell Phone,Galaxy S6 Edge,Unlocked,32GB,POOR,,
Smartphones,Samsung,Cell Phone,Galaxy S6 Edge,Unlocked,32GB,GOOD,5,5
Smartphones,Samsung,Cell Phone,Galaxy S6 Edge,Unlocked,32GB,MINT,10,10
Smartphones,Samsung,Cell Phone,Galaxy S6 Edge,Other,128GB,FAULTY,,
Smartphones,Samsung,Cell Phone,Galaxy S6 Edge,Other,128GB,POOR,,
Smartphones,Samsung,Cell Phone,Galaxy S6 Edge,Other,128GB,GOOD,,
Smartphones,Samsung,Cell Phone,Galaxy S6 Edge,Other,128GB,MINT,,
Smartphones,Samsung,Cell Phone,Galaxy S6 Edge,Other,64GB,FAULTY,,
Smartphones,Samsung,Cell Phone,Galaxy S6 Edge,Other,64GB,POOR,,
Smartphones,Samsung,Cell Phone,Galaxy S6 Edge,Other,64GB,GOOD,,
Smartphones,Samsung,Cell Phone,Galaxy S6 Edge,Other,64GB,MINT,,
Smartphones,Samsung,Cell Phone,Galaxy S6 Edge,Other,32GB,FAULTY,,
Smartphones,Samsung,Cell Phone,Galaxy S6 Edge,Other,32GB,POOR,,
Smartphones,Samsung,Cell Phone,Galaxy S6 Edge,Other,32GB,GOOD,,
Smartphones,Samsung,Cell Phone,Galaxy S6 Edge,Other,32GB,MINT,,
Smartphones,Samsung,Cell Phone,Galaxy S6 Edge,T-Mobile,128GB,FAULTY,,
Smartphones,Samsung,Cell Phone,Galaxy S6 Edge,T-Mobile,128GB,POOR,,
Smartphones,Samsung,Cell Phone,Galaxy S6 Edge,T-Mobile,128GB,GOOD,2,2
Smartphones,Samsung,Cell Phone,Galaxy S6 Edge,T-Mobile,128GB,MINT,8,8
Smartphones,Samsung,Cell Phone,Galaxy S6 Edge,T-Mobile,64GB,FAULTY,,
Smartphones,Samsung,Cell Phone,Galaxy S6 Edge,T-Mobile,64GB,POOR,,
Smartphones,Samsung,Cell Phone,Galaxy S6 Edge,T-Mobile,64GB,GOOD,1,1
Smartphones,Samsung,Cell Phone,Galaxy S6 Edge,T-Mobile,64GB,MINT,7,7
Smartphones,Samsung,Cell Phone,Galaxy S6 Edge,T-Mobile,32GB,FAULTY,,
Smartphones,Samsung,Cell Phone,Galaxy S6 Edge,T-Mobile,32GB,POOR,,
Smartphones,Samsung,Cell Phone,Galaxy S6 Edge,T-Mobile,32GB,GOOD,1,1
Smartphones,Samsung,Cell Phone,Galaxy S6 Edge,T-Mobile,32GB,MINT,2,2
Smartphones,Samsung,Cell Phone,Galaxy S6 Edge,AT&T,128GB,FAULTY,,
Smartphones,Samsung,Cell Phone,Galaxy S6 Edge,AT&T,128GB,POOR,,
Smartphones,Samsung,Cell Phone,Galaxy S6 Edge,AT&T,128GB,GOOD,6,6
Smartphones,Samsung,Cell Phone,Galaxy S6 Edge,AT&T,128GB,MINT,11,11
Smartphones,Samsung,Cell Phone,Galaxy S6 Edge,AT&T,64GB,FAULTY,,
Smartphones,Samsung,Cell Phone,Galaxy S6 Edge,AT&T,64GB,POOR,,
Smartphones,Samsung,Cell Phone,Galaxy S6 Edge,AT&T,64GB,GOOD,4,4
Smartphones,Samsung,Cell Phone,Galaxy S6 Edge,AT&T,64GB,MINT,9,9
Smartphones,Samsung,Cell Phone,Galaxy S6 Edge,AT&T,32GB,FAULTY,,
Smartphones,Samsung,Cell Phone,Galaxy S6 Edge,AT&T,32GB,POOR,,
Smartphones,Samsung,Cell Phone,Galaxy S6 Edge,AT&T,32GB,GOOD,2,2
Smartphones,Samsung,Cell Phone,Galaxy S6 Edge,AT&T,32GB,MINT,8,8
Smartphones,Samsung,Cell Phone,Galaxy S6 Edge,Verizon,128GB,FAULTY,,
Smartphones,Samsung,Cell Phone,Galaxy S6 Edge,Verizon,128GB,POOR,,
Smartphones,Samsung,Cell Phone,Galaxy S6 Edge,Verizon,128GB,GOOD,6,6
Smartphones,Samsung,Cell Phone,Galaxy S6 Edge,Verizon,128GB,MINT,11,11
Smartphones,Samsung,Cell Phone,Galaxy S6 Edge,Verizon,64GB,FAULTY,,
Smartphones,Samsung,Cell Phone,Galaxy S6 Edge,Verizon,64GB,POOR,,
Smartphones,Samsung,Cell Phone,Galaxy S6 Edge,Verizon,64GB,GOOD,4,4
Smartphones,Samsung,Cell Phone,Galaxy S6 Edge,Verizon,64GB,MINT,9,9
Smartphones,Samsung,Cell Phone,Galaxy S6 Edge,Verizon,32GB,FAULTY,,
Smartphones,Samsung,Cell Phone,Galaxy S6 Edge,Verizon,32GB,POOR,,
Smartphones,Samsung,Cell Phone,Galaxy S6 Edge,Verizon,32GB,GOOD,2,2
Smartphones,Samsung,Cell Phone,Galaxy S6 Edge,Verizon,32GB,MINT,8,8
Smartphones,Samsung,Cell Phone,Galaxy S7 Edge,Unlocked,32GB,FAULTY,,
Smartphones,Samsung,Cell Phone,Galaxy S7,Unlocked,32GB,FAULTY,,
Smartphones,Samsung,Cell Phone,Galaxy S7,Unlocked,32GB,POOR,,
Smartphones,Samsung,Cell Phone,Galaxy S7,Unlocked,32GB,GOOD,2,2
Smartphones,Samsung,Cell Phone,Galaxy S7,Unlocked,32GB,MINT,5,5
Smartphones,Samsung,Cell Phone,Galaxy S7,Other,32GB,FAULTY,,
Smartphones,Samsung,Cell Phone,Galaxy S7,Other,32GB,POOR,,
Smartphones,Samsung,Cell Phone,Galaxy S7,Other,32GB,GOOD,,
Smartphones,Samsung,Cell Phone,Galaxy S7,Other,32GB,MINT,,
Smartphones,Samsung,Cell Phone,Galaxy S7,T-Mobile,32GB,FAULTY,,
Smartphones,Samsung,Cell Phone,Galaxy S7,T-Mobile,32GB,POOR,,
Smartphones,Samsung,Cell Phone,Galaxy S7,T-Mobile,32GB,GOOD,,
Smartphones,Samsung,Cell Phone,Galaxy S7,T-Mobile,32GB,MINT,1,1
Smartphones,Samsung,Cell Phone,Galaxy S7,AT&T,32GB,FAULTY,,
Smartphones,Samsung,Cell Phone,Galaxy S7,AT&T,32GB,POOR,,
Smartphones,Samsung,Cell Phone,Galaxy S7,AT&T,32GB,GOOD,1,1
Smartphones,Samsung,Cell Phone,Galaxy S7,AT&T,32GB,MINT,4,4
Smartphones,Samsung,Cell Phone,Galaxy S7,Verizon,32GB,FAULTY,,
Smartphones,Samsung,Cell Phone,Galaxy S7,Verizon,32GB,POOR,,
Smartphones,Samsung,Cell Phone,Galaxy S7,Verizon,32GB,GOOD,1,1
Smartphones,Samsung,Cell Phone,Galaxy S7,Verizon,32GB,MINT,5,5
Smartphones,Samsung,Cell Phone,Galaxy S7 Edge,Unlocked,32GB,POOR,,
Smartphones,Samsung,Cell Phone,Galaxy S7 Edge,Unlocked,32GB,GOOD,1,1
Smartphones,Samsung,Cell Phone,Galaxy S7 Edge,Unlocked,32GB,MINT,4,4
Smartphones,Samsung,Cell Phone,Galaxy S7 Edge,Other,32GB,FAULTY,,
Smartphones,Samsung,Cell Phone,Galaxy S7 Edge,Other,32GB,POOR,,
Smartphones,Samsung,Cell Phone,Galaxy S7 Edge,Other,32GB,GOOD,,
Smartphones,Samsung,Cell Phone,Galaxy S7 Edge,Other,32GB,MINT,,
Smartphones,Samsung,Cell Phone,Galaxy S7 Edge,T-Mobile,32GB,FAULTY,,
Smartphones,Samsung,Cell Phone,Galaxy S7 Edge,T-Mobile,32GB,POOR,,
Smartphones,Samsung,Cell Phone,Galaxy S7 Edge,T-Mobile,32GB,GOOD,,
Smartphones,Samsung,Cell Phone,Galaxy S7 Edge,T-Mobile,32GB,MINT,,
Smartphones,Samsung,Cell Phone,Galaxy S7 Edge,AT&T,32GB,FAULTY,,
Smartphones,Samsung,Cell Phone,Galaxy S7 Edge,AT&T,32GB,POOR,,
Smartphones,Samsung,Cell Phone,Galaxy S7 Edge,AT&T,32GB,GOOD,,
Smartphones,Samsung,Cell Phone,Galaxy S7 Edge,AT&T,32GB,MINT,3,3
Smartphones,Samsung,Cell Phone,Galaxy S7 Edge,Verizon,32GB,FAULTY,,
Smartphones,Samsung,Cell Phone,Galaxy S7 Edge,Verizon,32GB,POOR,,
Smartphones,Samsung,Cell Phone,Galaxy S7 Edge,Verizon,32GB,GOOD,1,1
Smartphones,Samsung,Cell Phone,Galaxy S7 Edge,Verizon,32GB,MINT,4,4
Smartphones,Samsung,Cell Phone,Galaxy S8+,Unlocked,64GB,FAULTY,1,
Smartphones,Samsung,Cell Phone,Galaxy S8,Unlocked,64GB,FAULTY,,
Smartphones,Samsung,Cell Phone,Galaxy S8,Unlocked,64GB,POOR,7,
Smartphones,Samsung,Cell Phone,Galaxy S8,Unlocked,64GB,GOOD,18,15
Smartphones,Samsung,Cell Phone,Galaxy S8,Unlocked,64GB,MINT,29,25
Smartphones,Samsung,Cell Phone,Galaxy S8,Other,64GB,FAULTY,,
Smartphones,Samsung,Cell Phone,Galaxy S8,Other,64GB,POOR,3,
Smartphones,Samsung,Cell Phone,Galaxy S8,Other,64GB,GOOD,9,2
Smartphones,Samsung,Cell Phone,Galaxy S8,Other,64GB,MINT,14,10
Smartphones,Samsung,Cell Phone,Galaxy S8,T-Mobile,64GB,FAULTY,,
Smartphones,Samsung,Cell Phone,Galaxy S8,T-Mobile,64GB,POOR,2,
Smartphones,Samsung,Cell Phone,Galaxy S8,T-Mobile,64GB,GOOD,7,5
Smartphones,Samsung,Cell Phone,Galaxy S8,T-Mobile,64GB,MINT,18,15
Smartphones,Samsung,Cell Phone,Galaxy S8,AT&T,64GB,FAULTY,,
Smartphones,Samsung,Cell Phone,Galaxy S8,AT&T,64GB,POOR,2,
Smartphones,Samsung,Cell Phone,Galaxy S8,AT&T,64GB,GOOD,7,5
Smartphones,Samsung,Cell Phone,Galaxy S8,AT&T,64GB,MINT,18,15
Smartphones,Samsung,Cell Phone,Galaxy S8,Verizon,64GB,FAULTY,,
Smartphones,Samsung,Cell Phone,Galaxy S8,Verizon,64GB,POOR,1,
Smartphones,Samsung,Cell Phone,Galaxy S8,Verizon,64GB,GOOD,5,5
Smartphones,Samsung,Cell Phone,Galaxy S8,Verizon,64GB,MINT,15,15
Smartphones,Samsung,Cell Phone,Galaxy S8+,Unlocked,64GB,POOR,6,
Smartphones,Samsung,Cell Phone,Galaxy S8+,Unlocked,64GB,GOOD,15,15
Smartphones,Samsung,Cell Phone,Galaxy S8+,Unlocked,64GB,MINT,25,25
Smartphones,Samsung,Cell Phone,Galaxy S8+,Other,64GB,FAULTY,,
Smartphones,Samsung,Cell Phone,Galaxy S8+,Other,64GB,POOR,1,
Smartphones,Samsung,Cell Phone,Galaxy S8+,Other,64GB,GOOD,4,1
Smartphones,Samsung,Cell Phone,Galaxy S8+,Other,64GB,MINT,10,10
Smartphones,Samsung,Cell Phone,Galaxy S8+,T-Mobile,64GB,FAULTY,,
Smartphones,Samsung,Cell Phone,Galaxy S8+,T-Mobile,64GB,POOR,3,
Smartphones,Samsung,Cell Phone,Galaxy S8+,T-Mobile,64GB,GOOD,10,10
Smartphones,Samsung,Cell Phone,Galaxy S8+,T-Mobile,64GB,MINT,20,20
Smartphones,Samsung,Cell Phone,Galaxy S8+,AT&T,64GB,FAULTY,1,
Smartphones,Samsung,Cell Phone,Galaxy S8+,AT&T,64GB,POOR,4,
Smartphones,Samsung,Cell Phone,Galaxy S8+,AT&T,64GB,GOOD,10,10
Smartphones,Samsung,Cell Phone,Galaxy S8+,AT&T,64GB,MINT,25,25
Smartphones,Samsung,Cell Phone,Galaxy S8+,Verizon,64GB,FAULTY,1,
Smartphones,Samsung,Cell Phone,Galaxy S8+,Verizon,64GB,POOR,5,
Smartphones,Samsung,Cell Phone,Galaxy S8+,Verizon,64GB,GOOD,17,17
Smartphones,Samsung,Cell Phone,Galaxy S8+,Verizon,64GB,MINT,25,25
Smartphones,Samsung,Cell Phone,Galaxy S9,Unlocked,256GB,FAULTY,2,2
Smartphones,Samsung,Cell Phone,Galaxy S9+,Unlocked,256GB,FAULTY,20,3
Smartphones,Samsung,Cell Phone,Galaxy S9+,Unlocked,256GB,POOR,32,3
Smartphones,Samsung,Cell Phone,Galaxy S9+,Unlocked,256GB,GOOD,37,30
Smartphones,Samsung,Cell Phone,Galaxy S9+,Unlocked,256GB,MINT,42,40
Smartphones,Samsung,Cell Phone,Galaxy S9+,Unlocked,128GB,FAULTY,18,3
Smartphones,Samsung,Cell Phone,Galaxy S9+,Unlocked,128GB,POOR,27,3
Smartphones,Samsung,Cell Phone,Galaxy S9+,Unlocked,128GB,GOOD,32,25
Smartphones,Samsung,Cell Phone,Galaxy S9+,Unlocked,128GB,MINT,37,35
Smartphones,Samsung,Cell Phone,Galaxy S9+,Unlocked,64GB,FAULTY,15,3
Smartphones,Samsung,Cell Phone,Galaxy S9+,Unlocked,64GB,POOR,22,3
Smartphones,Samsung,Cell Phone,Galaxy S9+,Unlocked,64GB,GOOD,27,22
Smartphones,Samsung,Cell Phone,Galaxy S9+,Unlocked,64GB,MINT,32,32
Smartphones,Samsung,Cell Phone,Galaxy S9+,Other,256GB,FAULTY,,
Smartphones,Samsung,Cell Phone,Galaxy S9+,Other,256GB,POOR,12,
Smartphones,Samsung,Cell Phone,Galaxy S9+,Other,256GB,GOOD,17,
Smartphones,Samsung,Cell Phone,Galaxy S9+,Other,256GB,MINT,22,
Smartphones,Samsung,Cell Phone,Galaxy S9+,Other,128GB,FAULTY,,
Smartphones,Samsung,Cell Phone,Galaxy S9+,Other,128GB,POOR,7,
Smartphones,Samsung,Cell Phone,Galaxy S9+,Other,128GB,GOOD,13,
Smartphones,Samsung,Cell Phone,Galaxy S9+,Other,128GB,MINT,17,
Smartphones,Samsung,Cell Phone,Galaxy S9+,Other,64GB,FAULTY,,
Smartphones,Samsung,Cell Phone,Galaxy S9+,Other,64GB,POOR,4,
Smartphones,Samsung,Cell Phone,Galaxy S9+,Other,64GB,GOOD,11,
Smartphones,Samsung,Cell Phone,Galaxy S9+,Other,64GB,MINT,14,
Smartphones,Samsung,Cell Phone,Galaxy S9+,T-Mobile,256GB,FAULTY,,
Smartphones,Samsung,Cell Phone,Galaxy S9+,T-Mobile,256GB,POOR,12,
Smartphones,Samsung,Cell Phone,Galaxy S9+,T-Mobile,256GB,GOOD,17,
Smartphones,Samsung,Cell Phone,Galaxy S9+,T-Mobile,256GB,MINT,22,
Smartphones,Samsung,Cell Phone,Galaxy S9+,T-Mobile,128GB,FAULTY,,
Smartphones,Samsung,Cell Phone,Galaxy S9+,T-Mobile,128GB,POOR,7,
Smartphones,Samsung,Cell Phone,Galaxy S9+,T-Mobile,128GB,GOOD,12,
Smartphones,Samsung,Cell Phone,Galaxy S9+,T-Mobile,128GB,MINT,17,
Smartphones,Samsung,Cell Phone,Galaxy S9+,T-Mobile,64GB,FAULTY,2,2
Smartphones,Samsung,Cell Phone,Galaxy S9+,T-Mobile,64GB,POOR,2,2
Smartphones,Samsung,Cell Phone,Galaxy S9+,T-Mobile,64GB,GOOD,7,7
Smartphones,Samsung,Cell Phone,Galaxy S9+,T-Mobile,64GB,MINT,17,17
Smartphones,Samsung,Cell Phone,Galaxy S9+,AT&T,256GB,FAULTY,17,
Smartphones,Samsung,Cell Phone,Galaxy S9+,AT&T,256GB,POOR,27,
Smartphones,Samsung,Cell Phone,Galaxy S9+,AT&T,256GB,GOOD,32,
Smartphones,Samsung,Cell Phone,Galaxy S9+,AT&T,256GB,MINT,37,
Smartphones,Samsung,Cell Phone,Galaxy S9+,AT&T,128GB,FAULTY,15,
Smartphones,Samsung,Cell Phone,Galaxy S9+,AT&T,128GB,POOR,22,
Smartphones,Samsung,Cell Phone,Galaxy S9+,AT&T,128GB,GOOD,27,
Smartphones,Samsung,Cell Phone,Galaxy S9+,AT&T,128GB,MINT,32,
Smartphones,Samsung,Cell Phone,Galaxy S9+,AT&T,64GB,FAULTY,12,3
Smartphones,Samsung,Cell Phone,Galaxy S9+,AT&T,64GB,POOR,17,3
Smartphones,Samsung,Cell Phone,Galaxy S9+,AT&T,64GB,GOOD,22,12
Smartphones,Samsung,Cell Phone,Galaxy S9+,AT&T,64GB,MINT,27,22
Smartphones,Samsung,Cell Phone,Galaxy S9+,Verizon,256GB,FAULTY,,
Smartphones,Samsung,Cell Phone,Galaxy S9+,Verizon,256GB,POOR,12,
Smartphones,Samsung,Cell Phone,Galaxy S9+,Verizon,256GB,GOOD,17,
Smartphones,Samsung,Cell Phone,Galaxy S9+,Verizon,256GB,MINT,22,
Smartphones,Samsung,Cell Phone,Galaxy S9+,Verizon,128GB,FAULTY,,
Smartphones,Samsung,Cell Phone,Galaxy S9+,Verizon,128GB,POOR,7,
Smartphones,Samsung,Cell Phone,Galaxy S9+,Verizon,128GB,GOOD,12,
Smartphones,Samsung,Cell Phone,Galaxy S9+,Verizon,128GB,MINT,17,
Smartphones,Samsung,Cell Phone,Galaxy S9+,Verizon,64GB,FAULTY,3,3
Smartphones,Samsung,Cell Phone,Galaxy S9+,Verizon,64GB,POOR,5,3
Smartphones,Samsung,Cell Phone,Galaxy S9+,Verizon,64GB,GOOD,17,17
Smartphones,Samsung,Cell Phone,Galaxy S9+,Verizon,64GB,MINT,27,27
Smartphones,Samsung,Cell Phone,Galaxy S9,Unlocked,256GB,POOR,22,2
Smartphones,Samsung,Cell Phone,Galaxy S9,Unlocked,256GB,GOOD,27,22
Smartphones,Samsung,Cell Phone,Galaxy S9,Unlocked,256GB,MINT,32,32
Smartphones,Samsung,Cell Phone,Galaxy S9,Unlocked,128GB,FAULTY,2,2
Smartphones,Samsung,Cell Phone,Galaxy S9,Unlocked,128GB,POOR,17,2
Smartphones,Samsung,Cell Phone,Galaxy S9,Unlocked,128GB,GOOD,22,17
Smartphones,Samsung,Cell Phone,Galaxy S9,Unlocked,128GB,MINT,27,27
Smartphones,Samsung,Cell Phone,Galaxy S9,Unlocked,64GB,FAULTY,2,2
Smartphones,Samsung,Cell Phone,Galaxy S9,Unlocked,64GB,POOR,12,2
Smartphones,Samsung,Cell Phone,Galaxy S9,Unlocked,64GB,GOOD,17,12
Smartphones,Samsung,Cell Phone,Galaxy S9,Unlocked,64GB,MINT,22,22
Smartphones,Samsung,Cell Phone,Galaxy S9,Other,256GB,FAULTY,,
Smartphones,Samsung,Cell Phone,Galaxy S9,Other,256GB,POOR,10,
Smartphones,Samsung,Cell Phone,Galaxy S9,Other,256GB,GOOD,12,
Smartphones,Samsung,Cell Phone,Galaxy S9,Other,256GB,MINT,17,
Smartphones,Samsung,Cell Phone,Galaxy S9,Other,128GB,FAULTY,,
Smartphones,Samsung,Cell Phone,Galaxy S9,Other,128GB,POOR,5,
Smartphones,Samsung,Cell Phone,Galaxy S9,Other,128GB,GOOD,10,
Smartphones,Samsung,Cell Phone,Galaxy S9,Other,128GB,MINT,12,
Smartphones,Samsung,Cell Phone,Galaxy S9,Other,64GB,FAULTY,,
Smartphones,Samsung,Cell Phone,Galaxy S9,Other,64GB,POOR,,
Smartphones,Samsung,Cell Phone,Galaxy S9,Other,64GB,GOOD,5,
Smartphones,Samsung,Cell Phone,Galaxy S9,Other,64GB,MINT,8,5
Smartphones,Samsung,Cell Phone,Galaxy S9,T-Mobile,256GB,FAULTY,,
Smartphones,Samsung,Cell Phone,Galaxy S9,T-Mobile,256GB,POOR,9,
Smartphones,Samsung,Cell Phone,Galaxy S9,T-Mobile,256GB,GOOD,17,
Smartphones,Samsung,Cell Phone,Galaxy S9,T-Mobile,256GB,MINT,20,
Smartphones,Samsung,Cell Phone,Galaxy S9,T-Mobile,128GB,FAULTY,,
Smartphones,Samsung,Cell Phone,Galaxy S9,T-Mobile,128GB,POOR,6,
Smartphones,Samsung,Cell Phone,Galaxy S9,T-Mobile,128GB,GOOD,14,
Smartphones,Samsung,Cell Phone,Galaxy S9,T-Mobile,128GB,MINT,17,
Smartphones,Samsung,Cell Phone,Galaxy S9,T-Mobile,64GB,FAULTY,2,2
Smartphones,Samsung,Cell Phone,Galaxy S9,T-Mobile,64GB,POOR,3,2
Smartphones,Samsung,Cell Phone,Galaxy S9,T-Mobile,64GB,GOOD,12,5
Smartphones,Samsung,Cell Phone,Galaxy S9,T-Mobile,64GB,MINT,15,15
Smartphones,Samsung,Cell Phone,Galaxy S9,AT&T,256GB,FAULTY,,
Smartphones,Samsung,Cell Phone,Galaxy S9,AT&T,256GB,POOR,17,
Smartphones,Samsung,Cell Phone,Galaxy S9,AT&T,256GB,GOOD,22,
Smartphones,Samsung,Cell Phone,Galaxy S9,AT&T,256GB,MINT,27,
Smartphones,Samsung,Cell Phone,Galaxy S9,AT&T,128GB,FAULTY,,
Smartphones,Samsung,Cell Phone,Galaxy S9,AT&T,128GB,POOR,12,
Smartphones,Samsung,Cell Phone,Galaxy S9,AT&T,128GB,GOOD,17,
Smartphones,Samsung,Cell Phone,Galaxy S9,AT&T,128GB,MINT,22,
Smartphones,Samsung,Cell Phone,Galaxy S9,AT&T,64GB,FAULTY,2,2
Smartphones,Samsung,Cell Phone,Galaxy S9,AT&T,64GB,POOR,7,2
Smartphones,Samsung,Cell Phone,Galaxy S9,AT&T,64GB,GOOD,12,10
Smartphones,Samsung,Cell Phone,Galaxy S9,AT&T,64GB,MINT,20,20
Smartphones,Samsung,Cell Phone,Galaxy S9,Verizon,256GB,FAULTY,,
Smartphones,Samsung,Cell Phone,Galaxy S9,Verizon,256GB,POOR,9,
Smartphones,Samsung,Cell Phone,Galaxy S9,Verizon,256GB,GOOD,17,
Smartphones,Samsung,Cell Phone,Galaxy S9,Verizon,256GB,MINT,20,
Smartphones,Samsung,Cell Phone,Galaxy S9,Verizon,128GB,FAULTY,,
Smartphones,Samsung,Cell Phone,Galaxy S9,Verizon,128GB,POOR,6,
Smartphones,Samsung,Cell Phone,Galaxy S9,Verizon,128GB,GOOD,12,
Smartphones,Samsung,Cell Phone,Galaxy S9,Verizon,128GB,MINT,17,
Smartphones,Samsung,Cell Phone,Galaxy S9,Verizon,64GB,FAULTY,2,2
Smartphones,Samsung,Cell Phone,Galaxy S9,Verizon,64GB,POOR,2,2
Smartphones,Samsung,Cell Phone,Galaxy S9,Verizon,64GB,GOOD,7,7
Smartphones,Samsung,Cell Phone,Galaxy S9,Verizon,64GB,MINT,12,12
Smartphones,Samsung,Cell Phone,Galaxy S10e,Unlocked,256GB,FAULTY,8,
Smartphones,Samsung,Cell Phone,Galaxy S10 5G,Unlocked,512GB,FAULTY,31,
Smartphones,Samsung,Cell Phone,Galaxy S10 5G,Unlocked,512GB,POOR,50,
Smartphones,Samsung,Cell Phone,Galaxy S10 5G,Unlocked,512GB,GOOD,75,
Smartphones,Samsung,Cell Phone,Galaxy S10 5G,Unlocked,512GB,MINT,90,
Smartphones,Samsung,Cell Phone,Galaxy S10 5G,Unlocked,256GB,FAULTY,13,
Smartphones,Samsung,Cell Phone,Galaxy S10 5G,Unlocked,256GB,POOR,40,
Smartphones,Samsung,Cell Phone,Galaxy S10 5G,Unlocked,256GB,GOOD,66,
Smartphones,Samsung,Cell Phone,Galaxy S10 5G,Unlocked,256GB,MINT,80,
Smartphones,Samsung,Cell Phone,Galaxy S10 5G,Other,512GB,FAULTY,8,
Smartphones,Samsung,Cell Phone,Galaxy S10 5G,Other,512GB,POOR,22,
Smartphones,Samsung,Cell Phone,Galaxy S10 5G,Other,512GB,GOOD,36,
Smartphones,Samsung,Cell Phone,Galaxy S10 5G,Other,512GB,MINT,45,
Smartphones,Samsung,Cell Phone,Galaxy S10 5G,Other,256GB,FAULTY,7,
Smartphones,Samsung,Cell Phone,Galaxy S10 5G,Other,256GB,POOR,20,
Smartphones,Samsung,Cell Phone,Galaxy S10 5G,Other,256GB,GOOD,33,
Smartphones,Samsung,Cell Phone,Galaxy S10 5G,Other,256GB,MINT,40,
Smartphones,Samsung,Cell Phone,Galaxy S10 5G,T-Mobile,512GB,FAULTY,11,3
Smartphones,Samsung,Cell Phone,Galaxy S10 5G,T-Mobile,512GB,POOR,26,3
Smartphones,Samsung,Cell Phone,Galaxy S10 5G,T-Mobile,512GB,GOOD,55,55
Smartphones,Samsung,Cell Phone,Galaxy S10 5G,T-Mobile,512GB,MINT,70,70
Smartphones,Samsung,Cell Phone,Galaxy S10 5G,T-Mobile,256GB,FAULTY,8,3
Smartphones,Samsung,Cell Phone,Galaxy S10 5G,T-Mobile,256GB,POOR,23,3
Smartphones,Samsung,Cell Phone,Galaxy S10 5G,T-Mobile,256GB,GOOD,55,55
Smartphones,Samsung,Cell Phone,Galaxy S10 5G,T-Mobile,256GB,MINT,65,65
Smartphones,Samsung,Cell Phone,Galaxy S10 5G,AT&T,512GB,FAULTY,26,
Smartphones,Samsung,Cell Phone,Galaxy S10 5G,AT&T,512GB,POOR,40,
Smartphones,Samsung,Cell Phone,Galaxy S10 5G,AT&T,512GB,GOOD,65,
Smartphones,Samsung,Cell Phone,Galaxy S10 5G,AT&T,512GB,MINT,75,
Smartphones,Samsung,Cell Phone,Galaxy S10 5G,AT&T,256GB,FAULTY,11,
Smartphones,Samsung,Cell Phone,Galaxy S10 5G,AT&T,256GB,POOR,33,
Smartphones,Samsung,Cell Phone,Galaxy S10 5G,AT&T,256GB,GOOD,55,
Smartphones,Samsung,Cell Phone,Galaxy S10 5G,AT&T,256GB,MINT,66,
Smartphones,Samsung,Cell Phone,Galaxy S10 5G,Verizon,512GB,FAULTY,5,3
Smartphones,Samsung,Cell Phone,Galaxy S10 5G,Verizon,512GB,POOR,11,3
Smartphones,Samsung,Cell Phone,Galaxy S10 5G,Verizon,512GB,GOOD,65,65
Smartphones,Samsung,Cell Phone,Galaxy S10 5G,Verizon,512GB,MINT,80,80
Smartphones,Samsung,Cell Phone,Galaxy S10 5G,Verizon,256GB,FAULTY,5,3
Smartphones,Samsung,Cell Phone,Galaxy S10 5G,Verizon,256GB,POOR,9,3
Smartphones,Samsung,Cell Phone,Galaxy S10 5G,Verizon,256GB,GOOD,55,55
Smartphones,Samsung,Cell Phone,Galaxy S10 5G,Verizon,256GB,MINT,70,70
Smartphones,Samsung,Cell Phone,Galaxy S10e,Unlocked,256GB,POOR,35,
Smartphones,Samsung,Cell Phone,Galaxy S10e,Unlocked,256GB,GOOD,45,40
Smartphones,Samsung,Cell Phone,Galaxy S10e,Unlocked,256GB,MINT,55,50
Smartphones,Samsung,Cell Phone,Galaxy S10e,Unlocked,128GB,FAULTY,6,
Smartphones,Samsung,Cell Phone,Galaxy S10e,Unlocked,128GB,POOR,25,
Smartphones,Samsung,Cell Phone,Galaxy S10e,Unlocked,128GB,GOOD,35,30
Smartphones,Samsung,Cell Phone,Galaxy S10e,Unlocked,128GB,MINT,45,40
Smartphones,Samsung,Cell Phone,Galaxy S10e,Other,256GB,FAULTY,4,
Smartphones,Samsung,Cell Phone,Galaxy S10e,Other,256GB,POOR,13,
Smartphones,Samsung,Cell Phone,Galaxy S10e,Other,256GB,GOOD,25,20
Smartphones,Samsung,Cell Phone,Galaxy S10e,Other,256GB,MINT,30,30
Smartphones,Samsung,Cell Phone,Galaxy S10e,Other,128GB,FAULTY,3,
Smartphones,Samsung,Cell Phone,Galaxy S10e,Other,128GB,POOR,10,
Smartphones,Samsung,Cell Phone,Galaxy S10e,Other,128GB,GOOD,18,11
Smartphones,Samsung,Cell Phone,Galaxy S10e,Other,128GB,MINT,22,21
Smartphones,Samsung,Cell Phone,Galaxy S10e,T-Mobile,256GB,FAULTY,4,
Smartphones,Samsung,Cell Phone,Galaxy S10e,T-Mobile,256GB,POOR,13,
Smartphones,Samsung,Cell Phone,Galaxy S10e,T-Mobile,256GB,GOOD,25,25
Smartphones,Samsung,Cell Phone,Galaxy S10e,T-Mobile,256GB,MINT,35,35
Smartphones,Samsung,Cell Phone,Galaxy S10e,T-Mobile,128GB,FAULTY,2,
Smartphones,Samsung,Cell Phone,Galaxy S10e,T-Mobile,128GB,POOR,7,
Smartphones,Samsung,Cell Phone,Galaxy S10e,T-Mobile,128GB,GOOD,15,
Smartphones,Samsung,Cell Phone,Galaxy S10e,T-Mobile,128GB,MINT,20,
Smartphones,Samsung,Cell Phone,Galaxy S10e,AT&T,256GB,FAULTY,6,
Smartphones,Samsung,Cell Phone,Galaxy S10e,AT&T,256GB,POOR,25,
Smartphones,Samsung,Cell Phone,Galaxy S10e,AT&T,256GB,GOOD,35,30
Smartphones,Samsung,Cell Phone,Galaxy S10e,AT&T,256GB,MINT,45,40
Smartphones,Samsung,Cell Phone,Galaxy S10e,AT&T,128GB,FAULTY,4,
Smartphones,Samsung,Cell Phone,Galaxy S10e,AT&T,128GB,POOR,13,
Smartphones,Samsung,Cell Phone,Galaxy S10e,AT&T,128GB,GOOD,25,25
Smartphones,Samsung,Cell Phone,Galaxy S10e,AT&T,128GB,MINT,35,35
Smartphones,Samsung,Cell Phone,Galaxy S10e,Verizon,256GB,FAULTY,4,
Smartphones,Samsung,Cell Phone,Galaxy S10e,Verizon,256GB,POOR,21,
Smartphones,Samsung,Cell Phone,Galaxy S10e,Verizon,256GB,GOOD,35,30
Smartphones,Samsung,Cell Phone,Galaxy S10e,Verizon,256GB,MINT,42,40
Smartphones,Samsung,Cell Phone,Galaxy S10e,Verizon,128GB,FAULTY,3,
Smartphones,Samsung,Cell Phone,Galaxy S10e,Verizon,128GB,POOR,9,
Smartphones,Samsung,Cell Phone,Galaxy S10e,Verizon,128GB,GOOD,25,25
Smartphones,Samsung,Cell Phone,Galaxy S10e,Verizon,128GB,MINT,35,35
Smartphones,Samsung,Cell Phone,Galaxy S10 4G,Unlocked,512GB,FAULTY,13,2
Smartphones,Samsung,Cell Phone,Galaxy S10+,Unlocked,1TB,FAULTY,20,3
Smartphones,Samsung,Cell Phone,Galaxy S10+,Unlocked,1TB,POOR,55,3
Smartphones,Samsung,Cell Phone,Galaxy S10+,Unlocked,1TB,GOOD,95,55
Smartphones,Samsung,Cell Phone,Galaxy S10+,Unlocked,1TB,MINT,105,75
Smartphones,Samsung,Cell Phone,Galaxy S10+,Unlocked,512GB,FAULTY,15,2
Smartphones,Samsung,Cell Phone,Galaxy S10+,Unlocked,512GB,POOR,50,2
Smartphones,Samsung,Cell Phone,Galaxy S10+,Unlocked,512GB,GOOD,70,45
Smartphones,Samsung,Cell Phone,Galaxy S10+,Unlocked,512GB,MINT,80,65
Smartphones,Samsung,Cell Phone,Galaxy S10+,Unlocked,128GB,FAULTY,10,2
Smartphones,Samsung,Cell Phone,Galaxy S10+,Unlocked,128GB,POOR,35,2
Smartphones,Samsung,Cell Phone,Galaxy S10+,Unlocked,128GB,GOOD,60,35
Smartphones,Samsung,Cell Phone,Galaxy S10+,Unlocked,128GB,MINT,70,50
Smartphones,Samsung,Cell Phone,Galaxy S10+,Other,1TB,FAULTY,7,2
Smartphones,Samsung,Cell Phone,Galaxy S10+,Other,1TB,POOR,35,2
Smartphones,Samsung,Cell Phone,Galaxy S10+,Other,1TB,GOOD,55,35
Smartphones,Samsung,Cell Phone,Galaxy S10+,Other,1TB,MINT,65,50
Smartphones,Samsung,Cell Phone,Galaxy S10+,Other,512GB,FAULTY,6,1
Smartphones,Samsung,Cell Phone,Galaxy S10+,Other,512GB,POOR,30,1
Smartphones,Samsung,Cell Phone,Galaxy S10+,Other,512GB,GOOD,50,30
Smartphones,Samsung,Cell Phone,Galaxy S10+,Other,512GB,MINT,60,45
Smartphones,Samsung,Cell Phone,Galaxy S10+,Other,128GB,FAULTY,4,1
Smartphones,Samsung,Cell Phone,Galaxy S10+,Other,128GB,POOR,15,1
Smartphones,Samsung,Cell Phone,Galaxy S10+,Other,128GB,GOOD,35,10
Smartphones,Samsung,Cell Phone,Galaxy S10+,Other,128GB,MINT,45,25
Smartphones,Samsung,Cell Phone,Galaxy S10+,T-Mobile,1TB,FAULTY,10,2
Smartphones,Samsung,Cell Phone,Galaxy S10+,T-Mobile,1TB,POOR,40,2
Smartphones,Samsung,Cell Phone,Galaxy S10+,T-Mobile,1TB,GOOD,65,45
Smartphones,Samsung,Cell Phone,Galaxy S10+,T-Mobile,1TB,MINT,75,60
Smartphones,Samsung,Cell Phone,Galaxy S10+,T-Mobile,512GB,FAULTY,9,1
Smartphones,Samsung,Cell Phone,Galaxy S10+,T-Mobile,512GB,POOR,35,1
Smartphones,Samsung,Cell Phone,Galaxy S10+,T-Mobile,512GB,GOOD,55,40
Smartphones,Samsung,Cell Phone,Galaxy S10+,T-Mobile,512GB,MINT,65,55
Smartphones,Samsung,Cell Phone,Galaxy S10+,T-Mobile,128GB,FAULTY,3,1
Smartphones,Samsung,Cell Phone,Galaxy S10+,T-Mobile,128GB,POOR,20,1
Smartphones,Samsung,Cell Phone,Galaxy S10+,T-Mobile,128GB,GOOD,40,15
Smartphones,Samsung,Cell Phone,Galaxy S10+,T-Mobile,128GB,MINT,50,30
Smartphones,Samsung,Cell Phone,Galaxy S10+,AT&T,1TB,FAULTY,15,3
Smartphones,Samsung,Cell Phone,Galaxy S10+,AT&T,1TB,POOR,40,3
Smartphones,Samsung,Cell Phone,Galaxy S10+,AT&T,1TB,GOOD,70,45
Smartphones,Samsung,Cell Phone,Galaxy S10+,AT&T,1TB,MINT,80,60
Smartphones,Samsung,Cell Phone,Galaxy S10+,AT&T,512GB,FAULTY,10,2
Smartphones,Samsung,Cell Phone,Galaxy S10+,AT&T,512GB,POOR,35,2
Smartphones,Samsung,Cell Phone,Galaxy S10+,AT&T,512GB,GOOD,55,45
Smartphones,Samsung,Cell Phone,Galaxy S10+,AT&T,512GB,MINT,67,60
Smartphones,Samsung,Cell Phone,Galaxy S10+,AT&T,128GB,FAULTY,6,2
Smartphones,Samsung,Cell Phone,Galaxy S10+,AT&T,128GB,POOR,20,2
Smartphones,Samsung,Cell Phone,Galaxy S10+,AT&T,128GB,GOOD,40,25
Smartphones,Samsung,Cell Phone,Galaxy S10+,AT&T,128GB,MINT,50,40
Smartphones,Samsung,Cell Phone,Galaxy S10+,Verizon,1TB,FAULTY,7,3
Smartphones,Samsung,Cell Phone,Galaxy S10+,Verizon,1TB,POOR,25,3
Smartphones,Samsung,Cell Phone,Galaxy S10+,Verizon,1TB,GOOD,67,45
Smartphones,Samsung,Cell Phone,Galaxy S10+,Verizon,1TB,MINT,77,60
Smartphones,Samsung,Cell Phone,Galaxy S10+,Verizon,512GB,FAULTY,7,2
Smartphones,Samsung,Cell Phone,Galaxy S10+,Verizon,512GB,POOR,20,2
Smartphones,Samsung,Cell Phone,Galaxy S10+,Verizon,512GB,GOOD,45,45
Smartphones,Samsung,Cell Phone,Galaxy S10+,Verizon,512GB,MINT,60,60
Smartphones,Samsung,Cell Phone,Galaxy S10+,Verizon,128GB,FAULTY,3,2
Smartphones,Samsung,Cell Phone,Galaxy S10+,Verizon,128GB,POOR,11,2
Smartphones,Samsung,Cell Phone,Galaxy S10+,Verizon,128GB,GOOD,25,25
Smartphones,Samsung,Cell Phone,Galaxy S10+,Verizon,128GB,MINT,40,40
Smartphones,Samsung,Cell Phone,Galaxy S10 4G,Unlocked,512GB,POOR,70,2
Smartphones,Samsung,Cell Phone,Galaxy S10 4G,Unlocked,512GB,GOOD,90,60
Smartphones,Samsung,Cell Phone,Galaxy S10 4G,Unlocked,512GB,MINT,100,70
Smartphones,Samsung,Cell Phone,Galaxy S10 4G,Unlocked,128GB,FAULTY,8,2
Smartphones,Samsung,Cell Phone,Galaxy S10 4G,Unlocked,128GB,POOR,60,2
Smartphones,Samsung,Cell Phone,Galaxy S10 4G,Unlocked,128GB,GOOD,80,35
Smartphones,Samsung,Cell Phone,Galaxy S10 4G,Unlocked,128GB,MINT,90,45
Smartphones,Samsung,Cell Phone,Galaxy S10 4G,Other,512GB,FAULTY,7,2
Smartphones,Samsung,Cell Phone,Galaxy S10 4G,Other,512GB,POOR,21,2
Smartphones,Samsung,Cell Phone,Galaxy S10 4G,Other,512GB,GOOD,35,35
Smartphones,Samsung,Cell Phone,Galaxy S10 4G,Other,512GB,MINT,45,45
Smartphones,Samsung,Cell Phone,Galaxy S10 4G,Other,128GB,FAULTY,4,2
Smartphones,Samsung,Cell Phone,Galaxy S10 4G,Other,128GB,POOR,18,2
Smartphones,Samsung,Cell Phone,Galaxy S10 4G,Other,128GB,GOOD,31,15
Smartphones,Samsung,Cell Phone,Galaxy S10 4G,Other,128GB,MINT,34,25
Smartphones,Samsung,Cell Phone,Galaxy S10 4G,T-Mobile,512GB,FAULTY,10,2
Smartphones,Samsung,Cell Phone,Galaxy S10 4G,T-Mobile,512GB,POOR,35,2
Smartphones,Samsung,Cell Phone,Galaxy S10 4G,T-Mobile,512GB,GOOD,55,45
Smartphones,Samsung,Cell Phone,Galaxy S10 4G,T-Mobile,512GB,MINT,65,55
Smartphones,Samsung,Cell Phone,Galaxy S10 4G,T-Mobile,128GB,FAULTY,6,2
Smartphones,Samsung,Cell Phone,Galaxy S10 4G,T-Mobile,128GB,POOR,25,2
Smartphones,Samsung,Cell Phone,Galaxy S10 4G,T-Mobile,128GB,GOOD,50,25
Smartphones,Samsung,Cell Phone,Galaxy S10 4G,T-Mobile,128GB,MINT,60,35
Smartphones,Samsung,Cell Phone,Galaxy S10 4G,AT&T,512GB,FAULTY,11,2
Smartphones,Samsung,Cell Phone,Galaxy S10 4G,AT&T,512GB,POOR,50,2
Smartphones,Samsung,Cell Phone,Galaxy S10 4G,AT&T,512GB,GOOD,70,50
Smartphones,Samsung,Cell Phone,Galaxy S10 4G,AT&T,512GB,MINT,80,60
Smartphones,Samsung,Cell Phone,Galaxy S10 4G,AT&T,128GB,FAULTY,6,2
Smartphones,Samsung,Cell Phone,Galaxy S10 4G,AT&T,128GB,POOR,40,2
Smartphones,Samsung,Cell Phone,Galaxy S10 4G,AT&T,128GB,GOOD,60,25
Smartphones,Samsung,Cell Phone,Galaxy S10 4G,AT&T,128GB,MINT,70,35
Smartphones,Samsung,Cell Phone,Galaxy S10 4G,Verizon,512GB,FAULTY,8,2
Smartphones,Samsung,Cell Phone,Galaxy S10 4G,Verizon,512GB,POOR,26,2
Smartphones,Samsung,Cell Phone,Galaxy S10 4G,Verizon,512GB,GOOD,80,50
Smartphones,Samsung,Cell Phone,Galaxy S10 4G,Verizon,512GB,MINT,90,60
Smartphones,Samsung,Cell Phone,Galaxy S10 4G,Verizon,128GB,FAULTY,4,2
Smartphones,Samsung,Cell Phone,Galaxy S10 4G,Verizon,128GB,POOR,18,2
Smartphones,Samsung,Cell Phone,Galaxy S10 4G,Verizon,128GB,GOOD,47,25
Smartphones,Samsung,Cell Phone,Galaxy S10 4G,Verizon,128GB,MINT,55,35
Smartphones,Samsung,Cell Phone,Galaxy S10 Lite,Unlocked,128GB,FAULTY,8,1
Smartphones,Samsung,Cell Phone,Galaxy S20 FE,Unlocked,256GB,FAULTY,14,
Smartphones,Samsung,Cell Phone,Galaxy S20 FE,Unlocked,256GB,POOR,37,
Smartphones,Samsung,Cell Phone,Galaxy S20 FE,Unlocked,256GB,GOOD,58.5,35
Smartphones,Samsung,Cell Phone,Galaxy S20 FE,Unlocked,256GB,MINT,75,45
Smartphones,Samsung,Cell Phone,Galaxy S20 FE,Unlocked,128GB,FAULTY,14,
Smartphones,Samsung,Cell Phone,Galaxy S20 FE,Unlocked,128GB,POOR,27,
Smartphones,Samsung,Cell Phone,Galaxy S20 FE,Unlocked,128GB,GOOD,54,30
Smartphones,Samsung,Cell Phone,Galaxy S20 FE,Unlocked,128GB,MINT,75,40
Smartphones,Samsung,Cell Phone,Galaxy S20 FE,Other,256GB,FAULTY,7,
Smartphones,Samsung,Cell Phone,Galaxy S20 FE,Other,256GB,POOR,15,
Smartphones,Samsung,Cell Phone,Galaxy S20 FE,Other,256GB,GOOD,40.95,
Smartphones,Samsung,Cell Phone,Galaxy S20 FE,Other,256GB,MINT,58,
Smartphones,Samsung,Cell Phone,Galaxy S20 FE,Other,128GB,FAULTY,7,
Smartphones,Samsung,Cell Phone,Galaxy S20 FE,Other,128GB,POOR,15,
Smartphones,Samsung,Cell Phone,Galaxy S20 FE,Other,128GB,GOOD,37.8,5
Smartphones,Samsung,Cell Phone,Galaxy S20 FE,Other,128GB,MINT,58,15
Smartphones,Samsung,Cell Phone,Galaxy S20 FE,T-Mobile,256GB,FAULTY,8,
Smartphones,Samsung,Cell Phone,Galaxy S20 FE,T-Mobile,256GB,POOR,17,
Smartphones,Samsung,Cell Phone,Galaxy S20 FE,T-Mobile,256GB,GOOD,52.65,
Smartphones,Samsung,Cell Phone,Galaxy S20 FE,T-Mobile,256GB,MINT,59,
Smartphones,Samsung,Cell Phone,Galaxy S20 FE,T-Mobile,128GB,FAULTY,8,
Smartphones,Samsung,Cell Phone,Galaxy S20 FE,T-Mobile,128GB,POOR,16,
Smartphones,Samsung,Cell Phone,Galaxy S20 FE,T-Mobile,128GB,GOOD,48.6,15
Smartphones,Samsung,Cell Phone,Galaxy S20 FE,T-Mobile,128GB,MINT,59,25
Smartphones,Samsung,Cell Phone,Galaxy S20 FE,AT&T,256GB,FAULTY,11,
Smartphones,Samsung,Cell Phone,Galaxy S20 FE,AT&T,256GB,POOR,32,
Smartphones,Samsung,Cell Phone,Galaxy S20 FE,AT&T,256GB,GOOD,52.65,
Smartphones,Samsung,Cell Phone,Galaxy S20 FE,AT&T,256GB,MINT,68,
Smartphones,Samsung,Cell Phone,Galaxy S20 FE,AT&T,128GB,FAULTY,11,
Smartphones,Samsung,Cell Phone,Galaxy S20 FE,AT&T,128GB,POOR,22,
Smartphones,Samsung,Cell Phone,Galaxy S20 FE,AT&T,128GB,GOOD,48.6,20
Smartphones,Samsung,Cell Phone,Galaxy S20 FE,AT&T,128GB,MINT,68,30
Smartphones,Samsung,Cell Phone,Galaxy S20 FE,Verizon,256GB,FAULTY,9,
Smartphones,Samsung,Cell Phone,Galaxy S20 FE,Verizon,256GB,POOR,21,
Smartphones,Samsung,Cell Phone,Galaxy S20 FE,Verizon,256GB,GOOD,52.65,
Smartphones,Samsung,Cell Phone,Galaxy S20 FE,Verizon,256GB,MINT,63,
Smartphones,Samsung,Cell Phone,Galaxy S20 FE,Verizon,128GB,FAULTY,9,
Smartphones,Samsung,Cell Phone,Galaxy S20 FE,Verizon,128GB,POOR,21,
Smartphones,Samsung,Cell Phone,Galaxy S20 FE,Verizon,128GB,GOOD,48.6,25
Smartphones,Samsung,Cell Phone,Galaxy S20 FE,Verizon,128GB,MINT,63,35
Smartphones,Samsung,Cell Phone,Galaxy S10 Lite,Unlocked,128GB,POOR,24,1
Smartphones,Samsung,Cell Phone,Galaxy S10 Lite,Unlocked,128GB,GOOD,45,45
Smartphones,Samsung,Cell Phone,Galaxy S10 Lite,Unlocked,128GB,MINT,56,55
Smartphones,Samsung,Cell Phone,Galaxy S10 Lite,Other,128GB,FAULTY,4,
Smartphones,Samsung,Cell Phone,Galaxy S10 Lite,Other,128GB,POOR,12,
Smartphones,Samsung,Cell Phone,Galaxy S10 Lite,Other,128GB,GOOD,20,
Smartphones,Samsung,Cell Phone,Galaxy S10 Lite,Other,128GB,MINT,29,
Smartphones,Samsung,Cell Phone,Galaxy S10 Lite,T-Mobile,128GB,FAULTY,,
Smartphones,Samsung,Cell Phone,Galaxy S10 Lite,T-Mobile,128GB,POOR,,
Smartphones,Samsung,Cell Phone,Galaxy S10 Lite,T-Mobile,128GB,GOOD,,
Smartphones,Samsung,Cell Phone,Galaxy S10 Lite,T-Mobile,128GB,MINT,,
Smartphones,Samsung,Cell Phone,Galaxy S10 Lite,AT&T,128GB,FAULTY,,
Smartphones,Samsung,Cell Phone,Galaxy S10 Lite,AT&T,128GB,POOR,,
Smartphones,Samsung,Cell Phone,Galaxy S10 Lite,AT&T,128GB,GOOD,,
Smartphones,Samsung,Cell Phone,Galaxy S10 Lite,AT&T,128GB,MINT,,
Smartphones,Samsung,Cell Phone,Galaxy S10 Lite,Verizon,128GB,FAULTY,,
Smartphones,Samsung,Cell Phone,Galaxy S10 Lite,Verizon,128GB,POOR,,
Smartphones,Samsung,Cell Phone,Galaxy S10 Lite,Verizon,128GB,GOOD,,
Smartphones,Samsung,Cell Phone,Galaxy S10 Lite,Verizon,128GB,MINT,,
Smartphones,Samsung,Cell Phone,Galaxy S20,Unlocked,128GB,FAULTY,24,5
Smartphones,Samsung,Cell Phone,Galaxy S20+,Unlocked,512GB,FAULTY,28,7
Smartphones,Samsung,Cell Phone,Galaxy S20+,Unlocked,512GB,POOR,86,7
Smartphones,Samsung,Cell Phone,Galaxy S20+,Unlocked,512GB,GOOD,119,70
Smartphones,Samsung,Cell Phone,Galaxy S20+,Unlocked,512GB,MINT,128,90
Smartphones,Samsung,Cell Phone,Galaxy S20+,Unlocked,128GB,FAULTY,28,7
Smartphones,Samsung,Cell Phone,Galaxy S20+,Unlocked,128GB,POOR,86,7
Smartphones,Samsung,Cell Phone,Galaxy S20+,Unlocked,128GB,GOOD,119,70
Smartphones,Samsung,Cell Phone,Galaxy S20+,Unlocked,128GB,MINT,128,85
Smartphones,Samsung,Cell Phone,Galaxy S20+,Other,512GB,FAULTY,14,7
Smartphones,Samsung,Cell Phone,Galaxy S20+,Other,512GB,POOR,46,7
Smartphones,Samsung,Cell Phone,Galaxy S20+,Other,512GB,GOOD,80,55
Smartphones,Samsung,Cell Phone,Galaxy S20+,Other,512GB,MINT,91,70
Smartphones,Samsung,Cell Phone,Galaxy S20+,Other,128GB,FAULTY,14,2
Smartphones,Samsung,Cell Phone,Galaxy S20+,Other,128GB,POOR,33,2
Smartphones,Samsung,Cell Phone,Galaxy S20+,Other,128GB,GOOD,56.7,35
Smartphones,Samsung,Cell Phone,Galaxy S20+,Other,128GB,MINT,76,50
Smartphones,Samsung,Cell Phone,Galaxy S20+,T-Mobile,512GB,FAULTY,26,7
Smartphones,Samsung,Cell Phone,Galaxy S20+,T-Mobile,512GB,POOR,53,7
Smartphones,Samsung,Cell Phone,Galaxy S20+,T-Mobile,512GB,GOOD,99.2,65
Smartphones,Samsung,Cell Phone,Galaxy S20+,T-Mobile,512GB,MINT,111,80
Smartphones,Samsung,Cell Phone,Galaxy S20+,T-Mobile,128GB,FAULTY,20,7
Smartphones,Samsung,Cell Phone,Galaxy S20+,T-Mobile,128GB,POOR,37,7
Smartphones,Samsung,Cell Phone,Galaxy S20+,T-Mobile,128GB,GOOD,74.9,50
Smartphones,Samsung,Cell Phone,Galaxy S20+,T-Mobile,128GB,MINT,93,65
Smartphones,Samsung,Cell Phone,Galaxy S20+,AT&T,512GB,FAULTY,28,7
Smartphones,Samsung,Cell Phone,Galaxy S20+,AT&T,512GB,POOR,58,7
Smartphones,Samsung,Cell Phone,Galaxy S20+,AT&T,512GB,GOOD,102,70
Smartphones,Samsung,Cell Phone,Galaxy S20+,AT&T,512GB,MINT,113,85
Smartphones,Samsung,Cell Phone,Galaxy S20+,AT&T,128GB,FAULTY,26,7
Smartphones,Samsung,Cell Phone,Galaxy S20+,AT&T,128GB,POOR,47,7
Smartphones,Samsung,Cell Phone,Galaxy S20+,AT&T,128GB,GOOD,92,65
Smartphones,Samsung,Cell Phone,Galaxy S20+,AT&T,128GB,MINT,108,80
Smartphones,Samsung,Cell Phone,Galaxy S20+,Verizon,512GB,FAULTY,21,7
Smartphones,Samsung,Cell Phone,Galaxy S20+,Verizon,512GB,POOR,56,7
Smartphones,Samsung,Cell Phone,Galaxy S20+,Verizon,512GB,GOOD,102,70
Smartphones,Samsung,Cell Phone,Galaxy S20+,Verizon,512GB,MINT,113,85
Smartphones,Samsung,Cell Phone,Galaxy S20+,Verizon,128GB,FAULTY,20,7
Smartphones,Samsung,Cell Phone,Galaxy S20+,Verizon,128GB,POOR,36,7
Smartphones,Samsung,Cell Phone,Galaxy S20+,Verizon,128GB,GOOD,78,65
Smartphones,Samsung,Cell Phone,Galaxy S20+,Verizon,128GB,MINT,92,80
Smartphones,Samsung,Cell Phone,Galaxy S20,Unlocked,128GB,POOR,55,5
Smartphones,Samsung,Cell Phone,Galaxy S20,Unlocked,128GB,GOOD,75,60
Smartphones,Samsung,Cell Phone,Galaxy S20,Unlocked,128GB,MINT,101,70
Smartphones,Samsung,Cell Phone,Galaxy S20,Other,128GB,FAULTY,12,2
Smartphones,Samsung,Cell Phone,Galaxy S20,Other,128GB,POOR,26,2
Smartphones,Samsung,Cell Phone,Galaxy S20,Other,128GB,GOOD,50.4,30
Smartphones,Samsung,Cell Phone,Galaxy S20,Other,128GB,MINT,71,45
Smartphones,Samsung,Cell Phone,Galaxy S20,T-Mobile,128GB,FAULTY,18,5
Smartphones,Samsung,Cell Phone,Galaxy S20,T-Mobile,128GB,POOR,46,5
Smartphones,Samsung,Cell Phone,Galaxy S20,T-Mobile,128GB,GOOD,65,45
Smartphones,Samsung,Cell Phone,Galaxy S20,T-Mobile,128GB,MINT,86,60
Smartphones,Samsung,Cell Phone,Galaxy S20,AT&T,128GB,FAULTY,22,5
Smartphones,Samsung,Cell Phone,Galaxy S20,AT&T,128GB,POOR,46,5
Smartphones,Samsung,Cell Phone,Galaxy S20,AT&T,128GB,GOOD,67.8,55
Smartphones,Samsung,Cell Phone,Galaxy S20,AT&T,128GB,MINT,96,65
Smartphones,Samsung,Cell Phone,Galaxy S20,Verizon,128GB,FAULTY,17,5
Smartphones,Samsung,Cell Phone,Galaxy S20,Verizon,128GB,POOR,36,5
Smartphones,Samsung,Cell Phone,Galaxy S20,Verizon,128GB,GOOD,67,55
Smartphones,Samsung,Cell Phone,Galaxy S20,Verizon,128GB,MINT,82,65
Smartphones,Samsung,Cell Phone,Galaxy S20 Ultra,Unlocked,512GB,FAULTY,42,17
Smartphones,Samsung,Cell Phone,Galaxy S21,Unlocked,256GB,FAULTY,23,15
Smartphones,Samsung,Cell Phone,Galaxy S21,Unlocked,256GB,POOR,51,15
Smartphones,Samsung,Cell Phone,Galaxy S21,Unlocked,256GB,GOOD,93,50
Smartphones,Samsung,Cell Phone,Galaxy S21,Unlocked,256GB,MINT,103,65
Smartphones,Samsung,Cell Phone,Galaxy S21,Unlocked,128GB,FAULTY,20,10
Smartphones,Samsung,Cell Phone,Galaxy S21,Unlocked,128GB,POOR,46,10
Smartphones,Samsung,Cell Phone,Galaxy S21,Unlocked,128GB,GOOD,63,35
Smartphones,Samsung,Cell Phone,Galaxy S21,Unlocked,128GB,MINT,98,50
Smartphones,Samsung,Cell Phone,Galaxy S21,Other,256GB,FAULTY,15,5
Smartphones,Samsung,Cell Phone,Galaxy S21,Other,256GB,POOR,27,5
Smartphones,Samsung,Cell Phone,Galaxy S21,Other,256GB,GOOD,42,25
Smartphones,Samsung,Cell Phone,Galaxy S21,Other,256GB,MINT,66,40
Smartphones,Samsung,Cell Phone,Galaxy S21,Other,128GB,FAULTY,11,5
Smartphones,Samsung,Cell Phone,Galaxy S21,Other,128GB,POOR,24,5
Smartphones,Samsung,Cell Phone,Galaxy S21,Other,128GB,GOOD,34,15
Smartphones,Samsung,Cell Phone,Galaxy S21,Other,128GB,MINT,58,30
Smartphones,Samsung,Cell Phone,Galaxy S21,T-Mobile,256GB,FAULTY,20,10
Smartphones,Samsung,Cell Phone,Galaxy S21,T-Mobile,256GB,POOR,35,10
Smartphones,Samsung,Cell Phone,Galaxy S21,T-Mobile,256GB,GOOD,59,25
Smartphones,Samsung,Cell Phone,Galaxy S21,T-Mobile,256GB,MINT,80,40
Smartphones,Samsung,Cell Phone,Galaxy S21,T-Mobile,128GB,FAULTY,16,5
Smartphones,Samsung,Cell Phone,Galaxy S21,T-Mobile,128GB,POOR,30,5
Smartphones,Samsung,Cell Phone,Galaxy S21,T-Mobile,128GB,GOOD,51,15
Smartphones,Samsung,Cell Phone,Galaxy S21,T-Mobile,128GB,MINT,67,30
Smartphones,Samsung,Cell Phone,Galaxy S21,AT&T,256GB,FAULTY,21,10
Smartphones,Samsung,Cell Phone,Galaxy S21,AT&T,256GB,POOR,41,10
Smartphones,Samsung,Cell Phone,Galaxy S21,AT&T,256GB,GOOD,68,45
Smartphones,Samsung,Cell Phone,Galaxy S21,AT&T,256GB,MINT,91,60
Smartphones,Samsung,Cell Phone,Galaxy S21,AT&T,128GB,FAULTY,16,10
Smartphones,Samsung,Cell Phone,Galaxy S21,AT&T,128GB,POOR,36,10
Smartphones,Samsung,Cell Phone,Galaxy S21,AT&T,128GB,GOOD,53,20
Smartphones,Samsung,Cell Phone,Galaxy S21,AT&T,128GB,MINT,69,45
Smartphones,Samsung,Cell Phone,Galaxy S21,Verizon,256GB,FAULTY,20,15
Smartphones,Samsung,Cell Phone,Galaxy S21,Verizon,256GB,POOR,39,15
Smartphones,Samsung,Cell Phone,Galaxy S21,Verizon,256GB,GOOD,72,50
Smartphones,Samsung,Cell Phone,Galaxy S21,Verizon,256GB,MINT,91,65
Smartphones,Samsung,Cell Phone,Galaxy S21,Verizon,128GB,FAULTY,16,10
Smartphones,Samsung,Cell Phone,Galaxy S21,Verizon,128GB,POOR,35,10
Smartphones,Samsung,Cell Phone,Galaxy S21,Verizon,128GB,GOOD,55,35
Smartphones,Samsung,Cell Phone,Galaxy S21,Verizon,128GB,MINT,72,50
Smartphones,Samsung,Cell Phone,Galaxy S20 Ultra,Unlocked,512GB,POOR,101,17
Smartphones,Samsung,Cell Phone,Galaxy S20 Ultra,Unlocked,512GB,GOOD,150,100
Smartphones,Samsung,Cell Phone,Galaxy S20 Ultra,Unlocked,512GB,MINT,166,120
Smartphones,Samsung,Cell Phone,Galaxy S20 Ultra,Unlocked,256GB,FAULTY,27,
Smartphones,Samsung,Cell Phone,Galaxy S20 Ultra,Unlocked,256GB,POOR,90,
Smartphones,Samsung,Cell Phone,Galaxy S20 Ultra,Unlocked,256GB,GOOD,130,
Smartphones,Samsung,Cell Phone,Galaxy S20 Ultra,Unlocked,256GB,MINT,150,
Smartphones,Samsung,Cell Phone,Galaxy S20 Ultra,Unlocked,128GB,FAULTY,34,15
Smartphones,Samsung,Cell Phone,Galaxy S20 Ultra,Unlocked,128GB,POOR,81,15
Smartphones,Samsung,Cell Phone,Galaxy S20 Ultra,Unlocked,128GB,GOOD,128,90
Smartphones,Samsung,Cell Phone,Galaxy S20 Ultra,Unlocked,128GB,MINT,141,115
Smartphones,Samsung,Cell Phone,Galaxy S20 Ultra,Other,512GB,FAULTY,21,10
Smartphones,Samsung,Cell Phone,Galaxy S20 Ultra,Other,512GB,POOR,61,10
Smartphones,Samsung,Cell Phone,Galaxy S20 Ultra,Other,512GB,GOOD,100,75
Smartphones,Samsung,Cell Phone,Galaxy S20 Ultra,Other,512GB,MINT,121,90
Smartphones,Samsung,Cell Phone,Galaxy S20 Ultra,Other,256GB,FAULTY,11,
Smartphones,Samsung,Cell Phone,Galaxy S20 Ultra,Other,256GB,POOR,50,
Smartphones,Samsung,Cell Phone,Galaxy S20 Ultra,Other,256GB,GOOD,90,
Smartphones,Samsung,Cell Phone,Galaxy S20 Ultra,Other,256GB,MINT,110,
Smartphones,Samsung,Cell Phone,Galaxy S20 Ultra,Other,128GB,FAULTY,17,15
Smartphones,Samsung,Cell Phone,Galaxy S20 Ultra,Other,128GB,POOR,45,15
Smartphones,Samsung,Cell Phone,Galaxy S20 Ultra,Other,128GB,GOOD,80,70
Smartphones,Samsung,Cell Phone,Galaxy S20 Ultra,Other,128GB,MINT,101,85
Smartphones,Samsung,Cell Phone,Galaxy S20 Ultra,T-Mobile,512GB,FAULTY,34,10
Smartphones,Samsung,Cell Phone,Galaxy S20 Ultra,T-Mobile,512GB,POOR,81,10
Smartphones,Samsung,Cell Phone,Galaxy S20 Ultra,T-Mobile,512GB,GOOD,121.5,85
Smartphones,Samsung,Cell Phone,Galaxy S20 Ultra,T-Mobile,512GB,MINT,141,100
Smartphones,Samsung,Cell Phone,Galaxy S20 Ultra,T-Mobile,256GB,FAULTY,17,
Smartphones,Samsung,Cell Phone,Galaxy S20 Ultra,T-Mobile,256GB,POOR,70,
Smartphones,Samsung,Cell Phone,Galaxy S20 Ultra,T-Mobile,256GB,GOOD,110,
Smartphones,Samsung,Cell Phone,Galaxy S20 Ultra,T-Mobile,256GB,MINT,130,
Smartphones,Samsung,Cell Phone,Galaxy S20 Ultra,T-Mobile,128GB,FAULTY,26,10
Smartphones,Samsung,Cell Phone,Galaxy S20 Ultra,T-Mobile,128GB,POOR,61,10
Smartphones,Samsung,Cell Phone,Galaxy S20 Ultra,T-Mobile,128GB,GOOD,100,75
Smartphones,Samsung,Cell Phone,Galaxy S20 Ultra,T-Mobile,128GB,MINT,121,90
Smartphones,Samsung,Cell Phone,Galaxy S20 Ultra,AT&T,512GB,FAULTY,36,10
Smartphones,Samsung,Cell Phone,Galaxy S20 Ultra,AT&T,512GB,POOR,86,10
Smartphones,Samsung,Cell Phone,Galaxy S20 Ultra,AT&T,512GB,GOOD,130,95
Smartphones,Samsung,Cell Phone,Galaxy S20 Ultra,AT&T,512GB,MINT,146,110
Smartphones,Samsung,Cell Phone,Galaxy S20 Ultra,AT&T,256GB,FAULTY,22,
Smartphones,Samsung,Cell Phone,Galaxy S20 Ultra,AT&T,256GB,POOR,75,
Smartphones,Samsung,Cell Phone,Galaxy S20 Ultra,AT&T,256GB,GOOD,115,
Smartphones,Samsung,Cell Phone,Galaxy S20 Ultra,AT&T,256GB,MINT,135,
Smartphones,Samsung,Cell Phone,Galaxy S20 Ultra,AT&T,128GB,FAULTY,28,10
Smartphones,Samsung,Cell Phone,Galaxy S20 Ultra,AT&T,128GB,POOR,66,10
Smartphones,Samsung,Cell Phone,Galaxy S20 Ultra,AT&T,128GB,GOOD,110,90
Smartphones,Samsung,Cell Phone,Galaxy S20 Ultra,AT&T,128GB,MINT,126,105
Smartphones,Samsung,Cell Phone,Galaxy S20 Ultra,Verizon,512GB,FAULTY,20,10
Smartphones,Samsung,Cell Phone,Galaxy S20 Ultra,Verizon,512GB,POOR,59,10
Smartphones,Samsung,Cell Phone,Galaxy S20 Ultra,Verizon,512GB,GOOD,130,95
Smartphones,Samsung,Cell Phone,Galaxy S20 Ultra,Verizon,512GB,MINT,141,110
Smartphones,Samsung,Cell Phone,Galaxy S20 Ultra,Verizon,256GB,FAULTY,7,
Smartphones,Samsung,Cell Phone,Galaxy S20 Ultra,Verizon,256GB,POOR,35,
Smartphones,Samsung,Cell Phone,Galaxy S20 Ultra,Verizon,256GB,GOOD,75,
Smartphones,Samsung,Cell Phone,Galaxy S20 Ultra,Verizon,256GB,MINT,95,
Smartphones,Samsung,Cell Phone,Galaxy S20 Ultra,Verizon,128GB,FAULTY,15,10
Smartphones,Samsung,Cell Phone,Galaxy S20 Ultra,Verizon,128GB,POOR,41,10
Smartphones,Samsung,Cell Phone,Galaxy S20 Ultra,Verizon,128GB,GOOD,110,90
Smartphones,Samsung,Cell Phone,Galaxy S20 Ultra,Verizon,128GB,MINT,121,105
Smartphones,Samsung,Cell Phone,Galaxy S21+,Unlocked,256GB,FAULTY,29,15
Smartphones,Samsung,Cell Phone,Galaxy S21 Ultra,Unlocked,512GB,FAULTY,44,30
Smartphones,Samsung,Cell Phone,Galaxy S21 Ultra,Unlocked,512GB,POOR,86,30
Smartphones,Samsung,Cell Phone,Galaxy S21 Ultra,Unlocked,512GB,GOOD,133,110
Smartphones,Samsung,Cell Phone,Galaxy S21 Ultra,Unlocked,512GB,MINT,163,130
Smartphones,Samsung,Cell Phone,Galaxy S21 Ultra,Unlocked,256GB,FAULTY,38,25
Smartphones,Samsung,Cell Phone,Galaxy S21 Ultra,Unlocked,256GB,POOR,81,25
Smartphones,Samsung,Cell Phone,Galaxy S21 Ultra,Unlocked,256GB,GOOD,116,95
Smartphones,Samsung,Cell Phone,Galaxy S21 Ultra,Unlocked,256GB,MINT,141,115
Smartphones,Samsung,Cell Phone,Galaxy S21 Ultra,Unlocked,128GB,FAULTY,32,10
Smartphones,Samsung,Cell Phone,Galaxy S21 Ultra,Unlocked,128GB,POOR,71,10
Smartphones,Samsung,Cell Phone,Galaxy S21 Ultra,Unlocked,128GB,GOOD,103,80
Smartphones,Samsung,Cell Phone,Galaxy S21 Ultra,Unlocked,128GB,MINT,131,90
Smartphones,Samsung,Cell Phone,Galaxy S21 Ultra,Other,512GB,FAULTY,22,5
Smartphones,Samsung,Cell Phone,Galaxy S21 Ultra,Other,512GB,POOR,38,5
Smartphones,Samsung,Cell Phone,Galaxy S21 Ultra,Other,512GB,GOOD,80,75
Smartphones,Samsung,Cell Phone,Galaxy S21 Ultra,Other,512GB,MINT,101,95
Smartphones,Samsung,Cell Phone,Galaxy S21 Ultra,Other,256GB,FAULTY,19,5
Smartphones,Samsung,Cell Phone,Galaxy S21 Ultra,Other,256GB,POOR,37,5
Smartphones,Samsung,Cell Phone,Galaxy S21 Ultra,Other,256GB,GOOD,73,65
Smartphones,Samsung,Cell Phone,Galaxy S21 Ultra,Other,256GB,MINT,91,85
Smartphones,Samsung,Cell Phone,Galaxy S21 Ultra,Other,128GB,FAULTY,16,5
Smartphones,Samsung,Cell Phone,Galaxy S21 Ultra,Other,128GB,POOR,34,5
Smartphones,Samsung,Cell Phone,Galaxy S21 Ultra,Other,128GB,GOOD,63,50
Smartphones,Samsung,Cell Phone,Galaxy S21 Ultra,Other,128GB,MINT,81,70
Smartphones,Samsung,Cell Phone,Galaxy S21 Ultra,T-Mobile,512GB,FAULTY,32,15
Smartphones,Samsung,Cell Phone,Galaxy S21 Ultra,T-Mobile,512GB,POOR,62,15
Smartphones,Samsung,Cell Phone,Galaxy S21 Ultra,T-Mobile,512GB,GOOD,103,80
Smartphones,Samsung,Cell Phone,Galaxy S21 Ultra,T-Mobile,512GB,MINT,131,100
Smartphones,Samsung,Cell Phone,Galaxy S21 Ultra,T-Mobile,256GB,FAULTY,32,10
Smartphones,Samsung,Cell Phone,Galaxy S21 Ultra,T-Mobile,256GB,POOR,67,10
Smartphones,Samsung,Cell Phone,Galaxy S21 Ultra,T-Mobile,256GB,GOOD,91,80
Smartphones,Samsung,Cell Phone,Galaxy S21 Ultra,T-Mobile,256GB,MINT,123,100
Smartphones,Samsung,Cell Phone,Galaxy S21 Ultra,T-Mobile,128GB,FAULTY,24,10
Smartphones,Samsung,Cell Phone,Galaxy S21 Ultra,T-Mobile,128GB,POOR,47,10
Smartphones,Samsung,Cell Phone,Galaxy S21 Ultra,T-Mobile,128GB,GOOD,71,60
Smartphones,Samsung,Cell Phone,Galaxy S21 Ultra,T-Mobile,128GB,MINT,103,80
Smartphones,Samsung,Cell Phone,Galaxy S21 Ultra,AT&T,512GB,FAULTY,40,25
Smartphones,Samsung,Cell Phone,Galaxy S21 Ultra,AT&T,512GB,POOR,86,25
Smartphones,Samsung,Cell Phone,Galaxy S21 Ultra,AT&T,512GB,GOOD,123,100
Smartphones,Samsung,Cell Phone,Galaxy S21 Ultra,AT&T,512GB,MINT,147,120
Smartphones,Samsung,Cell Phone,Galaxy S21 Ultra,AT&T,256GB,FAULTY,36,20
Smartphones,Samsung,Cell Phone,Galaxy S21 Ultra,AT&T,256GB,POOR,81,20
Smartphones,Samsung,Cell Phone,Galaxy S21 Ultra,AT&T,256GB,GOOD,111,90
Smartphones,Samsung,Cell Phone,Galaxy S21 Ultra,AT&T,256GB,MINT,135,110
Smartphones,Samsung,Cell Phone,Galaxy S21 Ultra,AT&T,128GB,FAULTY,34,15
Smartphones,Samsung,Cell Phone,Galaxy S21 Ultra,AT&T,128GB,POOR,71,15
Smartphones,Samsung,Cell Phone,Galaxy S21 Ultra,AT&T,128GB,GOOD,107,85
Smartphones,Samsung,Cell Phone,Galaxy S21 Ultra,AT&T,128GB,MINT,128,105
Smartphones,Samsung,Cell Phone,Galaxy S21 Ultra,Verizon,512GB,FAULTY,30,30
Smartphones,Samsung,Cell Phone,Galaxy S21 Ultra,Verizon,512GB,POOR,78,30
Smartphones,Samsung,Cell Phone,Galaxy S21 Ultra,Verizon,512GB,GOOD,137,100
Smartphones,Samsung,Cell Phone,Galaxy S21 Ultra,Verizon,512GB,MINT,144,120
Smartphones,Samsung,Cell Phone,Galaxy S21 Ultra,Verizon,256GB,FAULTY,27,25
Smartphones,Samsung,Cell Phone,Galaxy S21 Ultra,Verizon,256GB,POOR,73,25
Smartphones,Samsung,Cell Phone,Galaxy S21 Ultra,Verizon,256GB,GOOD,111,90
Smartphones,Samsung,Cell Phone,Galaxy S21 Ultra,Verizon,256GB,MINT,129,110
Smartphones,Samsung,Cell Phone,Galaxy S21 Ultra,Verizon,128GB,FAULTY,25,25
Smartphones,Samsung,Cell Phone,Galaxy S21 Ultra,Verizon,128GB,POOR,59,25
Smartphones,Samsung,Cell Phone,Galaxy S21 Ultra,Verizon,128GB,GOOD,97,80
Smartphones,Samsung,Cell Phone,Galaxy S21 Ultra,Verizon,128GB,MINT,116,100
Smartphones,Samsung,Cell Phone,Galaxy S21+,Unlocked,256GB,POOR,65,15
Smartphones,Samsung,Cell Phone,Galaxy S21+,Unlocked,256GB,GOOD,96,65
Smartphones,Samsung,Cell Phone,Galaxy S21+,Unlocked,256GB,MINT,124,80
Smartphones,Samsung,Cell Phone,Galaxy S21+,Unlocked,128GB,FAULTY,27,10
Smartphones,Samsung,Cell Phone,Galaxy S21+,Unlocked,128GB,POOR,55,10
Smartphones,Samsung,Cell Phone,Galaxy S21+,Unlocked,128GB,GOOD,84,55
Smartphones,Samsung,Cell Phone,Galaxy S21+,Unlocked,128GB,MINT,99,70
Smartphones,Samsung,Cell Phone,Galaxy S21+,Other,256GB,FAULTY,13,
Smartphones,Samsung,Cell Phone,Galaxy S21+,Other,256GB,POOR,31,
Smartphones,Samsung,Cell Phone,Galaxy S21+,Other,256GB,GOOD,50,25
Smartphones,Samsung,Cell Phone,Galaxy S21+,Other,256GB,MINT,73,40
Smartphones,Samsung,Cell Phone,Galaxy S21+,Other,128GB,FAULTY,11,5
Smartphones,Samsung,Cell Phone,Galaxy S21+,Other,128GB,POOR,26,5
Smartphones,Samsung,Cell Phone,Galaxy S21+,Other,128GB,GOOD,41,15
Smartphones,Samsung,Cell Phone,Galaxy S21+,Other,128GB,MINT,68,30
Smartphones,Samsung,Cell Phone,Galaxy S21+,T-Mobile,256GB,FAULTY,21,10
Smartphones,Samsung,Cell Phone,Galaxy S21+,T-Mobile,256GB,POOR,50,10
Smartphones,Samsung,Cell Phone,Galaxy S21+,T-Mobile,256GB,GOOD,74,45
Smartphones,Samsung,Cell Phone,Galaxy S21+,T-Mobile,256GB,MINT,99,60
Smartphones,Samsung,Cell Phone,Galaxy S21+,T-Mobile,128GB,FAULTY,17,5
Smartphones,Samsung,Cell Phone,Galaxy S21+,T-Mobile,128GB,POOR,40,5
Smartphones,Samsung,Cell Phone,Galaxy S21+,T-Mobile,128GB,GOOD,60,30
Smartphones,Samsung,Cell Phone,Galaxy S21+,T-Mobile,128GB,MINT,78,45
Smartphones,Samsung,Cell Phone,Galaxy S21+,AT&T,256GB,FAULTY,25,10
Smartphones,Samsung,Cell Phone,Galaxy S21+,AT&T,256GB,POOR,50,10
Smartphones,Samsung,Cell Phone,Galaxy S21+,AT&T,256GB,GOOD,92,55
Smartphones,Samsung,Cell Phone,Galaxy S21+,AT&T,256GB,MINT,108,70
Smartphones,Samsung,Cell Phone,Galaxy S21+,AT&T,128GB,FAULTY,22,10
Smartphones,Samsung,Cell Phone,Galaxy S21+,AT&T,128GB,POOR,40,10
Smartphones,Samsung,Cell Phone,Galaxy S21+,AT&T,128GB,GOOD,80,35
Smartphones,Samsung,Cell Phone,Galaxy S21+,AT&T,128GB,MINT,90,50
Smartphones,Samsung,Cell Phone,Galaxy S21+,Verizon,256GB,FAULTY,21,15
Smartphones,Samsung,Cell Phone,Galaxy S21+,Verizon,256GB,POOR,41,15
Smartphones,Samsung,Cell Phone,Galaxy S21+,Verizon,256GB,GOOD,72,60
Smartphones,Samsung,Cell Phone,Galaxy S21+,Verizon,256GB,MINT,99,75
Smartphones,Samsung,Cell Phone,Galaxy S21+,Verizon,128GB,FAULTY,17,10
Smartphones,Samsung,Cell Phone,Galaxy S21+,Verizon,128GB,POOR,33,10
Smartphones,Samsung,Cell Phone,Galaxy S21+,Verizon,128GB,GOOD,59,40
Smartphones,Samsung,Cell Phone,Galaxy S21+,Verizon,128GB,MINT,78,55
Smartphones,Samsung,Cell Phone,Galaxy S21 FE,Unlocked,256GB,FAULTY,21,
Smartphones,Samsung,Cell Phone,Galaxy S22,Unlocked,256GB,FAULTY,35,12
Smartphones,Samsung,Cell Phone,Galaxy S22,Unlocked,256GB,POOR,67,12
Smartphones,Samsung,Cell Phone,Galaxy S22,Unlocked,256GB,GOOD,102,80
Smartphones,Samsung,Cell Phone,Galaxy S22,Unlocked,256GB,MINT,123,95
Smartphones,Samsung,Cell Phone,Galaxy S22,Unlocked,128GB,FAULTY,33,10
Smartphones,Samsung,Cell Phone,Galaxy S22,Unlocked,128GB,POOR,59,10
Smartphones,Samsung,Cell Phone,Galaxy S22,Unlocked,128GB,GOOD,87,75
Smartphones,Samsung,Cell Phone,Galaxy S22,Unlocked,128GB,MINT,118,90
Smartphones,Samsung,Cell Phone,Galaxy S22,Other,256GB,FAULTY,16,10
Smartphones,Samsung,Cell Phone,Galaxy S22,Other,256GB,POOR,36,10
Smartphones,Samsung,Cell Phone,Galaxy S22,Other,256GB,GOOD,69.3,45
Smartphones,Samsung,Cell Phone,Galaxy S22,Other,256GB,MINT,81,60
Smartphones,Samsung,Cell Phone,Galaxy S22,Other,128GB,FAULTY,15,5
Smartphones,Samsung,Cell Phone,Galaxy S22,Other,128GB,POOR,36,5
Smartphones,Samsung,Cell Phone,Galaxy S22,Other,128GB,GOOD,53.55,40
Smartphones,Samsung,Cell Phone,Galaxy S22,Other,128GB,MINT,78,55
Smartphones,Samsung,Cell Phone,Galaxy S22,T-Mobile,256GB,FAULTY,27,10
Smartphones,Samsung,Cell Phone,Galaxy S22,T-Mobile,256GB,POOR,49,10
Smartphones,Samsung,Cell Phone,Galaxy S22,T-Mobile,256GB,GOOD,91.1,60
Smartphones,Samsung,Cell Phone,Galaxy S22,T-Mobile,256GB,MINT,103,75
Smartphones,Samsung,Cell Phone,Galaxy S22,T-Mobile,128GB,FAULTY,25,10
Smartphones,Samsung,Cell Phone,Galaxy S22,T-Mobile,128GB,POOR,48,10
Smartphones,Samsung,Cell Phone,Galaxy S22,T-Mobile,128GB,GOOD,72,55
Smartphones,Samsung,Cell Phone,Galaxy S22,T-Mobile,128GB,MINT,98,70
Smartphones,Samsung,Cell Phone,Galaxy S22,AT&T,256GB,FAULTY,32,12
Smartphones,Samsung,Cell Phone,Galaxy S22,AT&T,256GB,POOR,53,12
Smartphones,Samsung,Cell Phone,Galaxy S22,AT&T,256GB,GOOD,91.1,70
Smartphones,Samsung,Cell Phone,Galaxy S22,AT&T,256GB,MINT,113,85
Smartphones,Samsung,Cell Phone,Galaxy S22,AT&T,128GB,FAULTY,29,10
Smartphones,Samsung,Cell Phone,Galaxy S22,AT&T,128GB,POOR,52,10
Smartphones,Samsung,Cell Phone,Galaxy S22,AT&T,128GB,GOOD,76,65
Smartphones,Samsung,Cell Phone,Galaxy S22,AT&T,128GB,MINT,108,80
Smartphones,Samsung,Cell Phone,Galaxy S22,Verizon,256GB,FAULTY,24,12
Smartphones,Samsung,Cell Phone,Galaxy S22,Verizon,256GB,POOR,56,12
Smartphones,Samsung,Cell Phone,Galaxy S22,Verizon,256GB,GOOD,91.1,70
Smartphones,Samsung,Cell Phone,Galaxy S22,Verizon,256GB,MINT,102,85
Smartphones,Samsung,Cell Phone,Galaxy S22,Verizon,128GB,FAULTY,23,10
Smartphones,Samsung,Cell Phone,Galaxy S22,Verizon,128GB,POOR,53,10
Smartphones,Samsung,Cell Phone,Galaxy S22,Verizon,128GB,GOOD,72,65
Smartphones,Samsung,Cell Phone,Galaxy S22,Verizon,128GB,MINT,96,75
Smartphones,Samsung,Cell Phone,Galaxy S21 FE,Unlocked,256GB,POOR,48,
Smartphones,Samsung,Cell Phone,Galaxy S21 FE,Unlocked,256GB,GOOD,74,30
Smartphones,Samsung,Cell Phone,Galaxy S21 FE,Unlocked,256GB,MINT,86,45
Smartphones,Samsung,Cell Phone,Galaxy S21 FE,Unlocked,128GB,FAULTY,16,
Smartphones,Samsung,Cell Phone,Galaxy S21 FE,Unlocked,128GB,POOR,38,
Smartphones,Samsung,Cell Phone,Galaxy S21 FE,Unlocked,128GB,GOOD,60,25
Smartphones,Samsung,Cell Phone,Galaxy S21 FE,Unlocked,128GB,MINT,68,40
Smartphones,Samsung,Cell Phone,Galaxy S21 FE,Other,256GB,FAULTY,11,
Smartphones,Samsung,Cell Phone,Galaxy S21 FE,Other,256GB,POOR,26,
Smartphones,Samsung,Cell Phone,Galaxy S21 FE,Other,256GB,GOOD,30,10
Smartphones,Samsung,Cell Phone,Galaxy S21 FE,Other,256GB,MINT,56,20
Smartphones,Samsung,Cell Phone,Galaxy S21 FE,Other,128GB,FAULTY,6,
Smartphones,Samsung,Cell Phone,Galaxy S21 FE,Other,128GB,POOR,16,
Smartphones,Samsung,Cell Phone,Galaxy S21 FE,Other,128GB,GOOD,22.5,5
Smartphones,Samsung,Cell Phone,Galaxy S21 FE,Other,128GB,MINT,53,15
Smartphones,Samsung,Cell Phone,Galaxy S21 FE,T-Mobile,256GB,FAULTY,16,
Smartphones,Samsung,Cell Phone,Galaxy S21 FE,T-Mobile,256GB,POOR,35,
Smartphones,Samsung,Cell Phone,Galaxy S21 FE,T-Mobile,256GB,GOOD,49,20
Smartphones,Samsung,Cell Phone,Galaxy S21 FE,T-Mobile,256GB,MINT,67,30
Smartphones,Samsung,Cell Phone,Galaxy S21 FE,T-Mobile,128GB,FAULTY,13,
Smartphones,Samsung,Cell Phone,Galaxy S21 FE,T-Mobile,128GB,POOR,28,
Smartphones,Samsung,Cell Phone,Galaxy S21 FE,T-Mobile,128GB,GOOD,41,15
Smartphones,Samsung,Cell Phone,Galaxy S21 FE,T-Mobile,128GB,MINT,58,25
Smartphones,Samsung,Cell Phone,Galaxy S21 FE,AT&T,256GB,FAULTY,21,
Smartphones,Samsung,Cell Phone,Galaxy S21 FE,AT&T,256GB,POOR,38,
Smartphones,Samsung,Cell Phone,Galaxy S21 FE,AT&T,256GB,GOOD,52,20
Smartphones,Samsung,Cell Phone,Galaxy S21 FE,AT&T,256GB,MINT,67,35
Smartphones,Samsung,Cell Phone,Galaxy S21 FE,AT&T,128GB,FAULTY,16,
Smartphones,Samsung,Cell Phone,Galaxy S21 FE,AT&T,128GB,POOR,28,
Smartphones,Samsung,Cell Phone,Galaxy S21 FE,AT&T,128GB,GOOD,41,20
Smartphones,Samsung,Cell Phone,Galaxy S21 FE,AT&T,128GB,MINT,63,35
Smartphones,Samsung,Cell Phone,Galaxy S21 FE,Verizon,256GB,FAULTY,21,
Smartphones,Samsung,Cell Phone,Galaxy S21 FE,Verizon,256GB,POOR,34,
Smartphones,Samsung,Cell Phone,Galaxy S21 FE,Verizon,256GB,GOOD,54,20
Smartphones,Samsung,Cell Phone,Galaxy S21 FE,Verizon,256GB,MINT,67,35
Smartphones,Samsung,Cell Phone,Galaxy S21 FE,Verizon,128GB,FAULTY,16,
Smartphones,Samsung,Cell Phone,Galaxy S21 FE,Verizon,128GB,POOR,28,
Smartphones,Samsung,Cell Phone,Galaxy S21 FE,Verizon,128GB,GOOD,41,20
Smartphones,Samsung,Cell Phone,Galaxy S21 FE,Verizon,128GB,MINT,58,35
Smartphones,Samsung,Cell Phone,Galaxy S22+,Unlocked,256GB,FAULTY,45,15
Smartphones,Samsung,Cell Phone,Galaxy S22 Ultra,Unlocked,1TB,FAULTY,57,35
Smartphones,Samsung,Cell Phone,Galaxy S22 Ultra,Unlocked,1TB,POOR,125,35
Smartphones,Samsung,Cell Phone,Galaxy S22 Ultra,Unlocked,1TB,GOOD,230,160
Smartphones,Samsung,Cell Phone,Galaxy S22 Ultra,Unlocked,1TB,MINT,251,180
Smartphones,Samsung,Cell Phone,Galaxy S22 Ultra,Unlocked,512GB,FAULTY,51,35
Smartphones,Samsung,Cell Phone,Galaxy S22 Ultra,Unlocked,512GB,POOR,120,35
Smartphones,Samsung,Cell Phone,Galaxy S22 Ultra,Unlocked,512GB,GOOD,192,145
Smartphones,Samsung,Cell Phone,Galaxy S22 Ultra,Unlocked,512GB,MINT,211,165
Smartphones,Samsung,Cell Phone,Galaxy S22 Ultra,Unlocked,256GB,FAULTY,49,30
Smartphones,Samsung,Cell Phone,Galaxy S22 Ultra,Unlocked,256GB,POOR,115,30
Smartphones,Samsung,Cell Phone,Galaxy S22 Ultra,Unlocked,256GB,GOOD,185,140
Smartphones,Samsung,Cell Phone,Galaxy S22 Ultra,Unlocked,256GB,MINT,206,160
Smartphones,Samsung,Cell Phone,Galaxy S22 Ultra,Unlocked,128GB,FAULTY,42,20
Smartphones,Samsung,Cell Phone,Galaxy S22 Ultra,Unlocked,128GB,POOR,100,20
Smartphones,Samsung,Cell Phone,Galaxy S22 Ultra,Unlocked,128GB,GOOD,158,120
Smartphones,Samsung,Cell Phone,Galaxy S22 Ultra,Unlocked,128GB,MINT,184,140
Smartphones,Samsung,Cell Phone,Galaxy S22 Ultra,Other,1TB,FAULTY,28,15
Smartphones,Samsung,Cell Phone,Galaxy S22 Ultra,Other,1TB,POOR,75,15
Smartphones,Samsung,Cell Phone,Galaxy S22 Ultra,Other,1TB,GOOD,114,100
Smartphones,Samsung,Cell Phone,Galaxy S22 Ultra,Other,1TB,MINT,134,120
Smartphones,Samsung,Cell Phone,Galaxy S22 Ultra,Other,512GB,FAULTY,25,15
Smartphones,Samsung,Cell Phone,Galaxy S22 Ultra,Other,512GB,POOR,68,15
Smartphones,Samsung,Cell Phone,Galaxy S22 Ultra,Other,512GB,GOOD,104,85
Smartphones,Samsung,Cell Phone,Galaxy S22 Ultra,Other,512GB,MINT,125,105
Smartphones,Samsung,Cell Phone,Galaxy S22 Ultra,Other,256GB,FAULTY,24,15
Smartphones,Samsung,Cell Phone,Galaxy S22 Ultra,Other,256GB,POOR,58,15
Smartphones,Samsung,Cell Phone,Galaxy S22 Ultra,Other,256GB,GOOD,99,70
Smartphones,Samsung,Cell Phone,Galaxy S22 Ultra,Other,256GB,MINT,119,90
Smartphones,Samsung,Cell Phone,Galaxy S22 Ultra,Other,128GB,FAULTY,22,15
Smartphones,Samsung,Cell Phone,Galaxy S22 Ultra,Other,128GB,POOR,49,15
Smartphones,Samsung,Cell Phone,Galaxy S22 Ultra,Other,128GB,GOOD,90,65
Smartphones,Samsung,Cell Phone,Galaxy S22 Ultra,Other,128GB,MINT,96,85
Smartphones,Samsung,Cell Phone,Galaxy S22 Ultra,T-Mobile,1TB,FAULTY,45,35
Smartphones,Samsung,Cell Phone,Galaxy S22 Ultra,T-Mobile,1TB,POOR,107,35
Smartphones,Samsung,Cell Phone,Galaxy S22 Ultra,T-Mobile,1TB,GOOD,154,130
Smartphones,Samsung,Cell Phone,Galaxy S22 Ultra,T-Mobile,1TB,MINT,201,150
Smartphones,Samsung,Cell Phone,Galaxy S22 Ultra,T-Mobile,512GB,FAULTY,38,25
Smartphones,Samsung,Cell Phone,Galaxy S22 Ultra,T-Mobile,512GB,POOR,93,25
Smartphones,Samsung,Cell Phone,Galaxy S22 Ultra,T-Mobile,512GB,GOOD,136,110
Smartphones,Samsung,Cell Phone,Galaxy S22 Ultra,T-Mobile,512GB,MINT,176,130
Smartphones,Samsung,Cell Phone,Galaxy S22 Ultra,T-Mobile,256GB,FAULTY,33,15
Smartphones,Samsung,Cell Phone,Galaxy S22 Ultra,T-Mobile,256GB,POOR,89,15
Smartphones,Samsung,Cell Phone,Galaxy S22 Ultra,T-Mobile,256GB,GOOD,125,95
Smartphones,Samsung,Cell Phone,Galaxy S22 Ultra,T-Mobile,256GB,MINT,161,115
Smartphones,Samsung,Cell Phone,Galaxy S22 Ultra,T-Mobile,128GB,FAULTY,32,15
Smartphones,Samsung,Cell Phone,Galaxy S22 Ultra,T-Mobile,128GB,POOR,75,15
Smartphones,Samsung,Cell Phone,Galaxy S22 Ultra,T-Mobile,128GB,GOOD,117,80
Smartphones,Samsung,Cell Phone,Galaxy S22 Ultra,T-Mobile,128GB,MINT,150,100
Smartphones,Samsung,Cell Phone,Galaxy S22 Ultra,AT&T,1TB,FAULTY,53,35
Smartphones,Samsung,Cell Phone,Galaxy S22 Ultra,AT&T,1TB,POOR,111,35
Smartphones,Samsung,Cell Phone,Galaxy S22 Ultra,AT&T,1TB,GOOD,170,150
Smartphones,Samsung,Cell Phone,Galaxy S22 Ultra,AT&T,1TB,MINT,220,170
Smartphones,Samsung,Cell Phone,Galaxy S22 Ultra,AT&T,512GB,FAULTY,49,35
Smartphones,Samsung,Cell Phone,Galaxy S22 Ultra,AT&T,512GB,POOR,100,35
Smartphones,Samsung,Cell Phone,Galaxy S22 Ultra,AT&T,512GB,GOOD,157,140
Smartphones,Samsung,Cell Phone,Galaxy S22 Ultra,AT&T,512GB,MINT,192,160
Smartphones,Samsung,Cell Phone,Galaxy S22 Ultra,AT&T,256GB,FAULTY,44,30
Smartphones,Samsung,Cell Phone,Galaxy S22 Ultra,AT&T,256GB,POOR,90,30
Smartphones,Samsung,Cell Phone,Galaxy S22 Ultra,AT&T,256GB,GOOD,142,125
Smartphones,Samsung,Cell Phone,Galaxy S22 Ultra,AT&T,256GB,MINT,179,145
Smartphones,Samsung,Cell Phone,Galaxy S22 Ultra,AT&T,128GB,FAULTY,36,20
Smartphones,Samsung,Cell Phone,Galaxy S22 Ultra,AT&T,128GB,POOR,79,20
Smartphones,Samsung,Cell Phone,Galaxy S22 Ultra,AT&T,128GB,GOOD,123,105
Smartphones,Samsung,Cell Phone,Galaxy S22 Ultra,AT&T,128GB,MINT,160,125
Smartphones,Samsung,Cell Phone,Galaxy S22 Ultra,Verizon,1TB,FAULTY,45,35
Smartphones,Samsung,Cell Phone,Galaxy S22 Ultra,Verizon,1TB,POOR,100,35
Smartphones,Samsung,Cell Phone,Galaxy S22 Ultra,Verizon,1TB,GOOD,158,150
Smartphones,Samsung,Cell Phone,Galaxy S22 Ultra,Verizon,1TB,MINT,209,170
Smartphones,Samsung,Cell Phone,Galaxy S22 Ultra,Verizon,512GB,FAULTY,42,35
Smartphones,Samsung,Cell Phone,Galaxy S22 Ultra,Verizon,512GB,POOR,93,35
Smartphones,Samsung,Cell Phone,Galaxy S22 Ultra,Verizon,512GB,GOOD,147,140
Smartphones,Samsung,Cell Phone,Galaxy S22 Ultra,Verizon,512GB,MINT,187,160
Smartphones,Samsung,Cell Phone,Galaxy S22 Ultra,Verizon,256GB,FAULTY,29,20
Smartphones,Samsung,Cell Phone,Galaxy S22 Ultra,Verizon,256GB,POOR,73,20
Smartphones,Samsung,Cell Phone,Galaxy S22 Ultra,Verizon,256GB,GOOD,125,100
Smartphones,Samsung,Cell Phone,Galaxy S22 Ultra,Verizon,256GB,MINT,161,125
Smartphones,Samsung,Cell Phone,Galaxy S22 Ultra,Verizon,128GB,FAULTY,28,15
Smartphones,Samsung,Cell Phone,Galaxy S22 Ultra,Verizon,128GB,POOR,72,15
Smartphones,Samsung,Cell Phone,Galaxy S22 Ultra,Verizon,128GB,GOOD,118,95
Smartphones,Samsung,Cell Phone,Galaxy S22 Ultra,Verizon,128GB,MINT,152,112
Smartphones,Samsung,Cell Phone,Galaxy S22+,Unlocked,256GB,POOR,92,15
Smartphones,Samsung,Cell Phone,Galaxy S22+,Unlocked,256GB,GOOD,121,105
Smartphones,Samsung,Cell Phone,Galaxy S22+,Unlocked,256GB,MINT,149,120
Smartphones,Samsung,Cell Phone,Galaxy S22+,Unlocked,128GB,FAULTY,40,12
Smartphones,Samsung,Cell Phone,Galaxy S22+,Unlocked,128GB,POOR,81,12
Smartphones,Samsung,Cell Phone,Galaxy S22+,Unlocked,128GB,GOOD,111,90
Smartphones,Samsung,Cell Phone,Galaxy S22+,Unlocked,128GB,MINT,138,105
Smartphones,Samsung,Cell Phone,Galaxy S22+,Other,256GB,FAULTY,21,10
Smartphones,Samsung,Cell Phone,Galaxy S22+,Other,256GB,POOR,36,10
Smartphones,Samsung,Cell Phone,Galaxy S22+,Other,256GB,GOOD,78.75,55
Smartphones,Samsung,Cell Phone,Galaxy S22+,Other,256GB,MINT,94,70
Smartphones,Samsung,Cell Phone,Galaxy S22+,Other,128GB,FAULTY,18,10
Smartphones,Samsung,Cell Phone,Galaxy S22+,Other,128GB,POOR,31,10
Smartphones,Samsung,Cell Phone,Galaxy S22+,Other,128GB,GOOD,72.45,45
Smartphones,Samsung,Cell Phone,Galaxy S22+,Other,128GB,MINT,90,60
Smartphones,Samsung,Cell Phone,Galaxy S22+,T-Mobile,256GB,FAULTY,34,15
Smartphones,Samsung,Cell Phone,Galaxy S22+,T-Mobile,256GB,POOR,60,15
Smartphones,Samsung,Cell Phone,Galaxy S22+,T-Mobile,256GB,GOOD,104,65
Smartphones,Samsung,Cell Phone,Galaxy S22+,T-Mobile,256GB,MINT,123,80
Smartphones,Samsung,Cell Phone,Galaxy S22+,T-Mobile,128GB,FAULTY,27,10
Smartphones,Samsung,Cell Phone,Galaxy S22+,T-Mobile,128GB,POOR,51,10
Smartphones,Samsung,Cell Phone,Galaxy S22+,T-Mobile,128GB,GOOD,96,60
Smartphones,Samsung,Cell Phone,Galaxy S22+,T-Mobile,128GB,MINT,114,75
Smartphones,Samsung,Cell Phone,Galaxy S22+,AT&T,256GB,FAULTY,40,15
Smartphones,Samsung,Cell Phone,Galaxy S22+,AT&T,256GB,POOR,65,15
Smartphones,Samsung,Cell Phone,Galaxy S22+,AT&T,256GB,GOOD,104,80
Smartphones,Samsung,Cell Phone,Galaxy S22+,AT&T,256GB,MINT,126,95
Smartphones,Samsung,Cell Phone,Galaxy S22+,AT&T,128GB,FAULTY,35,12
Smartphones,Samsung,Cell Phone,Galaxy S22+,AT&T,128GB,POOR,59,12
Smartphones,Samsung,Cell Phone,Galaxy S22+,AT&T,128GB,GOOD,96,75
Smartphones,Samsung,Cell Phone,Galaxy S22+,AT&T,128GB,MINT,120,90
Smartphones,Samsung,Cell Phone,Galaxy S22+,Verizon,256GB,FAULTY,34,15
Smartphones,Samsung,Cell Phone,Galaxy S22+,Verizon,256GB,POOR,61,15
Smartphones,Samsung,Cell Phone,Galaxy S22+,Verizon,256GB,GOOD,104,80
Smartphones,Samsung,Cell Phone,Galaxy S22+,Verizon,256GB,MINT,123,95
Smartphones,Samsung,Cell Phone,Galaxy S22+,Verizon,128GB,FAULTY,27,12
Smartphones,Samsung,Cell Phone,Galaxy S22+,Verizon,128GB,POOR,52,12
Smartphones,Samsung,Cell Phone,Galaxy S22+,Verizon,128GB,GOOD,96,75
Smartphones,Samsung,Cell Phone,Galaxy S22+,Verizon,128GB,MINT,114,90
Smartphones,Samsung,Cell Phone,Galaxy S23 FE,Unlocked,256GB,FAULTY,35,25
Smartphones,Samsung,Cell Phone,Galaxy S23,Unlocked,512GB,FAULTY,35,
Smartphones,Samsung,Cell Phone,Galaxy S23,Unlocked,512GB,POOR,117,
Smartphones,Samsung,Cell Phone,Galaxy S23,Unlocked,512GB,GOOD,162,
Smartphones,Samsung,Cell Phone,Galaxy S23,Unlocked,512GB,MINT,178,
Smartphones,Samsung,Cell Phone,Galaxy S23,Unlocked,256GB,FAULTY,56,50
Smartphones,Samsung,Cell Phone,Galaxy S23,Unlocked,256GB,POOR,115,50
Smartphones,Samsung,Cell Phone,Galaxy S23,Unlocked,256GB,GOOD,162,110
Smartphones,Samsung,Cell Phone,Galaxy S23,Unlocked,256GB,MINT,177,125
Smartphones,Samsung,Cell Phone,Galaxy S23,Unlocked,128GB,FAULTY,51,45
Smartphones,Samsung,Cell Phone,Galaxy S23,Unlocked,128GB,POOR,95,45
Smartphones,Samsung,Cell Phone,Galaxy S23,Unlocked,128GB,GOOD,143,100
Smartphones,Samsung,Cell Phone,Galaxy S23,Unlocked,128GB,MINT,167,115
Smartphones,Samsung,Cell Phone,Galaxy S23,Other,512GB,FAULTY,27,
Smartphones,Samsung,Cell Phone,Galaxy S23,Other,512GB,POOR,51,
Smartphones,Samsung,Cell Phone,Galaxy S23,Other,512GB,GOOD,98,
Smartphones,Samsung,Cell Phone,Galaxy S23,Other,512GB,MINT,102,
Smartphones,Samsung,Cell Phone,Galaxy S23,Other,256GB,FAULTY,27,20
Smartphones,Samsung,Cell Phone,Galaxy S23,Other,256GB,POOR,47,20
Smartphones,Samsung,Cell Phone,Galaxy S23,Other,256GB,GOOD,90,70
Smartphones,Samsung,Cell Phone,Galaxy S23,Other,256GB,MINT,108,85
Smartphones,Samsung,Cell Phone,Galaxy S23,Other,128GB,FAULTY,26,15
Smartphones,Samsung,Cell Phone,Galaxy S23,Other,128GB,POOR,41,15
Smartphones,Samsung,Cell Phone,Galaxy S23,Other,128GB,GOOD,76,65
Smartphones,Samsung,Cell Phone,Galaxy S23,Other,128GB,MINT,101,80
Smartphones,Samsung,Cell Phone,Galaxy S23,T-Mobile,512GB,FAULTY,32,
Smartphones,Samsung,Cell Phone,Galaxy S23,T-Mobile,512GB,POOR,83,
Smartphones,Samsung,Cell Phone,Galaxy S23,T-Mobile,512GB,GOOD,124,
Smartphones,Samsung,Cell Phone,Galaxy S23,T-Mobile,512GB,MINT,141,
Smartphones,Samsung,Cell Phone,Galaxy S23,T-Mobile,256GB,FAULTY,37,30
Smartphones,Samsung,Cell Phone,Galaxy S23,T-Mobile,256GB,POOR,75,30
Smartphones,Samsung,Cell Phone,Galaxy S23,T-Mobile,256GB,GOOD,120,85
Smartphones,Samsung,Cell Phone,Galaxy S23,T-Mobile,256GB,MINT,154,100
Smartphones,Samsung,Cell Phone,Galaxy S23,T-Mobile,128GB,FAULTY,31,25
Smartphones,Samsung,Cell Phone,Galaxy S23,T-Mobile,128GB,POOR,70,25
Smartphones,Samsung,Cell Phone,Galaxy S23,T-Mobile,128GB,GOOD,98,75
Smartphones,Samsung,Cell Phone,Galaxy S23,T-Mobile,128GB,MINT,127,90
Smartphones,Samsung,Cell Phone,Galaxy S23,AT&T,512GB,FAULTY,35,
Smartphones,Samsung,Cell Phone,Galaxy S23,AT&T,512GB,POOR,83,
Smartphones,Samsung,Cell Phone,Galaxy S23,AT&T,512GB,GOOD,130,
Smartphones,Samsung,Cell Phone,Galaxy S23,AT&T,512GB,MINT,135,
Smartphones,Samsung,Cell Phone,Galaxy S23,AT&T,256GB,FAULTY,46,40
Smartphones,Samsung,Cell Phone,Galaxy S23,AT&T,256GB,POOR,79,40
Smartphones,Samsung,Cell Phone,Galaxy S23,AT&T,256GB,GOOD,138,100
Smartphones,Samsung,Cell Phone,Galaxy S23,AT&T,256GB,MINT,165,115
Smartphones,Samsung,Cell Phone,Galaxy S23,AT&T,128GB,FAULTY,41,35
Smartphones,Samsung,Cell Phone,Galaxy S23,AT&T,128GB,POOR,70,35
Smartphones,Samsung,Cell Phone,Galaxy S23,AT&T,128GB,GOOD,122,95
Smartphones,Samsung,Cell Phone,Galaxy S23,AT&T,128GB,MINT,141,110
Smartphones,Samsung,Cell Phone,Galaxy S23,Verizon,512GB,FAULTY,32,
Smartphones,Samsung,Cell Phone,Galaxy S23,Verizon,512GB,POOR,82,
Smartphones,Samsung,Cell Phone,Galaxy S23,Verizon,512GB,GOOD,129,
Smartphones,Samsung,Cell Phone,Galaxy S23,Verizon,512GB,MINT,154,
Smartphones,Samsung,Cell Phone,Galaxy S23,Verizon,256GB,FAULTY,46,40
Smartphones,Samsung,Cell Phone,Galaxy S23,Verizon,256GB,POOR,74,40
Smartphones,Samsung,Cell Phone,Galaxy S23,Verizon,256GB,GOOD,142,100
Smartphones,Samsung,Cell Phone,Galaxy S23,Verizon,256GB,MINT,169,115
Smartphones,Samsung,Cell Phone,Galaxy S23,Verizon,128GB,FAULTY,41,35
Smartphones,Samsung,Cell Phone,Galaxy S23,Verizon,128GB,POOR,70,35
Smartphones,Samsung,Cell Phone,Galaxy S23,Verizon,128GB,GOOD,122,95
Smartphones,Samsung,Cell Phone,Galaxy S23,Verizon,128GB,MINT,150,110
Smartphones,Samsung,Cell Phone,Galaxy S23 FE,Unlocked,256GB,POOR,63,25
Smartphones,Samsung,Cell Phone,Galaxy S23 FE,Unlocked,256GB,GOOD,137,85
Smartphones,Samsung,Cell Phone,Galaxy S23 FE,Unlocked,256GB,MINT,163,105
Smartphones,Samsung,Cell Phone,Galaxy S23 FE,Unlocked,128GB,FAULTY,34,25
Smartphones,Samsung,Cell Phone,Galaxy S23 FE,Unlocked,128GB,POOR,53,25
Smartphones,Samsung,Cell Phone,Galaxy S23 FE,Unlocked,128GB,GOOD,113,70
Smartphones,Samsung,Cell Phone,Galaxy S23 FE,Unlocked,128GB,MINT,143,90
Smartphones,Samsung,Cell Phone,Galaxy S23 FE,Other,256GB,FAULTY,21,20
Smartphones,Samsung,Cell Phone,Galaxy S23 FE,Other,256GB,POOR,33,20
Smartphones,Samsung,Cell Phone,Galaxy S23 FE,Other,256GB,GOOD,69.3,60
Smartphones,Samsung,Cell Phone,Galaxy S23 FE,Other,256GB,MINT,81,80
Smartphones,Samsung,Cell Phone,Galaxy S23 FE,Other,128GB,FAULTY,18,17
Smartphones,Samsung,Cell Phone,Galaxy S23 FE,Other,128GB,POOR,32,17
Smartphones,Samsung,Cell Phone,Galaxy S23 FE,Other,128GB,GOOD,56.69,50
Smartphones,Samsung,Cell Phone,Galaxy S23 FE,Other,128GB,MINT,74,70
Smartphones,Samsung,Cell Phone,Galaxy S23 FE,T-Mobile,256GB,FAULTY,29,20
Smartphones,Samsung,Cell Phone,Galaxy S23 FE,T-Mobile,256GB,POOR,46,20
Smartphones,Samsung,Cell Phone,Galaxy S23 FE,T-Mobile,256GB,GOOD,104,60
Smartphones,Samsung,Cell Phone,Galaxy S23 FE,T-Mobile,256GB,MINT,135,80
Smartphones,Samsung,Cell Phone,Galaxy S23 FE,T-Mobile,128GB,FAULTY,26,17
Smartphones,Samsung,Cell Phone,Galaxy S23 FE,T-Mobile,128GB,POOR,40,17
Smartphones,Samsung,Cell Phone,Galaxy S23 FE,T-Mobile,128GB,GOOD,78,50
Smartphones,Samsung,Cell Phone,Galaxy S23 FE,T-Mobile,128GB,MINT,100,70
Smartphones,Samsung,Cell Phone,Galaxy S23 FE,AT&T,256GB,FAULTY,34,25
Smartphones,Samsung,Cell Phone,Galaxy S23 FE,AT&T,256GB,POOR,53,25
Smartphones,Samsung,Cell Phone,Galaxy S23 FE,AT&T,256GB,GOOD,104,70
Smartphones,Samsung,Cell Phone,Galaxy S23 FE,AT&T,256GB,MINT,135,90
Smartphones,Samsung,Cell Phone,Galaxy S23 FE,AT&T,128GB,FAULTY,29,20
Smartphones,Samsung,Cell Phone,Galaxy S23 FE,AT&T,128GB,POOR,46,20
Smartphones,Samsung,Cell Phone,Galaxy S23 FE,AT&T,128GB,GOOD,83,60
Smartphones,Samsung,Cell Phone,Galaxy S23 FE,AT&T,128GB,MINT,107,80
Smartphones,Samsung,Cell Phone,Galaxy S23 FE,Verizon,256GB,FAULTY,34,25
Smartphones,Samsung,Cell Phone,Galaxy S23 FE,Verizon,256GB,POOR,46,25
Smartphones,Samsung,Cell Phone,Galaxy S23 FE,Verizon,256GB,GOOD,121,70
Smartphones,Samsung,Cell Phone,Galaxy S23 FE,Verizon,256GB,MINT,155,90
Smartphones,Samsung,Cell Phone,Galaxy S23 FE,Verizon,128GB,FAULTY,29,20
Smartphones,Samsung,Cell Phone,Galaxy S23 FE,Verizon,128GB,POOR,41,20
Smartphones,Samsung,Cell Phone,Galaxy S23 FE,Verizon,128GB,GOOD,99,60
Smartphones,Samsung,Cell Phone,Galaxy S23 FE,Verizon,128GB,MINT,123,80
Smartphones,Samsung,Cell Phone,Galaxy S23+,Unlocked,512GB,FAULTY,121,55
Smartphones,Samsung,Cell Phone,Galaxy S23 Ultra,Unlocked,1TB,FAULTY,81,75
Smartphones,Samsung,Cell Phone,Galaxy S23 Ultra,Unlocked,1TB,POOR,248,75
Smartphones,Samsung,Cell Phone,Galaxy S23 Ultra,Unlocked,1TB,GOOD,323,210
Smartphones,Samsung,Cell Phone,Galaxy S23 Ultra,Unlocked,1TB,MINT,368,230
Smartphones,Samsung,Cell Phone,Galaxy S23 Ultra,Unlocked,512GB,FAULTY,76,70
Smartphones,Samsung,Cell Phone,Galaxy S23 Ultra,Unlocked,512GB,POOR,208,70
Smartphones,Samsung,Cell Phone,Galaxy S23 Ultra,Unlocked,512GB,GOOD,293,195
Smartphones,Samsung,Cell Phone,Galaxy S23 Ultra,Unlocked,512GB,MINT,323,215
Smartphones,Samsung,Cell Phone,Galaxy S23 Ultra,Unlocked,256GB,FAULTY,71,65
Smartphones,Samsung,Cell Phone,Galaxy S23 Ultra,Unlocked,256GB,POOR,188,65
Smartphones,Samsung,Cell Phone,Galaxy S23 Ultra,Unlocked,256GB,GOOD,267,170
Smartphones,Samsung,Cell Phone,Galaxy S23 Ultra,Unlocked,256GB,MINT,303,190
Smartphones,Samsung,Cell Phone,Galaxy S23 Ultra,Other,1TB,FAULTY,51,45
Smartphones,Samsung,Cell Phone,Galaxy S23 Ultra,Other,1TB,POOR,166,45
Smartphones,Samsung,Cell Phone,Galaxy S23 Ultra,Other,1TB,GOOD,225,160
Smartphones,Samsung,Cell Phone,Galaxy S23 Ultra,Other,1TB,MINT,266,180
Smartphones,Samsung,Cell Phone,Galaxy S23 Ultra,Other,512GB,FAULTY,51,40
Smartphones,Samsung,Cell Phone,Galaxy S23 Ultra,Other,512GB,POOR,126,40
Smartphones,Samsung,Cell Phone,Galaxy S23 Ultra,Other,512GB,GOOD,185,140
Smartphones,Samsung,Cell Phone,Galaxy S23 Ultra,Other,512GB,MINT,221,160
Smartphones,Samsung,Cell Phone,Galaxy S23 Ultra,Other,256GB,FAULTY,51,35
Smartphones,Samsung,Cell Phone,Galaxy S23 Ultra,Other,256GB,POOR,106,35
Smartphones,Samsung,Cell Phone,Galaxy S23 Ultra,Other,256GB,GOOD,165,115
Smartphones,Samsung,Cell Phone,Galaxy S23 Ultra,Other,256GB,MINT,201,135
Smartphones,Samsung,Cell Phone,Galaxy S23 Ultra,T-Mobile,1TB,FAULTY,56,45
Smartphones,Samsung,Cell Phone,Galaxy S23 Ultra,T-Mobile,1TB,POOR,200,45
Smartphones,Samsung,Cell Phone,Galaxy S23 Ultra,T-Mobile,1TB,GOOD,272,160
Smartphones,Samsung,Cell Phone,Galaxy S23 Ultra,T-Mobile,1TB,MINT,320,180
Smartphones,Samsung,Cell Phone,Galaxy S23 Ultra,T-Mobile,512GB,FAULTY,56,40
Smartphones,Samsung,Cell Phone,Galaxy S23 Ultra,T-Mobile,512GB,POOR,160,40
Smartphones,Samsung,Cell Phone,Galaxy S23 Ultra,T-Mobile,512GB,GOOD,227,140
Smartphones,Samsung,Cell Phone,Galaxy S23 Ultra,T-Mobile,512GB,MINT,270,160
Smartphones,Samsung,Cell Phone,Galaxy S23 Ultra,T-Mobile,256GB,FAULTY,56,35
Smartphones,Samsung,Cell Phone,Galaxy S23 Ultra,T-Mobile,256GB,POOR,140,35
Smartphones,Samsung,Cell Phone,Galaxy S23 Ultra,T-Mobile,256GB,GOOD,202,115
Smartphones,Samsung,Cell Phone,Galaxy S23 Ultra,T-Mobile,256GB,MINT,250,135
Smartphones,Samsung,Cell Phone,Galaxy S23 Ultra,AT&T,1TB,FAULTY,71,65
Smartphones,Samsung,Cell Phone,Galaxy S23 Ultra,AT&T,1TB,POOR,200,65
Smartphones,Samsung,Cell Phone,Galaxy S23 Ultra,AT&T,1TB,GOOD,273,185
Smartphones,Samsung,Cell Phone,Galaxy S23 Ultra,AT&T,1TB,MINT,322,205
Smartphones,Samsung,Cell Phone,Galaxy S23 Ultra,AT&T,512GB,FAULTY,76,70
Smartphones,Samsung,Cell Phone,Galaxy S23 Ultra,AT&T,512GB,POOR,160,70
Smartphones,Samsung,Cell Phone,Galaxy S23 Ultra,AT&T,512GB,GOOD,248,175
Smartphones,Samsung,Cell Phone,Galaxy S23 Ultra,AT&T,512GB,MINT,285,195
Smartphones,Samsung,Cell Phone,Galaxy S23 Ultra,AT&T,256GB,FAULTY,71,65
Smartphones,Samsung,Cell Phone,Galaxy S23 Ultra,AT&T,256GB,POOR,143,65
Smartphones,Samsung,Cell Phone,Galaxy S23 Ultra,AT&T,256GB,GOOD,227,155
Smartphones,Samsung,Cell Phone,Galaxy S23 Ultra,AT&T,256GB,MINT,268,175
Smartphones,Samsung,Cell Phone,Galaxy S23 Ultra,Verizon,1TB,FAULTY,71,65
Smartphones,Samsung,Cell Phone,Galaxy S23 Ultra,Verizon,1TB,POOR,147,65
Smartphones,Samsung,Cell Phone,Galaxy S23 Ultra,Verizon,1TB,GOOD,240,165
Smartphones,Samsung,Cell Phone,Galaxy S23 Ultra,Verizon,1TB,MINT,297,185
Smartphones,Samsung,Cell Phone,Galaxy S23 Ultra,Verizon,512GB,FAULTY,66,60
Smartphones,Samsung,Cell Phone,Galaxy S23 Ultra,Verizon,512GB,POOR,136,60
Smartphones,Samsung,Cell Phone,Galaxy S23 Ultra,Verizon,512GB,GOOD,221,145
Smartphones,Samsung,Cell Phone,Galaxy S23 Ultra,Verizon,512GB,MINT,274,165
Smartphones,Samsung,Cell Phone,Galaxy S23 Ultra,Verizon,256GB,FAULTY,56,50
Smartphones,Samsung,Cell Phone,Galaxy S23 Ultra,Verizon,256GB,POOR,120,50
Smartphones,Samsung,Cell Phone,Galaxy S23 Ultra,Verizon,256GB,GOOD,188,130
Smartphones,Samsung,Cell Phone,Galaxy S23 Ultra,Verizon,256GB,MINT,232,150
Smartphones,Samsung,Cell Phone,Galaxy S23+,Unlocked,512GB,POOR,150,55
Smartphones,Samsung,Cell Phone,Galaxy S23+,Unlocked,512GB,GOOD,218,140
Smartphones,Samsung,Cell Phone,Galaxy S23+,Unlocked,512GB,MINT,252,155
Smartphones,Samsung,Cell Phone,Galaxy S23+,Unlocked,256GB,FAULTY,114,50
Smartphones,Samsung,Cell Phone,Galaxy S23+,Unlocked,256GB,POOR,138,50
Smartphones,Samsung,Cell Phone,Galaxy S23+,Unlocked,256GB,GOOD,202,125
Smartphones,Samsung,Cell Phone,Galaxy S23+,Unlocked,256GB,MINT,241,140
Smartphones,Samsung,Cell Phone,Galaxy S23+,Other,512GB,FAULTY,31,30
Smartphones,Samsung,Cell Phone,Galaxy S23+,Other,512GB,POOR,86,30
Smartphones,Samsung,Cell Phone,Galaxy S23+,Other,512GB,GOOD,135,75
Smartphones,Samsung,Cell Phone,Galaxy S23+,Other,512GB,MINT,166,90
Smartphones,Samsung,Cell Phone,Galaxy S23+,Other,256GB,FAULTY,25,20
Smartphones,Samsung,Cell Phone,Galaxy S23+,Other,256GB,POOR,81,20
Smartphones,Samsung,Cell Phone,Galaxy S23+,Other,256GB,GOOD,125,70
Smartphones,Samsung,Cell Phone,Galaxy S23+,Other,256GB,MINT,156,85
Smartphones,Samsung,Cell Phone,Galaxy S23+,T-Mobile,512GB,FAULTY,71,35
Smartphones,Samsung,Cell Phone,Galaxy S23+,T-Mobile,512GB,POOR,100,35
Smartphones,Samsung,Cell Phone,Galaxy S23+,T-Mobile,512GB,GOOD,168,95
Smartphones,Samsung,Cell Phone,Galaxy S23+,T-Mobile,512GB,MINT,214,110
Smartphones,Samsung,Cell Phone,Galaxy S23+,T-Mobile,256GB,FAULTY,66,35
Smartphones,Samsung,Cell Phone,Galaxy S23+,T-Mobile,256GB,POOR,90,35
Smartphones,Samsung,Cell Phone,Galaxy S23+,T-Mobile,256GB,GOOD,156,85
Smartphones,Samsung,Cell Phone,Galaxy S23+,T-Mobile,256GB,MINT,191,100
Smartphones,Samsung,Cell Phone,Galaxy S23+,AT&T,512GB,FAULTY,101,45
Smartphones,Samsung,Cell Phone,Galaxy S23+,AT&T,512GB,POOR,100,45
Smartphones,Samsung,Cell Phone,Galaxy S23+,AT&T,512GB,GOOD,197,125
Smartphones,Samsung,Cell Phone,Galaxy S23+,AT&T,512GB,MINT,239,140
Smartphones,Samsung,Cell Phone,Galaxy S23+,AT&T,256GB,FAULTY,96,40
Smartphones,Samsung,Cell Phone,Galaxy S23+,AT&T,256GB,POOR,90,40
Smartphones,Samsung,Cell Phone,Galaxy S23+,AT&T,256GB,GOOD,168,105
Smartphones,Samsung,Cell Phone,Galaxy S23+,AT&T,256GB,MINT,201,120
Smartphones,Samsung,Cell Phone,Galaxy S23+,Verizon,512GB,FAULTY,71,45
Smartphones,Samsung,Cell Phone,Galaxy S23+,Verizon,512GB,POOR,95,45
Smartphones,Samsung,Cell Phone,Galaxy S23+,Verizon,512GB,GOOD,188,125
Smartphones,Samsung,Cell Phone,Galaxy S23+,Verizon,512GB,MINT,239,140
Smartphones,Samsung,Cell Phone,Galaxy S23+,Verizon,256GB,FAULTY,66,40
Smartphones,Samsung,Cell Phone,Galaxy S23+,Verizon,256GB,POOR,90,40
Smartphones,Samsung,Cell Phone,Galaxy S23+,Verizon,256GB,GOOD,167,105
Smartphones,Samsung,Cell Phone,Galaxy S23+,Verizon,256GB,MINT,191,120
Smartphones,Samsung,Cell Phone,Galaxy S24 FE,Unlocked,256GB,FAULTY,69,60
Smartphones,Samsung,Cell Phone,Galaxy S24,Unlocked,512GB,FAULTY,,
Smartphones,Samsung,Cell Phone,Galaxy S24,Unlocked,512GB,POOR,,
Smartphones,Samsung,Cell Phone,Galaxy S24,Unlocked,512GB,GOOD,213.75,
Smartphones,Samsung,Cell Phone,Galaxy S24,Unlocked,512GB,MINT,285,
Smartphones,Samsung,Cell Phone,Galaxy S24,Unlocked,256GB,FAULTY,83,65
Smartphones,Samsung,Cell Phone,Galaxy S24,Unlocked,256GB,POOR,175,65
Smartphones,Samsung,Cell Phone,Galaxy S24,Unlocked,256GB,GOOD,242,200
Smartphones,Samsung,Cell Phone,Galaxy S24,Unlocked,256GB,MINT,281,225
Smartphones,Samsung,Cell Phone,Galaxy S24,Unlocked,128GB,FAULTY,75,55
Smartphones,Samsung,Cell Phone,Galaxy S24,Unlocked,128GB,POOR,143,55
Smartphones,Samsung,Cell Phone,Galaxy S24,Unlocked,128GB,GOOD,222,180
Smartphones,Samsung,Cell Phone,Galaxy S24,Unlocked,128GB,MINT,255,205
Smartphones,Samsung,Cell Phone,Galaxy S24,Other,512GB,FAULTY,,
Smartphones,Samsung,Cell Phone,Galaxy S24,Other,512GB,POOR,,
Smartphones,Samsung,Cell Phone,Galaxy S24,Other,512GB,GOOD,106.88,
Smartphones,Samsung,Cell Phone,Galaxy S24,Other,512GB,MINT,142.5,
Smartphones,Samsung,Cell Phone,Galaxy S24,Other,256GB,FAULTY,40,25
Smartphones,Samsung,Cell Phone,Galaxy S24,Other,256GB,POOR,68,25
Smartphones,Samsung,Cell Phone,Galaxy S24,Other,256GB,GOOD,121,80
Smartphones,Samsung,Cell Phone,Galaxy S24,Other,256GB,MINT,142,105
Smartphones,Samsung,Cell Phone,Galaxy S24,Other,128GB,FAULTY,36,20
Smartphones,Samsung,Cell Phone,Galaxy S24,Other,128GB,POOR,67,20
Smartphones,Samsung,Cell Phone,Galaxy S24,Other,128GB,GOOD,115,75
Smartphones,Samsung,Cell Phone,Galaxy S24,Other,128GB,MINT,138,100
Smartphones,Samsung,Cell Phone,Galaxy S24,T-Mobile,512GB,FAULTY,,
Smartphones,Samsung,Cell Phone,Galaxy S24,T-Mobile,512GB,POOR,,
Smartphones,Samsung,Cell Phone,Galaxy S24,T-Mobile,512GB,GOOD,160.31,
Smartphones,Samsung,Cell Phone,Galaxy S24,T-Mobile,512GB,MINT,213.75,
Smartphones,Samsung,Cell Phone,Galaxy S24,T-Mobile,256GB,FAULTY,49,40
Smartphones,Samsung,Cell Phone,Galaxy S24,T-Mobile,256GB,POOR,104,40
Smartphones,Samsung,Cell Phone,Galaxy S24,T-Mobile,256GB,GOOD,177,120
Smartphones,Samsung,Cell Phone,Galaxy S24,T-Mobile,256GB,MINT,216,145
Smartphones,Samsung,Cell Phone,Galaxy S24,T-Mobile,128GB,FAULTY,59,35
Smartphones,Samsung,Cell Phone,Galaxy S24,T-Mobile,128GB,POOR,93,35
Smartphones,Samsung,Cell Phone,Galaxy S24,T-Mobile,128GB,GOOD,187,100
Smartphones,Samsung,Cell Phone,Galaxy S24,T-Mobile,128GB,MINT,218,125
Smartphones,Samsung,Cell Phone,Galaxy S24,AT&T,512GB,FAULTY,,
Smartphones,Samsung,Cell Phone,Galaxy S24,AT&T,512GB,POOR,,
Smartphones,Samsung,Cell Phone,Galaxy S24,AT&T,512GB,GOOD,160.31,
Smartphones,Samsung,Cell Phone,Galaxy S24,AT&T,512GB,MINT,213.75,
Smartphones,Samsung,Cell Phone,Galaxy S24,AT&T,256GB,FAULTY,64,55
Smartphones,Samsung,Cell Phone,Galaxy S24,AT&T,256GB,POOR,107,55
Smartphones,Samsung,Cell Phone,Galaxy S24,AT&T,256GB,GOOD,180,135
Smartphones,Samsung,Cell Phone,Galaxy S24,AT&T,256GB,MINT,220,160
Smartphones,Samsung,Cell Phone,Galaxy S24,AT&T,128GB,FAULTY,59,50
Smartphones,Samsung,Cell Phone,Galaxy S24,AT&T,128GB,POOR,104,50
Smartphones,Samsung,Cell Phone,Galaxy S24,AT&T,128GB,GOOD,181,115
Smartphones,Samsung,Cell Phone,Galaxy S24,AT&T,128GB,MINT,204,140
Smartphones,Samsung,Cell Phone,Galaxy S24,Verizon,512GB,FAULTY,,
Smartphones,Samsung,Cell Phone,Galaxy S24,Verizon,512GB,POOR,,
Smartphones,Samsung,Cell Phone,Galaxy S24,Verizon,512GB,GOOD,160.31,
Smartphones,Samsung,Cell Phone,Galaxy S24,Verizon,512GB,MINT,213.75,
Smartphones,Samsung,Cell Phone,Galaxy S24,Verizon,256GB,FAULTY,64,55
Smartphones,Samsung,Cell Phone,Galaxy S24,Verizon,256GB,POOR,107,55
Smartphones,Samsung,Cell Phone,Galaxy S24,Verizon,256GB,GOOD,171,135
Smartphones,Samsung,Cell Phone,Galaxy S24,Verizon,256GB,MINT,209,160
Smartphones,Samsung,Cell Phone,Galaxy S24,Verizon,128GB,FAULTY,54,45
Smartphones,Samsung,Cell Phone,Galaxy S24,Verizon,128GB,POOR,107,45
Smartphones,Samsung,Cell Phone,Galaxy S24,Verizon,128GB,GOOD,158,115
Smartphones,Samsung,Cell Phone,Galaxy S24,Verizon,128GB,MINT,190,140
Smartphones,Samsung,Cell Phone,Galaxy S24 FE,Unlocked,256GB,POOR,115,60
Smartphones,Samsung,Cell Phone,Galaxy S24 FE,Unlocked,256GB,GOOD,202,150
Smartphones,Samsung,Cell Phone,Galaxy S24 FE,Unlocked,256GB,MINT,240,170
Smartphones,Samsung,Cell Phone,Galaxy S24 FE,Unlocked,128GB,FAULTY,64,55
Smartphones,Samsung,Cell Phone,Galaxy S24 FE,Unlocked,128GB,POOR,110,55
Smartphones,Samsung,Cell Phone,Galaxy S24 FE,Unlocked,128GB,GOOD,188,130
Smartphones,Samsung,Cell Phone,Galaxy S24 FE,Unlocked,128GB,MINT,187,150
Smartphones,Samsung,Cell Phone,Galaxy S24 FE,Other,256GB,FAULTY,28,25
Smartphones,Samsung,Cell Phone,Galaxy S24 FE,Other,256GB,POOR,45,25
Smartphones,Samsung,Cell Phone,Galaxy S24 FE,Other,256GB,GOOD,84.38,75
Smartphones,Samsung,Cell Phone,Galaxy S24 FE,Other,256GB,MINT,113,95
Smartphones,Samsung,Cell Phone,Galaxy S24 FE,Other,128GB,FAULTY,21,20
Smartphones,Samsung,Cell Phone,Galaxy S24 FE,Other,128GB,POOR,41,20
Smartphones,Samsung,Cell Phone,Galaxy S24 FE,Other,128GB,GOOD,80,70
Smartphones,Samsung,Cell Phone,Galaxy S24 FE,Other,128GB,MINT,100,90
Smartphones,Samsung,Cell Phone,Galaxy S24 FE,T-Mobile,256GB,FAULTY,44,35
Smartphones,Samsung,Cell Phone,Galaxy S24 FE,T-Mobile,256GB,POOR,100,35
Smartphones,Samsung,Cell Phone,Galaxy S24 FE,T-Mobile,256GB,GOOD,157,105
Smartphones,Samsung,Cell Phone,Galaxy S24 FE,T-Mobile,256GB,MINT,207,125
Smartphones,Samsung,Cell Phone,Galaxy S24 FE,T-Mobile,128GB,FAULTY,39,30
Smartphones,Samsung,Cell Phone,Galaxy S24 FE,T-Mobile,128GB,POOR,99,30
Smartphones,Samsung,Cell Phone,Galaxy S24 FE,T-Mobile,128GB,GOOD,119,95
Smartphones,Samsung,Cell Phone,Galaxy S24 FE,T-Mobile,128GB,MINT,155,115
Smartphones,Samsung,Cell Phone,Galaxy S24 FE,AT&T,256GB,FAULTY,59,50
Smartphones,Samsung,Cell Phone,Galaxy S24 FE,AT&T,256GB,POOR,100,50
Smartphones,Samsung,Cell Phone,Galaxy S24 FE,AT&T,256GB,GOOD,157,120
Smartphones,Samsung,Cell Phone,Galaxy S24 FE,AT&T,256GB,MINT,208,140
Smartphones,Samsung,Cell Phone,Galaxy S24 FE,AT&T,128GB,FAULTY,54,45
Smartphones,Samsung,Cell Phone,Galaxy S24 FE,AT&T,128GB,POOR,100,45
Smartphones,Samsung,Cell Phone,Galaxy S24 FE,AT&T,128GB,GOOD,134,100
Smartphones,Samsung,Cell Phone,Galaxy S24 FE,AT&T,128GB,MINT,174,120
Smartphones,Samsung,Cell Phone,Galaxy S24 FE,Verizon,256GB,FAULTY,54,45
Smartphones,Samsung,Cell Phone,Galaxy S24 FE,Verizon,256GB,POOR,85,45
Smartphones,Samsung,Cell Phone,Galaxy S24 FE,Verizon,256GB,GOOD,157,120
Smartphones,Samsung,Cell Phone,Galaxy S24 FE,Verizon,256GB,MINT,207,140
Smartphones,Samsung,Cell Phone,Galaxy S24 FE,Verizon,128GB,FAULTY,49,40
Smartphones,Samsung,Cell Phone,Galaxy S24 FE,Verizon,128GB,POOR,80,40
Smartphones,Samsung,Cell Phone,Galaxy S24 FE,Verizon,128GB,GOOD,118,100
Smartphones,Samsung,Cell Phone,Galaxy S24 FE,Verizon,128GB,MINT,152,120
Smartphones,Samsung,Cell Phone,Galaxy S24+,Unlocked,512GB,FAULTY,104,90
Smartphones,Samsung,Cell Phone,Galaxy S24 Ultra,Unlocked,1TB,FAULTY,189,140
Smartphones,Samsung,Cell Phone,Galaxy S24 Ultra,Unlocked,1TB,POOR,391,140
Smartphones,Samsung,Cell Phone,Galaxy S24 Ultra,Unlocked,1TB,GOOD,486,395
Smartphones,Samsung,Cell Phone,Galaxy S24 Ultra,Unlocked,1TB,MINT,548,445
Smartphones,Samsung,Cell Phone,Galaxy S24 Ultra,Unlocked,512GB,FAULTY,174,130
Smartphones,Samsung,Cell Phone,Galaxy S24 Ultra,Unlocked,512GB,POOR,333,130
Smartphones,Samsung,Cell Phone,Galaxy S24 Ultra,Unlocked,512GB,GOOD,447,370
Smartphones,Samsung,Cell Phone,Galaxy S24 Ultra,Unlocked,512GB,MINT,493,420
Smartphones,Samsung,Cell Phone,Galaxy S24 Ultra,Unlocked,256GB,FAULTY,164,125
Smartphones,Samsung,Cell Phone,Galaxy S24 Ultra,Unlocked,256GB,POOR,313,125
Smartphones,Samsung,Cell Phone,Galaxy S24 Ultra,Unlocked,256GB,GOOD,429,330
Smartphones,Samsung,Cell Phone,Galaxy S24 Ultra,Unlocked,256GB,MINT,484,370
Smartphones,Samsung,Cell Phone,Galaxy S24 Ultra,Other,1TB,FAULTY,101,60
Smartphones,Samsung,Cell Phone,Galaxy S24 Ultra,Other,1TB,POOR,206,60
Smartphones,Samsung,Cell Phone,Galaxy S24 Ultra,Other,1TB,GOOD,300,205
Smartphones,Samsung,Cell Phone,Galaxy S24 Ultra,Other,1TB,MINT,351,255
Smartphones,Samsung,Cell Phone,Galaxy S24 Ultra,Other,512GB,FAULTY,101,55
Smartphones,Samsung,Cell Phone,Galaxy S24 Ultra,Other,512GB,POOR,146,55
Smartphones,Samsung,Cell Phone,Galaxy S24 Ultra,Other,512GB,GOOD,247,190
Smartphones,Samsung,Cell Phone,Galaxy S24 Ultra,Other,512GB,MINT,291,240
Smartphones,Samsung,Cell Phone,Galaxy S24 Ultra,Other,256GB,FAULTY,101,50
Smartphones,Samsung,Cell Phone,Galaxy S24 Ultra,Other,256GB,POOR,126,50
Smartphones,Samsung,Cell Phone,Galaxy S24 Ultra,Other,256GB,GOOD,230,150
Smartphones,Samsung,Cell Phone,Galaxy S24 Ultra,Other,256GB,MINT,271,200
Smartphones,Samsung,Cell Phone,Galaxy S24 Ultra,T-Mobile,1TB,FAULTY,139,90
Smartphones,Samsung,Cell Phone,Galaxy S24 Ultra,T-Mobile,1TB,POOR,265,90
Smartphones,Samsung,Cell Phone,Galaxy S24 Ultra,T-Mobile,1TB,GOOD,360,260
Smartphones,Samsung,Cell Phone,Galaxy S24 Ultra,T-Mobile,1TB,MINT,442,310
Smartphones,Samsung,Cell Phone,Galaxy S24 Ultra,T-Mobile,512GB,FAULTY,124,80
Smartphones,Samsung,Cell Phone,Galaxy S24 Ultra,T-Mobile,512GB,POOR,205,80
Smartphones,Samsung,Cell Phone,Galaxy S24 Ultra,T-Mobile,512GB,GOOD,308,230
Smartphones,Samsung,Cell Phone,Galaxy S24 Ultra,T-Mobile,512GB,MINT,382,280
Smartphones,Samsung,Cell Phone,Galaxy S24 Ultra,T-Mobile,256GB,FAULTY,114,70
Smartphones,Samsung,Cell Phone,Galaxy S24 Ultra,T-Mobile,256GB,POOR,190,70
Smartphones,Samsung,Cell Phone,Galaxy S24 Ultra,T-Mobile,256GB,GOOD,325,190
Smartphones,Samsung,Cell Phone,Galaxy S24 Ultra,T-Mobile,256GB,MINT,373,240
Smartphones,Samsung,Cell Phone,Galaxy S24 Ultra,AT&T,1TB,FAULTY,139,100
Smartphones,Samsung,Cell Phone,Galaxy S24 Ultra,AT&T,1TB,POOR,305,100
Smartphones,Samsung,Cell Phone,Galaxy S24 Ultra,AT&T,1TB,GOOD,398,310
Smartphones,Samsung,Cell Phone,Galaxy S24 Ultra,AT&T,1TB,MINT,470,350
Smartphones,Samsung,Cell Phone,Galaxy S24 Ultra,AT&T,512GB,FAULTY,124,90
Smartphones,Samsung,Cell Phone,Galaxy S24 Ultra,AT&T,512GB,POOR,245,90
Smartphones,Samsung,Cell Phone,Galaxy S24 Ultra,AT&T,512GB,GOOD,338,285
Smartphones,Samsung,Cell Phone,Galaxy S24 Ultra,AT&T,512GB,MINT,410,335
Smartphones,Samsung,Cell Phone,Galaxy S24 Ultra,AT&T,256GB,FAULTY,114,80
Smartphones,Samsung,Cell Phone,Galaxy S24 Ultra,AT&T,256GB,POOR,225,80
Smartphones,Samsung,Cell Phone,Galaxy S24 Ultra,AT&T,256GB,GOOD,372,230
Smartphones,Samsung,Cell Phone,Galaxy S24 Ultra,AT&T,256GB,MINT,400,280
Smartphones,Samsung,Cell Phone,Galaxy S24 Ultra,Verizon,1TB,FAULTY,109,100
Smartphones,Samsung,Cell Phone,Galaxy S24 Ultra,Verizon,1TB,POOR,224,100
Smartphones,Samsung,Cell Phone,Galaxy S24 Ultra,Verizon,1TB,GOOD,327,230
Smartphones,Samsung,Cell Phone,Galaxy S24 Ultra,Verizon,1TB,MINT,406,280
Smartphones,Samsung,Cell Phone,Galaxy S24 Ultra,Verizon,512GB,FAULTY,109,90
Smartphones,Samsung,Cell Phone,Galaxy S24 Ultra,Verizon,512GB,POOR,220,90
Smartphones,Samsung,Cell Phone,Galaxy S24 Ultra,Verizon,512GB,GOOD,317,230
Smartphones,Samsung,Cell Phone,Galaxy S24 Ultra,Verizon,512GB,MINT,377,280
Smartphones,Samsung,Cell Phone,Galaxy S24 Ultra,Verizon,256GB,FAULTY,109,80
Smartphones,Samsung,Cell Phone,Galaxy S24 Ultra,Verizon,256GB,POOR,170,80
Smartphones,Samsung,Cell Phone,Galaxy S24 Ultra,Verizon,256GB,GOOD,294,230
Smartphones,Samsung,Cell Phone,Galaxy S24 Ultra,Verizon,256GB,MINT,343,280
Smartphones,Samsung,Cell Phone,Galaxy S24+,Unlocked,512GB,POOR,215,90
Smartphones,Samsung,Cell Phone,Galaxy S24+,Unlocked,512GB,GOOD,311,255
Smartphones,Samsung,Cell Phone,Galaxy S24+,Unlocked,512GB,MINT,345,285
Smartphones,Samsung,Cell Phone,Galaxy S24+,Unlocked,256GB,FAULTY,94,80
Smartphones,Samsung,Cell Phone,Galaxy S24+,Unlocked,256GB,POOR,175,80
Smartphones,Samsung,Cell Phone,Galaxy S24+,Unlocked,256GB,GOOD,263,220
Smartphones,Samsung,Cell Phone,Galaxy S24+,Unlocked,256GB,MINT,299,250
Smartphones,Samsung,Cell Phone,Galaxy S24+,Other,512GB,FAULTY,49,45
Smartphones,Samsung,Cell Phone,Galaxy S24+,Other,512GB,POOR,82,45
Smartphones,Samsung,Cell Phone,Galaxy S24+,Other,512GB,GOOD,151,150
Smartphones,Samsung,Cell Phone,Galaxy S24+,Other,512GB,MINT,181,180
Smartphones,Samsung,Cell Phone,Galaxy S24+,Other,256GB,FAULTY,42,40
Smartphones,Samsung,Cell Phone,Galaxy S24+,Other,256GB,POOR,70,40
Smartphones,Samsung,Cell Phone,Galaxy S24+,Other,256GB,GOOD,135,105
Smartphones,Samsung,Cell Phone,Galaxy S24+,Other,256GB,MINT,159,135
Smartphones,Samsung,Cell Phone,Galaxy S24+,T-Mobile,512GB,FAULTY,74,60
Smartphones,Samsung,Cell Phone,Galaxy S24+,T-Mobile,512GB,POOR,128,60
Smartphones,Samsung,Cell Phone,Galaxy S24+,T-Mobile,512GB,GOOD,220,190
Smartphones,Samsung,Cell Phone,Galaxy S24+,T-Mobile,512GB,MINT,263,220
Smartphones,Samsung,Cell Phone,Galaxy S24+,T-Mobile,256GB,FAULTY,64,55
Smartphones,Samsung,Cell Phone,Galaxy S24+,T-Mobile,256GB,POOR,115,55
Smartphones,Samsung,Cell Phone,Galaxy S24+,T-Mobile,256GB,GOOD,181,140
Smartphones,Samsung,Cell Phone,Galaxy S24+,T-Mobile,256GB,MINT,223,170
Smartphones,Samsung,Cell Phone,Galaxy S24+,AT&T,512GB,FAULTY,84,75
Smartphones,Samsung,Cell Phone,Galaxy S24+,AT&T,512GB,POOR,143,75
Smartphones,Samsung,Cell Phone,Galaxy S24+,AT&T,512GB,GOOD,246,215
Smartphones,Samsung,Cell Phone,Galaxy S24+,AT&T,512GB,MINT,286,245
Smartphones,Samsung,Cell Phone,Galaxy S24+,AT&T,256GB,FAULTY,79,70
Smartphones,Samsung,Cell Phone,Galaxy S24+,AT&T,256GB,POOR,115,70
Smartphones,Samsung,Cell Phone,Galaxy S24+,AT&T,256GB,GOOD,189,165
Smartphones,Samsung,Cell Phone,Galaxy S24+,AT&T,256GB,MINT,233,195
Smartphones,Samsung,Cell Phone,Galaxy S24+,Verizon,512GB,FAULTY,84,75
Smartphones,Samsung,Cell Phone,Galaxy S24+,Verizon,512GB,POOR,127,75
Smartphones,Samsung,Cell Phone,Galaxy S24+,Verizon,512GB,GOOD,225,215
Smartphones,Samsung,Cell Phone,Galaxy S24+,Verizon,512GB,MINT,277,245
Smartphones,Samsung,Cell Phone,Galaxy S24+,Verizon,256GB,FAULTY,74,65
Smartphones,Samsung,Cell Phone,Galaxy S24+,Verizon,256GB,POOR,125,65
Smartphones,Samsung,Cell Phone,Galaxy S24+,Verizon,256GB,GOOD,184,165
Smartphones,Samsung,Cell Phone,Galaxy S24+,Verizon,256GB,MINT,227,195
Smartphones,Samsung,Cell Phone,Galaxy S25 FE,Unlocked,256GB,FAULTY,53,25
Smartphones,Samsung,Cell Phone,Galaxy S25,Unlocked,256GB,FAULTY,122,90
Smartphones,Samsung,Cell Phone,Galaxy S25,Unlocked,256GB,POOR,262,90
Smartphones,Samsung,Cell Phone,Galaxy S25,Unlocked,256GB,GOOD,335,300
Smartphones,Samsung,Cell Phone,Galaxy S25,Unlocked,256GB,MINT,375,350
Smartphones,Samsung,Cell Phone,Galaxy S25,Unlocked,128GB,FAULTY,106,
Smartphones,Samsung,Cell Phone,Galaxy S25,Unlocked,128GB,POOR,220,
Smartphones,Samsung,Cell Phone,Galaxy S25,Unlocked,128GB,GOOD,293,
Smartphones,Samsung,Cell Phone,Galaxy S25,Unlocked,128GB,MINT,325,
Smartphones,Samsung,Cell Phone,Galaxy S25,Other,256GB,FAULTY,71,70
Smartphones,Samsung,Cell Phone,Galaxy S25,Other,256GB,POOR,106,70
Smartphones,Samsung,Cell Phone,Galaxy S25,Other,256GB,GOOD,183,165
Smartphones,Samsung,Cell Phone,Galaxy S25,Other,256GB,MINT,216,215
Smartphones,Samsung,Cell Phone,Galaxy S25,Other,128GB,FAULTY,66,65
Smartphones,Samsung,Cell Phone,Galaxy S25,Other,128GB,POOR,89,65
Smartphones,Samsung,Cell Phone,Galaxy S25,Other,128GB,GOOD,162,140
Smartphones,Samsung,Cell Phone,Galaxy S25,Other,128GB,MINT,191,190
Smartphones,Samsung,Cell Phone,Galaxy S25,T-Mobile,256GB,FAULTY,86,80
Smartphones,Samsung,Cell Phone,Galaxy S25,T-Mobile,256GB,POOR,164,80
Smartphones,Samsung,Cell Phone,Galaxy S25,T-Mobile,256GB,GOOD,250,215
Smartphones,Samsung,Cell Phone,Galaxy S25,T-Mobile,256GB,MINT,284,265
Smartphones,Samsung,Cell Phone,Galaxy S25,T-Mobile,128GB,FAULTY,76,70
Smartphones,Samsung,Cell Phone,Galaxy S25,T-Mobile,128GB,POOR,139,70
Smartphones,Samsung,Cell Phone,Galaxy S25,T-Mobile,128GB,GOOD,215,185
Smartphones,Samsung,Cell Phone,Galaxy S25,T-Mobile,128GB,MINT,250,235
Smartphones,Samsung,Cell Phone,Galaxy S25,AT&T,256GB,FAULTY,91,85
Smartphones,Samsung,Cell Phone,Galaxy S25,AT&T,256GB,POOR,189,85
Smartphones,Samsung,Cell Phone,Galaxy S25,AT&T,256GB,GOOD,268,240
Smartphones,Samsung,Cell Phone,Galaxy S25,AT&T,256GB,MINT,313,290
Smartphones,Samsung,Cell Phone,Galaxy S25,AT&T,128GB,FAULTY,81,75
Smartphones,Samsung,Cell Phone,Galaxy S25,AT&T,128GB,POOR,149,75
Smartphones,Samsung,Cell Phone,Galaxy S25,AT&T,128GB,GOOD,240,210
Smartphones,Samsung,Cell Phone,Galaxy S25,AT&T,128GB,MINT,282,260
Smartphones,Samsung,Cell Phone,Galaxy S25,Verizon,256GB,FAULTY,91,85
Smartphones,Samsung,Cell Phone,Galaxy S25,Verizon,256GB,POOR,139,85
Smartphones,Samsung,Cell Phone,Galaxy S25,Verizon,256GB,GOOD,263,240
Smartphones,Samsung,Cell Phone,Galaxy S25,Verizon,256GB,MINT,307,290
Smartphones,Samsung,Cell Phone,Galaxy S25,Verizon,128GB,FAULTY,81,75
Smartphones,Samsung,Cell Phone,Galaxy S25,Verizon,128GB,POOR,141,75
Smartphones,Samsung,Cell Phone,Galaxy S25,Verizon,128GB,GOOD,226,210
Smartphones,Samsung,Cell Phone,Galaxy S25,Verizon,128GB,MINT,278,260
Smartphones,Samsung,Cell Phone,Galaxy S25 FE,Unlocked,256GB,POOR,112,25
Smartphones,Samsung,Cell Phone,Galaxy S25 FE,Unlocked,256GB,GOOD,253,235
Smartphones,Samsung,Cell Phone,Galaxy S25 FE,Unlocked,256GB,MINT,285,265
Smartphones,Samsung,Cell Phone,Galaxy S25 FE,Unlocked,128GB,FAULTY,66,65
Smartphones,Samsung,Cell Phone,Galaxy S25 FE,Unlocked,128GB,POOR,94,65
Smartphones,Samsung,Cell Phone,Galaxy S25 FE,Unlocked,128GB,GOOD,233,215
Smartphones,Samsung,Cell Phone,Galaxy S25 FE,Unlocked,128GB,MINT,265,245
Smartphones,Samsung,Cell Phone,Galaxy S25 FE,Other,256GB,FAULTY,76,75
Smartphones,Samsung,Cell Phone,Galaxy S25 FE,Other,256GB,POOR,76,75
Smartphones,Samsung,Cell Phone,Galaxy S25 FE,Other,256GB,GOOD,130,130
Smartphones,Samsung,Cell Phone,Galaxy S25 FE,Other,256GB,MINT,136,120
Smartphones,Samsung,Cell Phone,Galaxy S25 FE,Other,128GB,FAULTY,51,50
Smartphones,Samsung,Cell Phone,Galaxy S25 FE,Other,128GB,POOR,51,50
Smartphones,Samsung,Cell Phone,Galaxy S25 FE,Other,128GB,GOOD,110,110
Smartphones,Samsung,Cell Phone,Galaxy S25 FE,Other,128GB,MINT,121,100
Smartphones,Samsung,Cell Phone,Galaxy S25 FE,T-Mobile,256GB,FAULTY,56,55
Smartphones,Samsung,Cell Phone,Galaxy S25 FE,T-Mobile,256GB,POOR,74,55
Smartphones,Samsung,Cell Phone,Galaxy S25 FE,T-Mobile,256GB,GOOD,189,140
Smartphones,Samsung,Cell Phone,Galaxy S25 FE,T-Mobile,256GB,MINT,223,160
Smartphones,Samsung,Cell Phone,Galaxy S25 FE,T-Mobile,128GB,FAULTY,61,60
Smartphones,Samsung,Cell Phone,Galaxy S25 FE,T-Mobile,128GB,POOR,64,60
Smartphones,Samsung,Cell Phone,Galaxy S25 FE,T-Mobile,128GB,GOOD,176,120
Smartphones,Samsung,Cell Phone,Galaxy S25 FE,T-Mobile,128GB,MINT,208,140
Smartphones,Samsung,Cell Phone,Galaxy S25 FE,AT&T,256GB,FAULTY,46,45
Smartphones,Samsung,Cell Phone,Galaxy S25 FE,AT&T,256GB,POOR,86,45
Smartphones,Samsung,Cell Phone,Galaxy S25 FE,AT&T,256GB,GOOD,189,160
Smartphones,Samsung,Cell Phone,Galaxy S25 FE,AT&T,256GB,MINT,223,180
Smartphones,Samsung,Cell Phone,Galaxy S25 FE,AT&T,128GB,FAULTY,60,60
Smartphones,Samsung,Cell Phone,Galaxy S25 FE,AT&T,128GB,POOR,74,60
Smartphones,Samsung,Cell Phone,Galaxy S25 FE,AT&T,128GB,GOOD,176,140
Smartphones,Samsung,Cell Phone,Galaxy S25 FE,AT&T,128GB,MINT,208,160
Smartphones,Samsung,Cell Phone,Galaxy S25 FE,Verizon,256GB,FAULTY,36,35
Smartphones,Samsung,Cell Phone,Galaxy S25 FE,Verizon,256GB,POOR,73,35
Smartphones,Samsung,Cell Phone,Galaxy S25 FE,Verizon,256GB,GOOD,184,160
Smartphones,Samsung,Cell Phone,Galaxy S25 FE,Verizon,256GB,MINT,217,180
Smartphones,Samsung,Cell Phone,Galaxy S25 FE,Verizon,128GB,FAULTY,61,60
Smartphones,Samsung,Cell Phone,Galaxy S25 FE,Verizon,128GB,POOR,67,60
Smartphones,Samsung,Cell Phone,Galaxy S25 FE,Verizon,128GB,GOOD,171,140
Smartphones,Samsung,Cell Phone,Galaxy S25 FE,Verizon,128GB,MINT,202,160
Smartphones,Samsung,Cell Phone,Galaxy S25 Edge,Unlocked,512GB,FAULTY,142,100
Smartphones,Samsung,Cell Phone,Galaxy S25+,Unlocked,512GB,FAULTY,156,100
Smartphones,Samsung,Cell Phone,Galaxy S25+,Unlocked,512GB,POOR,393,100
Smartphones,Samsung,Cell Phone,Galaxy S25+,Unlocked,512GB,GOOD,433,410
Smartphones,Samsung,Cell Phone,Galaxy S25+,Unlocked,512GB,MINT,499,460
Smartphones,Samsung,Cell Phone,Galaxy S25+,Unlocked,256GB,FAULTY,144,90
Smartphones,Samsung,Cell Phone,Galaxy S25+,Unlocked,256GB,POOR,331,90
Smartphones,Samsung,Cell Phone,Galaxy S25+,Unlocked,256GB,GOOD,395,380
Smartphones,Samsung,Cell Phone,Galaxy S25+,Unlocked,256GB,MINT,455,420
Smartphones,Samsung,Cell Phone,Galaxy S25+,Other,512GB,FAULTY,81,80
Smartphones,Samsung,Cell Phone,Galaxy S25+,Other,512GB,POOR,241,80
Smartphones,Samsung,Cell Phone,Galaxy S25+,Other,512GB,GOOD,289,280
Smartphones,Samsung,Cell Phone,Galaxy S25+,Other,512GB,MINT,341,330
Smartphones,Samsung,Cell Phone,Galaxy S25+,Other,256GB,FAULTY,76,75
Smartphones,Samsung,Cell Phone,Galaxy S25+,Other,256GB,POOR,181,75
Smartphones,Samsung,Cell Phone,Galaxy S25+,Other,256GB,GOOD,260,260
Smartphones,Samsung,Cell Phone,Galaxy S25+,Other,256GB,MINT,301,300
Smartphones,Samsung,Cell Phone,Galaxy S25+,T-Mobile,512GB,FAULTY,106,90
Smartphones,Samsung,Cell Phone,Galaxy S25+,T-Mobile,512GB,POOR,299,90
Smartphones,Samsung,Cell Phone,Galaxy S25+,T-Mobile,512GB,GOOD,365,330
Smartphones,Samsung,Cell Phone,Galaxy S25+,T-Mobile,512GB,MINT,425,380
Smartphones,Samsung,Cell Phone,Galaxy S25+,T-Mobile,256GB,FAULTY,88,80
Smartphones,Samsung,Cell Phone,Galaxy S25+,T-Mobile,256GB,POOR,239,80
Smartphones,Samsung,Cell Phone,Galaxy S25+,T-Mobile,256GB,GOOD,312,280
Smartphones,Samsung,Cell Phone,Galaxy S25+,T-Mobile,256GB,MINT,365,320
Smartphones,Samsung,Cell Phone,Galaxy S25+,AT&T,512GB,FAULTY,114,95
Smartphones,Samsung,Cell Phone,Galaxy S25+,AT&T,512GB,POOR,323,95
Smartphones,Samsung,Cell Phone,Galaxy S25+,AT&T,512GB,GOOD,479,355
Smartphones,Samsung,Cell Phone,Galaxy S25+,AT&T,512GB,MINT,580,405
Smartphones,Samsung,Cell Phone,Galaxy S25+,AT&T,256GB,FAULTY,97,85
Smartphones,Samsung,Cell Phone,Galaxy S25+,AT&T,256GB,POOR,262,85
Smartphones,Samsung,Cell Phone,Galaxy S25+,AT&T,256GB,GOOD,337,305
Smartphones,Samsung,Cell Phone,Galaxy S25+,AT&T,256GB,MINT,390,345
Smartphones,Samsung,Cell Phone,Galaxy S25+,Verizon,512GB,FAULTY,101,95
Smartphones,Samsung,Cell Phone,Galaxy S25+,Verizon,512GB,POOR,170,95
Smartphones,Samsung,Cell Phone,Galaxy S25+,Verizon,512GB,GOOD,364,355
Smartphones,Samsung,Cell Phone,Galaxy S25+,Verizon,512GB,MINT,422,405
Smartphones,Samsung,Cell Phone,Galaxy S25+,Verizon,256GB,FAULTY,91,85
Smartphones,Samsung,Cell Phone,Galaxy S25+,Verizon,256GB,POOR,149,85
Smartphones,Samsung,Cell Phone,Galaxy S25+,Verizon,256GB,GOOD,312,305
Smartphones,Samsung,Cell Phone,Galaxy S25+,Verizon,256GB,MINT,360,345
Smartphones,Samsung,Cell Phone,Galaxy S25 Edge,Unlocked,512GB,POOR,334,100
Smartphones,Samsung,Cell Phone,Galaxy S25 Edge,Unlocked,512GB,GOOD,405,350
Smartphones,Samsung,Cell Phone,Galaxy S25 Edge,Unlocked,512GB,MINT,450,400
Smartphones,Samsung,Cell Phone,Galaxy S25 Edge,Unlocked,256GB,FAULTY,132,85
Smartphones,Samsung,Cell Phone,Galaxy S25 Edge,Unlocked,256GB,POOR,309,85
Smartphones,Samsung,Cell Phone,Galaxy S25 Edge,Unlocked,256GB,GOOD,378,330
Smartphones,Samsung,Cell Phone,Galaxy S25 Edge,Unlocked,256GB,MINT,425,370
Smartphones,Samsung,Cell Phone,Galaxy S25 Edge,Other,512GB,FAULTY,86,85
Smartphones,Samsung,Cell Phone,Galaxy S25 Edge,Other,512GB,POOR,181,85
Smartphones,Samsung,Cell Phone,Galaxy S25 Edge,Other,512GB,GOOD,282,265
Smartphones,Samsung,Cell Phone,Galaxy S25 Edge,Other,512GB,MINT,321,315
Smartphones,Samsung,Cell Phone,Galaxy S25 Edge,Other,256GB,FAULTY,81,80
Smartphones,Samsung,Cell Phone,Galaxy S25 Edge,Other,256GB,POOR,156,80
Smartphones,Samsung,Cell Phone,Galaxy S25 Edge,Other,256GB,GOOD,260,250
Smartphones,Samsung,Cell Phone,Galaxy S25 Edge,Other,256GB,MINT,301,300
Smartphones,Samsung,Cell Phone,Galaxy S25 Edge,T-Mobile,512GB,FAULTY,96,90
Smartphones,Samsung,Cell Phone,Galaxy S25 Edge,T-Mobile,512GB,POOR,239,90
Smartphones,Samsung,Cell Phone,Galaxy S25 Edge,T-Mobile,512GB,GOOD,324,295
Smartphones,Samsung,Cell Phone,Galaxy S25 Edge,T-Mobile,512GB,MINT,361,345
Smartphones,Samsung,Cell Phone,Galaxy S25 Edge,T-Mobile,256GB,FAULTY,92,85
Smartphones,Samsung,Cell Phone,Galaxy S25 Edge,T-Mobile,256GB,POOR,214,85
Smartphones,Samsung,Cell Phone,Galaxy S25 Edge,T-Mobile,256GB,GOOD,298,290
Smartphones,Samsung,Cell Phone,Galaxy S25 Edge,T-Mobile,256GB,MINT,347,340
Smartphones,Samsung,Cell Phone,Galaxy S25 Edge,AT&T,512GB,FAULTY,96,90
Smartphones,Samsung,Cell Phone,Galaxy S25 Edge,AT&T,512GB,POOR,229,90
Smartphones,Samsung,Cell Phone,Galaxy S25 Edge,AT&T,512GB,GOOD,306,275
Smartphones,Samsung,Cell Phone,Galaxy S25 Edge,AT&T,512GB,MINT,346,325
Smartphones,Samsung,Cell Phone,Galaxy S25 Edge,AT&T,256GB,FAULTY,96,90
Smartphones,Samsung,Cell Phone,Galaxy S25 Edge,AT&T,256GB,POOR,199,90
Smartphones,Samsung,Cell Phone,Galaxy S25 Edge,AT&T,256GB,GOOD,284,270
Smartphones,Samsung,Cell Phone,Galaxy S25 Edge,AT&T,256GB,MINT,327,320
Smartphones,Samsung,Cell Phone,Galaxy S25 Edge,Verizon,512GB,FAULTY,96,90
Smartphones,Samsung,Cell Phone,Galaxy S25 Edge,Verizon,512GB,POOR,229,90
Smartphones,Samsung,Cell Phone,Galaxy S25 Edge,Verizon,512GB,GOOD,293,275
Smartphones,Samsung,Cell Phone,Galaxy S25 Edge,Verizon,512GB,MINT,336,325
Smartphones,Samsung,Cell Phone,Galaxy S25 Edge,Verizon,256GB,FAULTY,91,85
Smartphones,Samsung,Cell Phone,Galaxy S25 Edge,Verizon,256GB,POOR,199,85
Smartphones,Samsung,Cell Phone,Galaxy S25 Edge,Verizon,256GB,GOOD,284,270
Smartphones,Samsung,Cell Phone,Galaxy S25 Edge,Verizon,256GB,MINT,331,320
Smartphones,Samsung,Cell Phone,Galaxy S25 Ultra,Unlocked,1TB,FAULTY,247,175
Smartphones,Samsung,Cell Phone,Galaxy S26,Unlocked,512GB,FAULTY,130,95
Smartphones,Samsung,Cell Phone,Galaxy S26,Unlocked,512GB,POOR,341,95
Smartphones,Samsung,Cell Phone,Galaxy S26,Unlocked,512GB,GOOD,425,425
Smartphones,Samsung,Cell Phone,Galaxy S26,Unlocked,512GB,MINT,481,480
Smartphones,Samsung,Cell Phone,Galaxy S26,Unlocked,256GB,FAULTY,100,85
Smartphones,Samsung,Cell Phone,Galaxy S26,Unlocked,256GB,POOR,316,85
Smartphones,Samsung,Cell Phone,Galaxy S26,Unlocked,256GB,GOOD,405,405
Smartphones,Samsung,Cell Phone,Galaxy S26,Unlocked,256GB,MINT,456,455
Smartphones,Samsung,Cell Phone,Galaxy S26,Other,512GB,FAULTY,130,75
Smartphones,Samsung,Cell Phone,Galaxy S26,Other,512GB,POOR,192,75
Smartphones,Samsung,Cell Phone,Galaxy S26,Other,512GB,GOOD,281,275
Smartphones,Samsung,Cell Phone,Galaxy S26,Other,512GB,MINT,331,330
Smartphones,Samsung,Cell Phone,Galaxy S26,Other,256GB,FAULTY,100,70
Smartphones,Samsung,Cell Phone,Galaxy S26,Other,256GB,POOR,167,70
Smartphones,Samsung,Cell Phone,Galaxy S26,Other,256GB,GOOD,260,250
Smartphones,Samsung,Cell Phone,Galaxy S26,Other,256GB,MINT,308.7,305
Smartphones,Samsung,Cell Phone,Galaxy S26,T-Mobile,512GB,FAULTY,130,85
Smartphones,Samsung,Cell Phone,Galaxy S26,T-Mobile,512GB,POOR,241,85
Smartphones,Samsung,Cell Phone,Galaxy S26,T-Mobile,512GB,GOOD,352,330
Smartphones,Samsung,Cell Phone,Galaxy S26,T-Mobile,512GB,MINT,415,380
Smartphones,Samsung,Cell Phone,Galaxy S26,T-Mobile,256GB,FAULTY,100,75
Smartphones,Samsung,Cell Phone,Galaxy S26,T-Mobile,256GB,POOR,216,75
Smartphones,Samsung,Cell Phone,Galaxy S26,T-Mobile,256GB,GOOD,337,305
Smartphones,Samsung,Cell Phone,Galaxy S26,T-Mobile,256GB,MINT,397,355
Smartphones,Samsung,Cell Phone,Galaxy S26,AT&T,512GB,FAULTY,130,90
Smartphones,Samsung,Cell Phone,Galaxy S26,AT&T,512GB,POOR,266,90
Smartphones,Samsung,Cell Phone,Galaxy S26,AT&T,512GB,GOOD,352,350
Smartphones,Samsung,Cell Phone,Galaxy S26,AT&T,512GB,MINT,415,405
Smartphones,Samsung,Cell Phone,Galaxy S26,AT&T,256GB,FAULTY,100,80
Smartphones,Samsung,Cell Phone,Galaxy S26,AT&T,256GB,POOR,241,80
Smartphones,Samsung,Cell Phone,Galaxy S26,AT&T,256GB,GOOD,337,330
Smartphones,Samsung,Cell Phone,Galaxy S26,AT&T,256GB,MINT,397,380
Smartphones,Samsung,Cell Phone,Galaxy S26,Verizon,512GB,FAULTY,130,90
Smartphones,Samsung,Cell Phone,Galaxy S26,Verizon,512GB,POOR,231,90
Smartphones,Samsung,Cell Phone,Galaxy S26,Verizon,512GB,GOOD,350,350
Smartphones,Samsung,Cell Phone,Galaxy S26,Verizon,512GB,MINT,414.9,405
Smartphones,Samsung,Cell Phone,Galaxy S26,Verizon,256GB,FAULTY,100,80
Smartphones,Samsung,Cell Phone,Galaxy S26,Verizon,256GB,POOR,210,80
Smartphones,Samsung,Cell Phone,Galaxy S26,Verizon,256GB,GOOD,330,330
Smartphones,Samsung,Cell Phone,Galaxy S26,Verizon,256GB,MINT,396.9,380
Smartphones,Samsung,Cell Phone,Galaxy S25 Ultra,Unlocked,1TB,POOR,550,175
Smartphones,Samsung,Cell Phone,Galaxy S25 Ultra,Unlocked,1TB,GOOD,631,540
Smartphones,Samsung,Cell Phone,Galaxy S25 Ultra,Unlocked,1TB,MINT,692,600
Smartphones,Samsung,Cell Phone,Galaxy S25 Ultra,Unlocked,512GB,FAULTY,226,165
Smartphones,Samsung,Cell Phone,Galaxy S25 Ultra,Unlocked,512GB,POOR,498,165
Smartphones,Samsung,Cell Phone,Galaxy S25 Ultra,Unlocked,512GB,GOOD,577,495
Smartphones,Samsung,Cell Phone,Galaxy S25 Ultra,Unlocked,512GB,MINT,632,560
Smartphones,Samsung,Cell Phone,Galaxy S25 Ultra,Unlocked,256GB,FAULTY,216,155
Smartphones,Samsung,Cell Phone,Galaxy S25 Ultra,Unlocked,256GB,POOR,473,155
Smartphones,Samsung,Cell Phone,Galaxy S25 Ultra,Unlocked,256GB,GOOD,552,445
Smartphones,Samsung,Cell Phone,Galaxy S25 Ultra,Unlocked,256GB,MINT,607,510
Smartphones,Samsung,Cell Phone,Galaxy S25 Ultra,Unlocked,128GB,FAULTY,85,80
Smartphones,Samsung,Cell Phone,Galaxy S25 Ultra,Unlocked,128GB,POOR,85,80
Smartphones,Samsung,Cell Phone,Galaxy S25 Ultra,Unlocked,128GB,GOOD,265,260
Smartphones,Samsung,Cell Phone,Galaxy S25 Ultra,Unlocked,128GB,MINT,315,310
Smartphones,Samsung,Cell Phone,Galaxy S25 Ultra,Other,1TB,FAULTY,231,135
Smartphones,Samsung,Cell Phone,Galaxy S25 Ultra,Other,1TB,POOR,346,135
Smartphones,Samsung,Cell Phone,Galaxy S25 Ultra,Other,1TB,GOOD,410,405
Smartphones,Samsung,Cell Phone,Galaxy S25 Ultra,Other,1TB,MINT,471,470
Smartphones,Samsung,Cell Phone,Galaxy S25 Ultra,Other,512GB,FAULTY,211,130
Smartphones,Samsung,Cell Phone,Galaxy S25 Ultra,Other,512GB,POOR,296,130
Smartphones,Samsung,Cell Phone,Galaxy S25 Ultra,Other,512GB,GOOD,387,335
Smartphones,Samsung,Cell Phone,Galaxy S25 Ultra,Other,512GB,MINT,451,400
Smartphones,Samsung,Cell Phone,Galaxy S25 Ultra,Other,256GB,FAULTY,191,125
Smartphones,Samsung,Cell Phone,Galaxy S25 Ultra,Other,256GB,POOR,271,125
Smartphones,Samsung,Cell Phone,Galaxy S25 Ultra,Other,256GB,GOOD,342,310
Smartphones,Samsung,Cell Phone,Galaxy S25 Ultra,Other,256GB,MINT,388,375
Smartphones,Samsung,Cell Phone,Galaxy S25 Ultra,Other,128GB,FAULTY,,
Smartphones,Samsung,Cell Phone,Galaxy S25 Ultra,Other,128GB,POOR,,
Smartphones,Samsung,Cell Phone,Galaxy S25 Ultra,Other,128GB,GOOD,,
Smartphones,Samsung,Cell Phone,Galaxy S25 Ultra,Other,128GB,MINT,,
Smartphones,Samsung,Cell Phone,Galaxy S25 Ultra,T-Mobile,1TB,FAULTY,235,155
Smartphones,Samsung,Cell Phone,Galaxy S25 Ultra,T-Mobile,1TB,POOR,404,155
Smartphones,Samsung,Cell Phone,Galaxy S25 Ultra,T-Mobile,1TB,GOOD,490,455
Smartphones,Samsung,Cell Phone,Galaxy S25 Ultra,T-Mobile,1TB,MINT,548,520
Smartphones,Samsung,Cell Phone,Galaxy S25 Ultra,T-Mobile,512GB,FAULTY,216,145
Smartphones,Samsung,Cell Phone,Galaxy S25 Ultra,T-Mobile,512GB,POOR,354,145
Smartphones,Samsung,Cell Phone,Galaxy S25 Ultra,T-Mobile,512GB,GOOD,433,355
Smartphones,Samsung,Cell Phone,Galaxy S25 Ultra,T-Mobile,512GB,MINT,494,420
Smartphones,Samsung,Cell Phone,Galaxy S25 Ultra,T-Mobile,256GB,FAULTY,196,135
Smartphones,Samsung,Cell Phone,Galaxy S25 Ultra,T-Mobile,256GB,POOR,329,135
Smartphones,Samsung,Cell Phone,Galaxy S25 Ultra,T-Mobile,256GB,GOOD,404,335
Smartphones,Samsung,Cell Phone,Galaxy S25 Ultra,T-Mobile,256GB,MINT,469,400
Smartphones,Samsung,Cell Phone,Galaxy S25 Ultra,T-Mobile,128GB,FAULTY,85,
Smartphones,Samsung,Cell Phone,Galaxy S25 Ultra,T-Mobile,128GB,POOR,85,
Smartphones,Samsung,Cell Phone,Galaxy S25 Ultra,T-Mobile,128GB,GOOD,265,
Smartphones,Samsung,Cell Phone,Galaxy S25 Ultra,T-Mobile,128GB,MINT,315,
Smartphones,Samsung,Cell Phone,Galaxy S25 Ultra,AT&T,1TB,FAULTY,235,155
Smartphones,Samsung,Cell Phone,Galaxy S25 Ultra,AT&T,1TB,POOR,454,155
Smartphones,Samsung,Cell Phone,Galaxy S25 Ultra,AT&T,1TB,GOOD,533,505
Smartphones,Samsung,Cell Phone,Galaxy S25 Ultra,AT&T,1TB,MINT,594,570
Smartphones,Samsung,Cell Phone,Galaxy S25 Ultra,AT&T,512GB,FAULTY,216,145
Smartphones,Samsung,Cell Phone,Galaxy S25 Ultra,AT&T,512GB,POOR,404,145
Smartphones,Samsung,Cell Phone,Galaxy S25 Ultra,AT&T,512GB,GOOD,479,405
Smartphones,Samsung,Cell Phone,Galaxy S25 Ultra,AT&T,512GB,MINT,536,470
Smartphones,Samsung,Cell Phone,Galaxy S25 Ultra,AT&T,256GB,FAULTY,196,135
Smartphones,Samsung,Cell Phone,Galaxy S25 Ultra,AT&T,256GB,POOR,379,135
Smartphones,Samsung,Cell Phone,Galaxy S25 Ultra,AT&T,256GB,GOOD,454,355
Smartphones,Samsung,Cell Phone,Galaxy S25 Ultra,AT&T,256GB,MINT,511,420
Smartphones,Samsung,Cell Phone,Galaxy S25 Ultra,AT&T,128GB,FAULTY,85,
Smartphones,Samsung,Cell Phone,Galaxy S25 Ultra,AT&T,128GB,POOR,85,
Smartphones,Samsung,Cell Phone,Galaxy S25 Ultra,AT&T,128GB,GOOD,265,
Smartphones,Samsung,Cell Phone,Galaxy S25 Ultra,AT&T,128GB,MINT,315,
Smartphones,Samsung,Cell Phone,Galaxy S25 Ultra,Verizon,1TB,FAULTY,235,155
Smartphones,Samsung,Cell Phone,Galaxy S25 Ultra,Verizon,1TB,POOR,289,155
Smartphones,Samsung,Cell Phone,Galaxy S25 Ultra,Verizon,1TB,GOOD,548,505
Smartphones,Samsung,Cell Phone,Galaxy S25 Ultra,Verizon,1TB,MINT,589,570
Smartphones,Samsung,Cell Phone,Galaxy S25 Ultra,Verizon,512GB,FAULTY,216,145
Smartphones,Samsung,Cell Phone,Galaxy S25 Ultra,Verizon,512GB,POOR,259,145
Smartphones,Samsung,Cell Phone,Galaxy S25 Ultra,Verizon,512GB,GOOD,446,405
Smartphones,Samsung,Cell Phone,Galaxy S25 Ultra,Verizon,512GB,MINT,489,470
Smartphones,Samsung,Cell Phone,Galaxy S25 Ultra,Verizon,256GB,FAULTY,196,135
Smartphones,Samsung,Cell Phone,Galaxy S25 Ultra,Verizon,256GB,POOR,239,135
Smartphones,Samsung,Cell Phone,Galaxy S25 Ultra,Verizon,256GB,GOOD,410,355
Smartphones,Samsung,Cell Phone,Galaxy S25 Ultra,Verizon,256GB,MINT,444,420
Smartphones,Samsung,Cell Phone,Galaxy S25 Ultra,Verizon,128GB,FAULTY,85,
Smartphones,Samsung,Cell Phone,Galaxy S25 Ultra,Verizon,128GB,POOR,85,
Smartphones,Samsung,Cell Phone,Galaxy S25 Ultra,Verizon,128GB,GOOD,265,
Smartphones,Samsung,Cell Phone,Galaxy S25 Ultra,Verizon,128GB,MINT,315,
Smartphones,Samsung,Cell Phone,Galaxy S26+,Unlocked,512GB,FAULTY,160,100
Smartphones,Samsung,Cell Phone,Galaxy S26 Ultra,Unlocked,1TB,FAULTY,370,175
Smartphones,Samsung,Cell Phone,Galaxy S26 Ultra,Unlocked,1TB,POOR,521,175
Smartphones,Samsung,Cell Phone,Galaxy S26 Ultra,Unlocked,1TB,GOOD,660,655
Smartphones,Samsung,Cell Phone,Galaxy S26 Ultra,Unlocked,1TB,MINT,745,735
Smartphones,Samsung,Cell Phone,Galaxy S26 Ultra,Unlocked,512GB,FAULTY,340,165
Smartphones,Samsung,Cell Phone,Galaxy S26 Ultra,Unlocked,512GB,POOR,481,165
Smartphones,Samsung,Cell Phone,Galaxy S26 Ultra,Unlocked,512GB,GOOD,630,620
Smartphones,Samsung,Cell Phone,Galaxy S26 Ultra,Unlocked,512GB,MINT,710,700
Smartphones,Samsung,Cell Phone,Galaxy S26 Ultra,Unlocked,256GB,FAULTY,290,155
Smartphones,Samsung,Cell Phone,Galaxy S26 Ultra,Unlocked,256GB,POOR,441,155
Smartphones,Samsung,Cell Phone,Galaxy S26 Ultra,Unlocked,256GB,GOOD,580,575
Smartphones,Samsung,Cell Phone,Galaxy S26 Ultra,Unlocked,256GB,MINT,665,655
Smartphones,Samsung,Cell Phone,Galaxy S26 Ultra,Other,1TB,FAULTY,370,135
Smartphones,Samsung,Cell Phone,Galaxy S26 Ultra,Other,1TB,POOR,371,135
Smartphones,Samsung,Cell Phone,Galaxy S26 Ultra,Other,1TB,GOOD,465,455
Smartphones,Samsung,Cell Phone,Galaxy S26 Ultra,Other,1TB,MINT,536,535
Smartphones,Samsung,Cell Phone,Galaxy S26 Ultra,Other,512GB,FAULTY,340,130
Smartphones,Samsung,Cell Phone,Galaxy S26 Ultra,Other,512GB,POOR,341,130
Smartphones,Samsung,Cell Phone,Galaxy S26 Ultra,Other,512GB,GOOD,435,420
Smartphones,Samsung,Cell Phone,Galaxy S26 Ultra,Other,512GB,MINT,501,500
Smartphones,Samsung,Cell Phone,Galaxy S26 Ultra,Other,256GB,FAULTY,290,125
Smartphones,Samsung,Cell Phone,Galaxy S26 Ultra,Other,256GB,POOR,291,125
Smartphones,Samsung,Cell Phone,Galaxy S26 Ultra,Other,256GB,GOOD,387,375
Smartphones,Samsung,Cell Phone,Galaxy S26 Ultra,Other,256GB,MINT,456,455
Smartphones,Samsung,Cell Phone,Galaxy S26 Ultra,T-Mobile,1TB,FAULTY,370,155
Smartphones,Samsung,Cell Phone,Galaxy S26 Ultra,T-Mobile,1TB,POOR,371,155
Smartphones,Samsung,Cell Phone,Galaxy S26 Ultra,T-Mobile,1TB,GOOD,505,505
Smartphones,Samsung,Cell Phone,Galaxy S26 Ultra,T-Mobile,1TB,MINT,648.9,585
Smartphones,Samsung,Cell Phone,Galaxy S26 Ultra,T-Mobile,512GB,FAULTY,340,145
Smartphones,Samsung,Cell Phone,Galaxy S26 Ultra,T-Mobile,512GB,POOR,341,145
Smartphones,Samsung,Cell Phone,Galaxy S26 Ultra,T-Mobile,512GB,GOOD,470,470
Smartphones,Samsung,Cell Phone,Galaxy S26 Ultra,T-Mobile,512GB,MINT,612.9,550
Smartphones,Samsung,Cell Phone,Galaxy S26 Ultra,T-Mobile,256GB,FAULTY,290,135
Smartphones,Samsung,Cell Phone,Galaxy S26 Ultra,T-Mobile,256GB,POOR,291,135
Smartphones,Samsung,Cell Phone,Galaxy S26 Ultra,T-Mobile,256GB,GOOD,432.67,425
Smartphones,Samsung,Cell Phone,Galaxy S26 Ultra,T-Mobile,256GB,MINT,576.9,505
Smartphones,Samsung,Cell Phone,Galaxy S26 Ultra,AT&T,1TB,FAULTY,370,155
Smartphones,Samsung,Cell Phone,Galaxy S26 Ultra,AT&T,1TB,POOR,421,155
Smartphones,Samsung,Cell Phone,Galaxy S26 Ultra,AT&T,1TB,GOOD,555,555
Smartphones,Samsung,Cell Phone,Galaxy S26 Ultra,AT&T,1TB,MINT,649,635
Smartphones,Samsung,Cell Phone,Galaxy S26 Ultra,AT&T,512GB,FAULTY,340,145
Smartphones,Samsung,Cell Phone,Galaxy S26 Ultra,AT&T,512GB,POOR,381,145
Smartphones,Samsung,Cell Phone,Galaxy S26 Ultra,AT&T,512GB,GOOD,521,520
Smartphones,Samsung,Cell Phone,Galaxy S26 Ultra,AT&T,512GB,MINT,613,600
Smartphones,Samsung,Cell Phone,Galaxy S26 Ultra,AT&T,256GB,FAULTY,290,135
Smartphones,Samsung,Cell Phone,Galaxy S26 Ultra,AT&T,256GB,POOR,341,135
Smartphones,Samsung,Cell Phone,Galaxy S26 Ultra,AT&T,256GB,GOOD,490,475
Smartphones,Samsung,Cell Phone,Galaxy S26 Ultra,AT&T,256GB,MINT,577,555
Smartphones,Samsung,Cell Phone,Galaxy S26 Ultra,Verizon,1TB,FAULTY,370,155
Smartphones,Samsung,Cell Phone,Galaxy S26 Ultra,Verizon,1TB,POOR,374,155
Smartphones,Samsung,Cell Phone,Galaxy S26 Ultra,Verizon,1TB,GOOD,555,555
Smartphones,Samsung,Cell Phone,Galaxy S26 Ultra,Verizon,1TB,MINT,648.9,635
Smartphones,Samsung,Cell Phone,Galaxy S26 Ultra,Verizon,512GB,FAULTY,340,145
Smartphones,Samsung,Cell Phone,Galaxy S26 Ultra,Verizon,512GB,POOR,344,145
Smartphones,Samsung,Cell Phone,Galaxy S26 Ultra,Verizon,512GB,GOOD,520,520
Smartphones,Samsung,Cell Phone,Galaxy S26 Ultra,Verizon,512GB,MINT,612.9,600
Smartphones,Samsung,Cell Phone,Galaxy S26 Ultra,Verizon,256GB,FAULTY,290,135
Smartphones,Samsung,Cell Phone,Galaxy S26 Ultra,Verizon,256GB,POOR,316,135
Smartphones,Samsung,Cell Phone,Galaxy S26 Ultra,Verizon,256GB,GOOD,475,475
Smartphones,Samsung,Cell Phone,Galaxy S26 Ultra,Verizon,256GB,MINT,576.9,555
Smartphones,Samsung,Cell Phone,Galaxy S26+,Unlocked,512GB,POOR,381,100
Smartphones,Samsung,Cell Phone,Galaxy S26+,Unlocked,512GB,GOOD,490,490
Smartphones,Samsung,Cell Phone,Galaxy S26+,Unlocked,512GB,MINT,546,545
Smartphones,Samsung,Cell Phone,Galaxy S26+,Unlocked,256GB,FAULTY,130,90
Smartphones,Samsung,Cell Phone,Galaxy S26+,Unlocked,256GB,POOR,341,90
Smartphones,Samsung,Cell Phone,Galaxy S26+,Unlocked,256GB,GOOD,455,455
Smartphones,Samsung,Cell Phone,Galaxy S26+,Unlocked,256GB,MINT,506,505
Smartphones,Samsung,Cell Phone,Galaxy S26+,Other,512GB,FAULTY,160,80
Smartphones,Samsung,Cell Phone,Galaxy S26+,Other,512GB,POOR,231,80
Smartphones,Samsung,Cell Phone,Galaxy S26+,Other,512GB,GOOD,350,350
Smartphones,Samsung,Cell Phone,Galaxy S26+,Other,512GB,MINT,401,400
Smartphones,Samsung,Cell Phone,Galaxy S26+,Other,256GB,FAULTY,130,75
Smartphones,Samsung,Cell Phone,Galaxy S26+,Other,256GB,POOR,191,75
Smartphones,Samsung,Cell Phone,Galaxy S26+,Other,256GB,GOOD,305,305
Smartphones,Samsung,Cell Phone,Galaxy S26+,Other,256GB,MINT,356,355
Smartphones,Samsung,Cell Phone,Galaxy S26+,T-Mobile,512GB,FAULTY,160,90
Smartphones,Samsung,Cell Phone,Galaxy S26+,T-Mobile,512GB,POOR,281,90
Smartphones,Samsung,Cell Phone,Galaxy S26+,T-Mobile,512GB,GOOD,390,390
Smartphones,Samsung,Cell Phone,Galaxy S26+,T-Mobile,512GB,MINT,477.9,445
Smartphones,Samsung,Cell Phone,Galaxy S26+,T-Mobile,256GB,FAULTY,130,80
Smartphones,Samsung,Cell Phone,Galaxy S26+,T-Mobile,256GB,POOR,241,80
Smartphones,Samsung,Cell Phone,Galaxy S26+,T-Mobile,256GB,GOOD,355,355
Smartphones,Samsung,Cell Phone,Galaxy S26+,T-Mobile,256GB,MINT,441.9,405
Smartphones,Samsung,Cell Phone,Galaxy S26+,AT&T,512GB,FAULTY,160,95
Smartphones,Samsung,Cell Phone,Galaxy S26+,AT&T,512GB,POOR,395,95
Smartphones,Samsung,Cell Phone,Galaxy S26+,AT&T,512GB,GOOD,420,420
Smartphones,Samsung,Cell Phone,Galaxy S26+,AT&T,512GB,MINT,478,470
Smartphones,Samsung,Cell Phone,Galaxy S26+,AT&T,256GB,FAULTY,130,85
Smartphones,Samsung,Cell Phone,Galaxy S26+,AT&T,256GB,POOR,266,85
Smartphones,Samsung,Cell Phone,Galaxy S26+,AT&T,256GB,GOOD,380,380
Smartphones,Samsung,Cell Phone,Galaxy S26+,AT&T,256GB,MINT,442,430
Smartphones,Samsung,Cell Phone,Galaxy S26+,Verizon,512GB,FAULTY,273,95
Smartphones,Samsung,Cell Phone,Galaxy S26+,Verizon,512GB,POOR,274,95
Smartphones,Samsung,Cell Phone,Galaxy S26+,Verizon,512GB,GOOD,420,420
Smartphones,Samsung,Cell Phone,Galaxy S26+,Verizon,512GB,MINT,477.9,470
Smartphones,Samsung,Cell Phone,Galaxy S26+,Verizon,256GB,FAULTY,130,85
Smartphones,Samsung,Cell Phone,Galaxy S26+,Verizon,256GB,POOR,246,85
Smartphones,Samsung,Cell Phone,Galaxy S26+,Verizon,256GB,GOOD,380,380
Smartphones,Samsung,Cell Phone,Galaxy S26+,Verizon,256GB,MINT,441.9,430
Smartphones,Samsung,Cell Phone,Galaxy S21,Unlocked,256GB,FAULTY,30,15
Smartphones,Samsung,Cell Phone,Galaxy S21,Unlocked,256GB,POOR,56,15
Smartphones,Samsung,Cell Phone,Galaxy S21,Unlocked,128GB,FAULTY,27,10
Smartphones,Samsung,Cell Phone,Galaxy S21,Unlocked,128GB,POOR,51,10
Smartphones,Samsung,Cell Phone,Galaxy S21,T-Mobile,256GB,FAULTY,27,10
Smartphones,Samsung,Cell Phone,Galaxy S21,T-Mobile,256GB,POOR,40,10
Smartphones,Samsung,Cell Phone,Galaxy S21,T-Mobile,256GB,MINT,82,40
Smartphones,Samsung,Cell Phone,Galaxy S21,T-Mobile,128GB,FAULTY,23,5
Smartphones,Samsung,Cell Phone,Galaxy S21,T-Mobile,128GB,POOR,35,5
Smartphones,Samsung,Cell Phone,Galaxy S21,AT&T,256GB,FAULTY,28,10
Smartphones,Samsung,Cell Phone,Galaxy S21,AT&T,256GB,POOR,46,10
Smartphones,Samsung,Cell Phone,Galaxy S21,AT&T,128GB,FAULTY,23,10
Smartphones,Samsung,Cell Phone,Galaxy S21,AT&T,128GB,POOR,41,10
Smartphones,Samsung,Cell Phone,Galaxy S21,Verizon,256GB,FAULTY,27,15
Smartphones,Samsung,Cell Phone,Galaxy S21,Verizon,256GB,POOR,44,15
Smartphones,Samsung,Cell Phone,Galaxy S21,Verizon,128GB,FAULTY,23,10
Smartphones,Samsung,Cell Phone,Galaxy S21,Verizon,128GB,POOR,40,10
Smartphones,Samsung,Cell Phone,Galaxy S21+,Unlocked,256GB,FAULTY,36,15
Smartphones,Samsung,Cell Phone,Galaxy S21 Ultra,Unlocked,256GB,MINT,142,115
Smartphones,Samsung,Cell Phone,Galaxy S21 Ultra,AT&T,512GB,MINT,148,120
Smartphones,Samsung,Cell Phone,Galaxy S21+,Unlocked,256GB,POOR,70,15
Smartphones,Samsung,Cell Phone,Galaxy S21+,Unlocked,128GB,FAULTY,34,10
Smartphones,Samsung,Cell Phone,Galaxy S21+,Unlocked,128GB,POOR,60,10
Smartphones,Samsung,Cell Phone,Galaxy S21+,T-Mobile,256GB,FAULTY,28,10
Smartphones,Samsung,Cell Phone,Galaxy S21+,T-Mobile,256GB,POOR,55,10
Smartphones,Samsung,Cell Phone,Galaxy S21+,T-Mobile,256GB,MINT,101,60
Smartphones,Samsung,Cell Phone,Galaxy S21+,T-Mobile,128GB,FAULTY,24,5
Smartphones,Samsung,Cell Phone,Galaxy S21+,T-Mobile,128GB,POOR,45,5
Smartphones,Samsung,Cell Phone,Galaxy S21+,AT&T,256GB,FAULTY,32,10
Smartphones,Samsung,Cell Phone,Galaxy S21+,AT&T,256GB,POOR,55,10
Smartphones,Samsung,Cell Phone,Galaxy S21+,AT&T,128GB,FAULTY,29,10
Smartphones,Samsung,Cell Phone,Galaxy S21+,AT&T,128GB,POOR,45,10
Smartphones,Samsung,Cell Phone,Galaxy S21+,Verizon,256GB,FAULTY,28,15
Smartphones,Samsung,Cell Phone,Galaxy S21+,Verizon,256GB,POOR,46,15
Smartphones,Samsung,Cell Phone,Galaxy S21+,Verizon,256GB,MINT,101,75
Smartphones,Samsung,Cell Phone,Galaxy S21+,Verizon,128GB,FAULTY,24,10
Smartphones,Samsung,Cell Phone,Galaxy S21+,Verizon,128GB,POOR,38,10
Smartphones,Samsung,Cell Phone,Galaxy S21 FE,Unlocked,256GB,FAULTY,28,
Smartphones,Samsung,Cell Phone,Galaxy S22,Unlocked,256GB,FAULTY,42,12
Smartphones,Samsung,Cell Phone,Galaxy S22,Unlocked,256GB,POOR,68,12
Smartphones,Samsung,Cell Phone,Galaxy S22,Unlocked,128GB,FAULTY,40,10
Smartphones,Samsung,Cell Phone,Galaxy S22,Unlocked,128GB,POOR,62,10
Smartphones,Samsung,Cell Phone,Galaxy S22,T-Mobile,256GB,FAULTY,34,10
Smartphones,Samsung,Cell Phone,Galaxy S22,T-Mobile,256GB,POOR,50,10
Smartphones,Samsung,Cell Phone,Galaxy S22,T-Mobile,128GB,FAULTY,32,10
Smartphones,Samsung,Cell Phone,Galaxy S22,T-Mobile,128GB,POOR,51,10
Smartphones,Samsung,Cell Phone,Galaxy S22,AT&T,256GB,FAULTY,37,12
Smartphones,Samsung,Cell Phone,Galaxy S22,AT&T,256GB,POOR,54,12
Smartphones,Samsung,Cell Phone,Galaxy S22,AT&T,128GB,FAULTY,34,10
Smartphones,Samsung,Cell Phone,Galaxy S22,AT&T,128GB,POOR,53,10
Smartphones,Samsung,Cell Phone,Galaxy S22,Verizon,256GB,FAULTY,31,12
Smartphones,Samsung,Cell Phone,Galaxy S22,Verizon,256GB,POOR,57,12
Smartphones,Samsung,Cell Phone,Galaxy S22,Verizon,256GB,MINT,103,85
Smartphones,Samsung,Cell Phone,Galaxy S22,Verizon,128GB,FAULTY,30,10
Smartphones,Samsung,Cell Phone,Galaxy S22,Verizon,128GB,POOR,54,10
Smartphones,Samsung,Cell Phone,Galaxy S22,Verizon,128GB,MINT,97,75
Smartphones,Samsung,Cell Phone,Galaxy S21 FE,Unlocked,256GB,POOR,47,
Smartphones,Samsung,Cell Phone,Galaxy S21 FE,Unlocked,256GB,MINT,92,45
Smartphones,Samsung,Cell Phone,Galaxy S21 FE,Unlocked,128GB,FAULTY,23,
Smartphones,Samsung,Cell Phone,Galaxy S21 FE,Unlocked,128GB,POOR,37,
Smartphones,Samsung,Cell Phone,Galaxy S21 FE,Unlocked,128GB,MINT,73,40
Smartphones,Samsung,Cell Phone,Galaxy S21 FE,T-Mobile,256GB,FAULTY,23,
Smartphones,Samsung,Cell Phone,Galaxy S21 FE,T-Mobile,256GB,MINT,77,30
Smartphones,Samsung,Cell Phone,Galaxy S21 FE,T-Mobile,128GB,FAULTY,20,
Smartphones,Samsung,Cell Phone,Galaxy S21 FE,T-Mobile,128GB,POOR,27,
Smartphones,Samsung,Cell Phone,Galaxy S21 FE,T-Mobile,128GB,MINT,62,25
Smartphones,Samsung,Cell Phone,Galaxy S21 FE,AT&T,256GB,FAULTY,28,
Smartphones,Samsung,Cell Phone,Galaxy S21 FE,AT&T,256GB,POOR,37,
Smartphones,Samsung,Cell Phone,Galaxy S21 FE,AT&T,256GB,MINT,77,35
Smartphones,Samsung,Cell Phone,Galaxy S21 FE,AT&T,128GB,FAULTY,21,
Smartphones,Samsung,Cell Phone,Galaxy S21 FE,AT&T,128GB,POOR,27,
Smartphones,Samsung,Cell Phone,Galaxy S21 FE,Verizon,256GB,FAULTY,28,
Smartphones,Samsung,Cell Phone,Galaxy S21 FE,Verizon,256GB,POOR,33,
Smartphones,Samsung,Cell Phone,Galaxy S21 FE,Verizon,256GB,MINT,75,35
Smartphones,Samsung,Cell Phone,Galaxy S21 FE,Verizon,128GB,FAULTY,21,
Smartphones,Samsung,Cell Phone,Galaxy S21 FE,Verizon,128GB,POOR,27,
Smartphones,Samsung,Cell Phone,Galaxy S21 FE,Verizon,128GB,MINT,62,35
Smartphones,Samsung,Cell Phone,Galaxy S22+,Unlocked,256GB,FAULTY,52,15
Smartphones,Samsung,Cell Phone,Galaxy S22 Ultra,Unlocked,1TB,FAULTY,64,35
Smartphones,Samsung,Cell Phone,Galaxy S22 Ultra,Unlocked,1TB,POOR,130,35
Smartphones,Samsung,Cell Phone,Galaxy S22 Ultra,Unlocked,1TB,GOOD,233,160
Smartphones,Samsung,Cell Phone,Galaxy S22 Ultra,Unlocked,1TB,MINT,253,180
Smartphones,Samsung,Cell Phone,Galaxy S22 Ultra,Unlocked,512GB,FAULTY,58,35
Smartphones,Samsung,Cell Phone,Galaxy S22 Ultra,Unlocked,512GB,POOR,125,35
Smartphones,Samsung,Cell Phone,Galaxy S22 Ultra,Unlocked,256GB,FAULTY,56,30
Smartphones,Samsung,Cell Phone,Galaxy S22 Ultra,Unlocked,256GB,POOR,120,30
Smartphones,Samsung,Cell Phone,Galaxy S22 Ultra,Unlocked,128GB,FAULTY,49,20
Smartphones,Samsung,Cell Phone,Galaxy S22 Ultra,Unlocked,128GB,POOR,105,20
Smartphones,Samsung,Cell Phone,Galaxy S22 Ultra,T-Mobile,1TB,FAULTY,52,35
Smartphones,Samsung,Cell Phone,Galaxy S22 Ultra,T-Mobile,1TB,POOR,112,35
Smartphones,Samsung,Cell Phone,Galaxy S22 Ultra,T-Mobile,1TB,MINT,205,150
Smartphones,Samsung,Cell Phone,Galaxy S22 Ultra,T-Mobile,512GB,FAULTY,45,25
Smartphones,Samsung,Cell Phone,Galaxy S22 Ultra,T-Mobile,512GB,POOR,98,25
Smartphones,Samsung,Cell Phone,Galaxy S22 Ultra,T-Mobile,256GB,FAULTY,40,15
Smartphones,Samsung,Cell Phone,Galaxy S22 Ultra,T-Mobile,256GB,POOR,94,15
Smartphones,Samsung,Cell Phone,Galaxy S22 Ultra,T-Mobile,128GB,FAULTY,39,15
Smartphones,Samsung,Cell Phone,Galaxy S22 Ultra,T-Mobile,128GB,POOR,80,15
Smartphones,Samsung,Cell Phone,Galaxy S22 Ultra,AT&T,1TB,FAULTY,60,35
Smartphones,Samsung,Cell Phone,Galaxy S22 Ultra,AT&T,1TB,POOR,116,35
Smartphones,Samsung,Cell Phone,Galaxy S22 Ultra,AT&T,1TB,GOOD,173,150
Smartphones,Samsung,Cell Phone,Galaxy S22 Ultra,AT&T,1TB,MINT,224,170
Smartphones,Samsung,Cell Phone,Galaxy S22 Ultra,AT&T,512GB,FAULTY,56,35
Smartphones,Samsung,Cell Phone,Galaxy S22 Ultra,AT&T,512GB,POOR,105,35
Smartphones,Samsung,Cell Phone,Galaxy S22 Ultra,AT&T,256GB,FAULTY,51,30
Smartphones,Samsung,Cell Phone,Galaxy S22 Ultra,AT&T,256GB,POOR,95,30
Smartphones,Samsung,Cell Phone,Galaxy S22 Ultra,AT&T,128GB,FAULTY,43,20
Smartphones,Samsung,Cell Phone,Galaxy S22 Ultra,AT&T,128GB,POOR,84,20
Smartphones,Samsung,Cell Phone,Galaxy S22 Ultra,Verizon,1TB,FAULTY,52,35
Smartphones,Samsung,Cell Phone,Galaxy S22 Ultra,Verizon,1TB,POOR,105,35
Smartphones,Samsung,Cell Phone,Galaxy S22 Ultra,Verizon,1TB,MINT,213,170
Smartphones,Samsung,Cell Phone,Galaxy S22 Ultra,Verizon,512GB,FAULTY,49,35
Smartphones,Samsung,Cell Phone,Galaxy S22 Ultra,Verizon,512GB,POOR,98,35
Smartphones,Samsung,Cell Phone,Galaxy S22 Ultra,Verizon,256GB,FAULTY,36,20
Smartphones,Samsung,Cell Phone,Galaxy S22 Ultra,Verizon,256GB,POOR,78,20
Smartphones,Samsung,Cell Phone,Galaxy S22 Ultra,Verizon,128GB,FAULTY,35,15
Smartphones,Samsung,Cell Phone,Galaxy S22 Ultra,Verizon,128GB,POOR,77,15
Smartphones,Samsung,Cell Phone,Galaxy S22+,Unlocked,256GB,POOR,94,15
Smartphones,Samsung,Cell Phone,Galaxy S22+,Unlocked,256GB,MINT,150,120
Smartphones,Samsung,Cell Phone,Galaxy S22+,Unlocked,128GB,FAULTY,47,12
Smartphones,Samsung,Cell Phone,Galaxy S22+,Unlocked,128GB,POOR,82,12
Smartphones,Samsung,Cell Phone,Galaxy S22+,Unlocked,128GB,MINT,139,105
Smartphones,Samsung,Cell Phone,Galaxy S22+,T-Mobile,256GB,FAULTY,41,15
Smartphones,Samsung,Cell Phone,Galaxy S22+,T-Mobile,256GB,POOR,65,15
Smartphones,Samsung,Cell Phone,Galaxy S22+,T-Mobile,128GB,FAULTY,34,10
Smartphones,Samsung,Cell Phone,Galaxy S22+,T-Mobile,128GB,POOR,54,10
Smartphones,Samsung,Cell Phone,Galaxy S22+,AT&T,256GB,FAULTY,47,15
Smartphones,Samsung,Cell Phone,Galaxy S22+,AT&T,256GB,POOR,68,15
Smartphones,Samsung,Cell Phone,Galaxy S22+,AT&T,256GB,MINT,127,95
Smartphones,Samsung,Cell Phone,Galaxy S22+,AT&T,128GB,FAULTY,42,12
Smartphones,Samsung,Cell Phone,Galaxy S22+,AT&T,128GB,POOR,62,12
Smartphones,Samsung,Cell Phone,Galaxy S22+,Verizon,256GB,FAULTY,41,15
Smartphones,Samsung,Cell Phone,Galaxy S22+,Verizon,256GB,POOR,66,15
Smartphones,Samsung,Cell Phone,Galaxy S22+,Verizon,128GB,FAULTY,34,12
Smartphones,Samsung,Cell Phone,Galaxy S22+,Verizon,128GB,POOR,55,12
Smartphones,Samsung,Cell Phone,Galaxy S23 FE,Unlocked,256GB,FAULTY,40,25
Smartphones,Samsung,Cell Phone,Galaxy S23 FE,Unlocked,256GB,POOR,68,25
Smartphones,Samsung,Cell Phone,Galaxy S23 FE,Unlocked,128GB,FAULTY,39,25
Smartphones,Samsung,Cell Phone,Galaxy S23 FE,Unlocked,128GB,POOR,58,25
Smartphones,Samsung,Cell Phone,Galaxy S23 FE,T-Mobile,256GB,FAULTY,34,20
Smartphones,Samsung,Cell Phone,Galaxy S23 FE,T-Mobile,256GB,POOR,51,20
Smartphones,Samsung,Cell Phone,Galaxy S23 FE,T-Mobile,256GB,MINT,137,80
Smartphones,Samsung,Cell Phone,Galaxy S23 FE,T-Mobile,128GB,FAULTY,31,17
Smartphones,Samsung,Cell Phone,Galaxy S23 FE,T-Mobile,128GB,POOR,45,17
Smartphones,Samsung,Cell Phone,Galaxy S23 FE,AT&T,256GB,FAULTY,39,25
Smartphones,Samsung,Cell Phone,Galaxy S23 FE,AT&T,256GB,POOR,58,25
Smartphones,Samsung,Cell Phone,Galaxy S23 FE,AT&T,256GB,MINT,137,90
Smartphones,Samsung,Cell Phone,Galaxy S23 FE,AT&T,128GB,FAULTY,34,20
Smartphones,Samsung,Cell Phone,Galaxy S23 FE,AT&T,128GB,POOR,51,20
Smartphones,Samsung,Cell Phone,Galaxy S23 FE,Verizon,256GB,FAULTY,39,25
Smartphones,Samsung,Cell Phone,Galaxy S23 FE,Verizon,256GB,POOR,51,25
Smartphones,Samsung,Cell Phone,Galaxy S23 FE,Verizon,128GB,FAULTY,34,20
Smartphones,Samsung,Cell Phone,Galaxy S23 FE,Verizon,128GB,POOR,46,20
Smartphones,Samsung,Cell Phone,Galaxy J7 Star,Unlocked,,FAULTY,,
Smartphones,Samsung,Cell Phone,Galaxy J5 (2017),Unlocked,,FAULTY,,
Smartphones,Samsung,Cell Phone,Galaxy J5 (2017),Unlocked,,POOR,,
Smartphones,Samsung,Cell Phone,Galaxy J5 (2017),Unlocked,,GOOD,,
Smartphones,Samsung,Cell Phone,Galaxy J5 (2017),Unlocked,,MINT,,
Smartphones,Samsung,Cell Phone,Galaxy J5 (2017),Other,,FAULTY,,
Smartphones,Samsung,Cell Phone,Galaxy J5 (2017),Other,,POOR,,
Smartphones,Samsung,Cell Phone,Galaxy J5 (2017),Other,,GOOD,,
Smartphones,Samsung,Cell Phone,Galaxy J5 (2017),Other,,MINT,,
Smartphones,Samsung,Cell Phone,Galaxy J5 (2017),T-Mobile,,FAULTY,,
Smartphones,Samsung,Cell Phone,Galaxy J5 (2017),T-Mobile,,POOR,,
Smartphones,Samsung,Cell Phone,Galaxy J5 (2017),T-Mobile,,GOOD,,
Smartphones,Samsung,Cell Phone,Galaxy J5 (2017),T-Mobile,,MINT,,
Smartphones,Samsung,Cell Phone,Galaxy J5 (2017),AT&T,,FAULTY,,
Smartphones,Samsung,Cell Phone,Galaxy J5 (2017),AT&T,,POOR,,
Smartphones,Samsung,Cell Phone,Galaxy J5 (2017),AT&T,,GOOD,1,1
Smartphones,Samsung,Cell Phone,Galaxy J5 (2017),AT&T,,MINT,3,3
Smartphones,Samsung,Cell Phone,Galaxy J5 (2017),Verizon,,FAULTY,,
Smartphones,Samsung,Cell Phone,Galaxy J5 (2017),Verizon,,POOR,,
Smartphones,Samsung,Cell Phone,Galaxy J5 (2017),Verizon,,GOOD,,
Smartphones,Samsung,Cell Phone,Galaxy J5 (2017),Verizon,,MINT,,
Smartphones,Samsung,Cell Phone,Galaxy J7 Star,Unlocked,,POOR,,
Smartphones,Samsung,Cell Phone,Galaxy J7 Star,Unlocked,,GOOD,,
Smartphones,Samsung,Cell Phone,Galaxy J7 Star,Unlocked,,MINT,,
Smartphones,Samsung,Cell Phone,Galaxy J7 Star,Other,,FAULTY,,
Smartphones,Samsung,Cell Phone,Galaxy J7 Star,Other,,POOR,,
Smartphones,Samsung,Cell Phone,Galaxy J7 Star,Other,,GOOD,,
Smartphones,Samsung,Cell Phone,Galaxy J7 Star,Other,,MINT,,
Smartphones,Samsung,Cell Phone,Galaxy J7 Star,T-Mobile,,FAULTY,,
Smartphones,Samsung,Cell Phone,Galaxy J7 Star,T-Mobile,,POOR,,
Smartphones,Samsung,Cell Phone,Galaxy J7 Star,T-Mobile,,GOOD,1,1
Smartphones,Samsung,Cell Phone,Galaxy J7 Star,T-Mobile,,MINT,3,3
Smartphones,Samsung,Cell Phone,Galaxy J7 Star,AT&T,,FAULTY,,
Smartphones,Samsung,Cell Phone,Galaxy J7 Star,AT&T,,POOR,,
Smartphones,Samsung,Cell Phone,Galaxy J7 Star,AT&T,,GOOD,,
Smartphones,Samsung,Cell Phone,Galaxy J7 Star,AT&T,,MINT,,
Smartphones,Samsung,Cell Phone,Galaxy J7 Star,Verizon,,FAULTY,,
Smartphones,Samsung,Cell Phone,Galaxy J7 Star,Verizon,,POOR,,
Smartphones,Samsung,Cell Phone,Galaxy J7 Star,Verizon,,GOOD,,
Smartphones,Samsung,Cell Phone,Galaxy J7 Star,Verizon,,MINT,,
Smartphones,Samsung,Cell Phone,Galaxy J7 V,Unlocked,,FAULTY,,
Smartphones,Samsung,Cell Phone,Galaxy J7,Unlocked,,FAULTY,,
Smartphones,Samsung,Cell Phone,Galaxy J7,Unlocked,,POOR,,
Smartphones,Samsung,Cell Phone,Galaxy J7,Unlocked,,GOOD,,
Smartphones,Samsung,Cell Phone,Galaxy J7,Unlocked,,MINT,,
Smartphones,Samsung,Cell Phone,Galaxy J7,Other,,FAULTY,,
Smartphones,Samsung,Cell Phone,Galaxy J7,Other,,POOR,,
Smartphones,Samsung,Cell Phone,Galaxy J7,Other,,GOOD,,
Smartphones,Samsung,Cell Phone,Galaxy J7,Other,,MINT,,
Smartphones,Samsung,Cell Phone,Galaxy J7,T-Mobile,,FAULTY,,
Smartphones,Samsung,Cell Phone,Galaxy J7,T-Mobile,,POOR,,
Smartphones,Samsung,Cell Phone,Galaxy J7,T-Mobile,,GOOD,1,1
Smartphones,Samsung,Cell Phone,Galaxy J7,T-Mobile,,MINT,3,3
Smartphones,Samsung,Cell Phone,Galaxy J7,AT&T,,FAULTY,,
Smartphones,Samsung,Cell Phone,Galaxy J7,AT&T,,POOR,,
Smartphones,Samsung,Cell Phone,Galaxy J7,AT&T,,GOOD,,
Smartphones,Samsung,Cell Phone,Galaxy J7,AT&T,,MINT,,
Smartphones,Samsung,Cell Phone,Galaxy J7,Verizon,,FAULTY,,
Smartphones,Samsung,Cell Phone,Galaxy J7,Verizon,,POOR,,
Smartphones,Samsung,Cell Phone,Galaxy J7,Verizon,,GOOD,,
Smartphones,Samsung,Cell Phone,Galaxy J7,Verizon,,MINT,,
Smartphones,Samsung,Cell Phone,Galaxy J7 V,Unlocked,,POOR,,
Smartphones,Samsung,Cell Phone,Galaxy J7 V,Unlocked,,GOOD,,
Smartphones,Samsung,Cell Phone,Galaxy J7 V,Unlocked,,MINT,,
Smartphones,Samsung,Cell Phone,Galaxy J7 V,Other,,FAULTY,,
Smartphones,Samsung,Cell Phone,Galaxy J7 V,Other,,POOR,,
Smartphones,Samsung,Cell Phone,Galaxy J7 V,Other,,GOOD,,
Smartphones,Samsung,Cell Phone,Galaxy J7 V,Other,,MINT,,
Smartphones,Samsung,Cell Phone,Galaxy J7 V,T-Mobile,,FAULTY,,
Smartphones,Samsung,Cell Phone,Galaxy J7 V,T-Mobile,,POOR,,
Smartphones,Samsung,Cell Phone,Galaxy J7 V,T-Mobile,,GOOD,,
Smartphones,Samsung,Cell Phone,Galaxy J7 V,T-Mobile,,MINT,,
Smartphones,Samsung,Cell Phone,Galaxy J7 V,AT&T,,FAULTY,,
Smartphones,Samsung,Cell Phone,Galaxy J7 V,AT&T,,POOR,,
Smartphones,Samsung,Cell Phone,Galaxy J7 V,AT&T,,GOOD,,
Smartphones,Samsung,Cell Phone,Galaxy J7 V,AT&T,,MINT,,
Smartphones,Samsung,Cell Phone,Galaxy J7 V,Verizon,,FAULTY,,
Smartphones,Samsung,Cell Phone,Galaxy J7 V,Verizon,,POOR,,
Smartphones,Samsung,Cell Phone,Galaxy J7 V,Verizon,,GOOD,1,1
Smartphones,Samsung,Cell Phone,Galaxy J7 V,Verizon,,MINT,3,3
Smartphones,Samsung,Cell Phone,Galaxy J7 Prime,Unlocked,,FAULTY,,
Smartphones,Samsung,Cell Phone,Galaxy J7 Prime,Unlocked,,POOR,,
Smartphones,Samsung,Cell Phone,Galaxy J7 Prime,Unlocked,,GOOD,2,2
Smartphones,Samsung,Cell Phone,Galaxy J7 Prime,Unlocked,,MINT,4,4
Smartphones,Samsung,Cell Phone,Galaxy J7 Prime,Other,,FAULTY,,
Smartphones,Samsung,Cell Phone,Galaxy J7 Prime,Other,,POOR,,
Smartphones,Samsung,Cell Phone,Galaxy J7 Prime,Other,,GOOD,,
Smartphones,Samsung,Cell Phone,Galaxy J7 Prime,Other,,MINT,,
Smartphones,Samsung,Cell Phone,Galaxy J7 Prime,T-Mobile,,FAULTY,,
Smartphones,Samsung,Cell Phone,Galaxy J7 Prime,T-Mobile,,POOR,,
Smartphones,Samsung,Cell Phone,Galaxy J7 Prime,T-Mobile,,GOOD,1,1
Smartphones,Samsung,Cell Phone,Galaxy J7 Prime,T-Mobile,,MINT,3,3
Smartphones,Samsung,Cell Phone,Galaxy J7 Prime,AT&T,,FAULTY,,
Smartphones,Samsung,Cell Phone,Galaxy J7 Prime,AT&T,,POOR,,
Smartphones,Samsung,Cell Phone,Galaxy J7 Prime,AT&T,,GOOD,,
Smartphones,Samsung,Cell Phone,Galaxy J7 Prime,AT&T,,MINT,,
Smartphones,Samsung,Cell Phone,Galaxy J7 Prime,Verizon,,FAULTY,,
Smartphones,Samsung,Cell Phone,Galaxy J7 Prime,Verizon,,POOR,,
Smartphones,Samsung,Cell Phone,Galaxy J7 Prime,Verizon,,GOOD,,
Smartphones,Samsung,Cell Phone,Galaxy J7 Prime,Verizon,,MINT,,
Smartphones,Samsung,Cell Phone,Galaxy Mega,Unlocked,,FAULTY,,
Smartphones,Samsung,Cell Phone,Galaxy J7 Neo,Unlocked,,FAULTY,,
Smartphones,Samsung,Cell Phone,Galaxy J7 Neo,Unlocked,,POOR,,
Smartphones,Samsung,Cell Phone,Galaxy J7 Neo,Unlocked,,GOOD,2,2
Smartphones,Samsung,Cell Phone,Galaxy J7 Neo,Unlocked,,MINT,4,4
Smartphones,Samsung,Cell Phone,Galaxy J7 Neo,Other,,FAULTY,,
Smartphones,Samsung,Cell Phone,Galaxy J7 Neo,Other,,POOR,,
Smartphones,Samsung,Cell Phone,Galaxy J7 Neo,Other,,GOOD,,
Smartphones,Samsung,Cell Phone,Galaxy J7 Neo,Other,,MINT,,
Smartphones,Samsung,Cell Phone,Galaxy J7 Neo,T-Mobile,,FAULTY,,
Smartphones,Samsung,Cell Phone,Galaxy J7 Neo,T-Mobile,,POOR,,
Smartphones,Samsung,Cell Phone,Galaxy J7 Neo,T-Mobile,,GOOD,,
Smartphones,Samsung,Cell Phone,Galaxy J7 Neo,T-Mobile,,MINT,,
Smartphones,Samsung,Cell Phone,Galaxy J7 Neo,AT&T,,FAULTY,,
Smartphones,Samsung,Cell Phone,Galaxy J7 Neo,AT&T,,POOR,,
Smartphones,Samsung,Cell Phone,Galaxy J7 Neo,AT&T,,GOOD,,
Smartphones,Samsung,Cell Phone,Galaxy J7 Neo,AT&T,,MINT,,
Smartphones,Samsung,Cell Phone,Galaxy J7 Neo,Verizon,,FAULTY,,
Smartphones,Samsung,Cell Phone,Galaxy J7 Neo,Verizon,,POOR,,
Smartphones,Samsung,Cell Phone,Galaxy J7 Neo,Verizon,,GOOD,,
Smartphones,Samsung,Cell Phone,Galaxy J7 Neo,Verizon,,MINT,,
Smartphones,Samsung,Cell Phone,Galaxy Mega,Unlocked,,POOR,,
Smartphones,Samsung,Cell Phone,Galaxy Mega,Unlocked,,GOOD,,
Smartphones,Samsung,Cell Phone,Galaxy Mega,Unlocked,,MINT,,
Smartphones,Samsung,Cell Phone,Galaxy Mega,Other,,FAULTY,,
Smartphones,Samsung,Cell Phone,Galaxy Mega,Other,,POOR,,
Smartphones,Samsung,Cell Phone,Galaxy Mega,Other,,GOOD,,
Smartphones,Samsung,Cell Phone,Galaxy Mega,Other,,MINT,,
Smartphones,Samsung,Cell Phone,Galaxy Mega,T-Mobile,,FAULTY,,
Smartphones,Samsung,Cell Phone,Galaxy Mega,T-Mobile,,POOR,,
Smartphones,Samsung,Cell Phone,Galaxy Mega,T-Mobile,,GOOD,,
Smartphones,Samsung,Cell Phone,Galaxy Mega,T-Mobile,,MINT,,
Smartphones,Samsung,Cell Phone,Galaxy Mega,AT&T,,FAULTY,,
Smartphones,Samsung,Cell Phone,Galaxy Mega,AT&T,,POOR,,
Smartphones,Samsung,Cell Phone,Galaxy Mega,AT&T,,GOOD,4,
Smartphones,Samsung,Cell Phone,Galaxy Mega,AT&T,,MINT,4,
Smartphones,Samsung,Cell Phone,Galaxy Mega,Verizon,,FAULTY,,
Smartphones,Samsung,Cell Phone,Galaxy Mega,Verizon,,POOR,,
Smartphones,Samsung,Cell Phone,Galaxy Mega,Verizon,,GOOD,,
Smartphones,Samsung,Cell Phone,Galaxy Mega,Verizon,,MINT,,
Smartphones,Samsung,Cell Phone,Galaxy K zoom,Unlocked,,FAULTY,,
Smartphones,Samsung,Cell Phone,Galaxy J5,Unlocked,,FAULTY,,
Smartphones,Samsung,Cell Phone,Galaxy J5,Unlocked,,POOR,,
Smartphones,Samsung,Cell Phone,Galaxy J5,Unlocked,,GOOD,3,3
Smartphones,Samsung,Cell Phone,Galaxy J5,Unlocked,,MINT,5,5
Smartphones,Samsung,Cell Phone,Galaxy J5,Other,,FAULTY,,
Smartphones,Samsung,Cell Phone,Galaxy J5,Other,,POOR,,
Smartphones,Samsung,Cell Phone,Galaxy J5,Other,,GOOD,,
Smartphones,Samsung,Cell Phone,Galaxy J5,Other,,MINT,,
Smartphones,Samsung,Cell Phone,Galaxy J5,T-Mobile,,FAULTY,,
Smartphones,Samsung,Cell Phone,Galaxy J5,T-Mobile,,POOR,,
Smartphones,Samsung,Cell Phone,Galaxy J5,T-Mobile,,GOOD,,
Smartphones,Samsung,Cell Phone,Galaxy J5,T-Mobile,,MINT,,
Smartphones,Samsung,Cell Phone,Galaxy J5,AT&T,,FAULTY,,
Smartphones,Samsung,Cell Phone,Galaxy J5,AT&T,,POOR,,
Smartphones,Samsung,Cell Phone,Galaxy J5,AT&T,,GOOD,,
Smartphones,Samsung,Cell Phone,Galaxy J5,AT&T,,MINT,,
Smartphones,Samsung,Cell Phone,Galaxy J5,Verizon,,FAULTY,,
Smartphones,Samsung,Cell Phone,Galaxy J5,Verizon,,POOR,,
Smartphones,Samsung,Cell Phone,Galaxy J5,Verizon,,GOOD,,
Smartphones,Samsung,Cell Phone,Galaxy J5,Verizon,,MINT,,
Smartphones,Samsung,Cell Phone,Galaxy K zoom,Unlocked,,POOR,,
Smartphones,Samsung,Cell Phone,Galaxy K zoom,Unlocked,,GOOD,3,3
Smartphones,Samsung,Cell Phone,Galaxy K zoom,Unlocked,,MINT,5,5
Smartphones,Samsung,Cell Phone,Galaxy K zoom,Other,,FAULTY,,
Smartphones,Samsung,Cell Phone,Galaxy K zoom,Other,,POOR,,
Smartphones,Samsung,Cell Phone,Galaxy K zoom,Other,,GOOD,,
Smartphones,Samsung,Cell Phone,Galaxy K zoom,Other,,MINT,,
Smartphones,Samsung,Cell Phone,Galaxy K zoom,T-Mobile,,FAULTY,,
Smartphones,Samsung,Cell Phone,Galaxy K zoom,T-Mobile,,POOR,,
Smartphones,Samsung,Cell Phone,Galaxy K zoom,T-Mobile,,GOOD,,
Smartphones,Samsung,Cell Phone,Galaxy K zoom,T-Mobile,,MINT,,
Smartphones,Samsung,Cell Phone,Galaxy K zoom,AT&T,,FAULTY,,
Smartphones,Samsung,Cell Phone,Galaxy K zoom,AT&T,,POOR,,
Smartphones,Samsung,Cell Phone,Galaxy K zoom,AT&T,,GOOD,,
Smartphones,Samsung,Cell Phone,Galaxy K zoom,AT&T,,MINT,,
Smartphones,Samsung,Cell Phone,Galaxy K zoom,Verizon,,FAULTY,,
Smartphones,Samsung,Cell Phone,Galaxy K zoom,Verizon,,POOR,,
Smartphones,Samsung,Cell Phone,Galaxy K zoom,Verizon,,GOOD,,
Smartphones,Samsung,Cell Phone,Galaxy K zoom,Verizon,,MINT,,
Smartphones,Samsung,Cell Phone,Galaxy J7 Pro,Unlocked,,FAULTY,,
Smartphones,Samsung,Cell Phone,Galaxy Mega 2,Unlocked,,FAULTY,,
Smartphones,Samsung,Cell Phone,Galaxy Mega 2,Unlocked,,POOR,,
Smartphones,Samsung,Cell Phone,Galaxy Mega 2,Unlocked,,GOOD,,
Smartphones,Samsung,Cell Phone,Galaxy Mega 2,Unlocked,,MINT,,
Smartphones,Samsung,Cell Phone,Galaxy Mega 2,Other,,FAULTY,,
Smartphones,Samsung,Cell Phone,Galaxy Mega 2,Other,,POOR,,
Smartphones,Samsung,Cell Phone,Galaxy Mega 2,Other,,GOOD,,
Smartphones,Samsung,Cell Phone,Galaxy Mega 2,Other,,MINT,,
Smartphones,Samsung,Cell Phone,Galaxy Mega 2,T-Mobile,,FAULTY,,
Smartphones,Samsung,Cell Phone,Galaxy Mega 2,T-Mobile,,POOR,,
Smartphones,Samsung,Cell Phone,Galaxy Mega 2,T-Mobile,,GOOD,,
Smartphones,Samsung,Cell Phone,Galaxy Mega 2,T-Mobile,,MINT,,
Smartphones,Samsung,Cell Phone,Galaxy Mega 2,AT&T,,FAULTY,,
Smartphones,Samsung,Cell Phone,Galaxy Mega 2,AT&T,,POOR,1,
Smartphones,Samsung,Cell Phone,Galaxy Mega 2,AT&T,,GOOD,4,3
Smartphones,Samsung,Cell Phone,Galaxy Mega 2,AT&T,,MINT,7,5
Smartphones,Samsung,Cell Phone,Galaxy Mega 2,Verizon,,FAULTY,,
Smartphones,Samsung,Cell Phone,Galaxy Mega 2,Verizon,,POOR,,
Smartphones,Samsung,Cell Phone,Galaxy Mega 2,Verizon,,GOOD,,
Smartphones,Samsung,Cell Phone,Galaxy Mega 2,Verizon,,MINT,,
Smartphones,Samsung,Cell Phone,Galaxy J7 Pro,Unlocked,,POOR,,
Smartphones,Samsung,Cell Phone,Galaxy J7 Pro,Unlocked,,GOOD,2,2
Smartphones,Samsung,Cell Phone,Galaxy J7 Pro,Unlocked,,MINT,5,5
Smartphones,Samsung,Cell Phone,Galaxy J7 Pro,Other,,FAULTY,,
Smartphones,Samsung,Cell Phone,Galaxy J7 Pro,Other,,POOR,,
Smartphones,Samsung,Cell Phone,Galaxy J7 Pro,Other,,GOOD,,
Smartphones,Samsung,Cell Phone,Galaxy J7 Pro,Other,,MINT,,
Smartphones,Samsung,Cell Phone,Galaxy J7 Pro,T-Mobile,,FAULTY,,
Smartphones,Samsung,Cell Phone,Galaxy J7 Pro,T-Mobile,,POOR,,
Smartphones,Samsung,Cell Phone,Galaxy J7 Pro,T-Mobile,,GOOD,,
Smartphones,Samsung,Cell Phone,Galaxy J7 Pro,T-Mobile,,MINT,,
Smartphones,Samsung,Cell Phone,Galaxy J7 Pro,AT&T,,FAULTY,,
Smartphones,Samsung,Cell Phone,Galaxy J7 Pro,AT&T,,POOR,,
Smartphones,Samsung,Cell Phone,Galaxy J7 Pro,AT&T,,GOOD,,
Smartphones,Samsung,Cell Phone,Galaxy J7 Pro,AT&T,,MINT,,
Smartphones,Samsung,Cell Phone,Galaxy J7 Pro,Verizon,,FAULTY,,
Smartphones,Samsung,Cell Phone,Galaxy J7 Pro,Verizon,,POOR,,
Smartphones,Samsung,Cell Phone,Galaxy J7 Pro,Verizon,,GOOD,,
Smartphones,Samsung,Cell Phone,Galaxy J7 Pro,Verizon,,MINT,,
Smartphones,Samsung,Cell Phone,Galaxy A6 (2018),Unlocked,,FAULTY,,
Smartphones,Samsung,Cell Phone,Galaxy A8 Plus (2018),Unlocked,,FAULTY,2,2
Smartphones,Samsung,Cell Phone,Galaxy A8 Plus (2018),Unlocked,,POOR,2,2
Smartphones,Samsung,Cell Phone,Galaxy A8 Plus (2018),Unlocked,,GOOD,20,20
Smartphones,Samsung,Cell Phone,Galaxy A8 Plus (2018),Unlocked,,MINT,25,25
Smartphones,Samsung,Cell Phone,Galaxy A8 Plus (2018),Other,,FAULTY,,
Smartphones,Samsung,Cell Phone,Galaxy A8 Plus (2018),Other,,POOR,,
Smartphones,Samsung,Cell Phone,Galaxy A8 Plus (2018),Other,,GOOD,,
Smartphones,Samsung,Cell Phone,Galaxy A8 Plus (2018),Other,,MINT,,
Smartphones,Samsung,Cell Phone,Galaxy A8 Plus (2018),T-Mobile,,FAULTY,,
Smartphones,Samsung,Cell Phone,Galaxy A8 Plus (2018),T-Mobile,,POOR,,
Smartphones,Samsung,Cell Phone,Galaxy A8 Plus (2018),T-Mobile,,GOOD,,
Smartphones,Samsung,Cell Phone,Galaxy A8 Plus (2018),T-Mobile,,MINT,,
Smartphones,Samsung,Cell Phone,Galaxy A8 Plus (2018),AT&T,,FAULTY,,
Smartphones,Samsung,Cell Phone,Galaxy A8 Plus (2018),AT&T,,POOR,,
Smartphones,Samsung,Cell Phone,Galaxy A8 Plus (2018),AT&T,,GOOD,,
Smartphones,Samsung,Cell Phone,Galaxy A8 Plus (2018),AT&T,,MINT,,
Smartphones,Samsung,Cell Phone,Galaxy A8 Plus (2018),Verizon,,FAULTY,,
Smartphones,Samsung,Cell Phone,Galaxy A8 Plus (2018),Verizon,,POOR,,
Smartphones,Samsung,Cell Phone,Galaxy A8 Plus (2018),Verizon,,GOOD,,
Smartphones,Samsung,Cell Phone,Galaxy A8 Plus (2018),Verizon,,MINT,,
Smartphones,Samsung,Cell Phone,Galaxy A6 (2018),Unlocked,,POOR,,
Smartphones,Samsung,Cell Phone,Galaxy A6 (2018),Unlocked,,GOOD,,
Smartphones,Samsung,Cell Phone,Galaxy A6 (2018),Unlocked,,MINT,,
Smartphones,Samsung,Cell Phone,Galaxy A6 (2018),Other,,FAULTY,,
Smartphones,Samsung,Cell Phone,Galaxy A6 (2018),Other,,POOR,,
Smartphones,Samsung,Cell Phone,Galaxy A6 (2018),Other,,GOOD,3,3
Smartphones,Samsung,Cell Phone,Galaxy A6 (2018),Other,,MINT,5,5
Smartphones,Samsung,Cell Phone,Galaxy A6 (2018),T-Mobile,,FAULTY,,
Smartphones,Samsung,Cell Phone,Galaxy A6 (2018),T-Mobile,,POOR,,
Smartphones,Samsung,Cell Phone,Galaxy A6 (2018),T-Mobile,,GOOD,5,5
Smartphones,Samsung,Cell Phone,Galaxy A6 (2018),T-Mobile,,MINT,7,7
Smartphones,Samsung,Cell Phone,Galaxy A6 (2018),AT&T,,FAULTY,,
Smartphones,Samsung,Cell Phone,Galaxy A6 (2018),AT&T,,POOR,,
Smartphones,Samsung,Cell Phone,Galaxy A6 (2018),AT&T,,GOOD,7,7
Smartphones,Samsung,Cell Phone,Galaxy A6 (2018),AT&T,,MINT,10,10
Smartphones,Samsung,Cell Phone,Galaxy A6 (2018),Verizon,,FAULTY,,
Smartphones,Samsung,Cell Phone,Galaxy A6 (2018),Verizon,,POOR,,
Smartphones,Samsung,Cell Phone,Galaxy A6 (2018),Verizon,,GOOD,,
Smartphones,Samsung,Cell Phone,Galaxy A6 (2018),Verizon,,MINT,,
Smartphones,Samsung,Cell Phone,Galaxy Note Edge,Unlocked,,FAULTY,,
Smartphones,Samsung,Cell Phone,Galaxy Note 4,Unlocked,,FAULTY,,
Smartphones,Samsung,Cell Phone,Galaxy Note 4,Unlocked,,POOR,,
Smartphones,Samsung,Cell Phone,Galaxy Note 4,Unlocked,,GOOD,1,1
Smartphones,Samsung,Cell Phone,Galaxy Note 4,Unlocked,,MINT,3,3
Smartphones,Samsung,Cell Phone,Galaxy Note 4,Other,,FAULTY,,
Smartphones,Samsung,Cell Phone,Galaxy Note 4,Other,,POOR,,
Smartphones,Samsung,Cell Phone,Galaxy Note 4,Other,,GOOD,,
Smartphones,Samsung,Cell Phone,Galaxy Note 4,Other,,MINT,,
Smartphones,Samsung,Cell Phone,Galaxy Note 4,T-Mobile,,FAULTY,,
Smartphones,Samsung,Cell Phone,Galaxy Note 4,T-Mobile,,POOR,,
Smartphones,Samsung,Cell Phone,Galaxy Note 4,T-Mobile,,GOOD,,
Smartphones,Samsung,Cell Phone,Galaxy Note 4,T-Mobile,,MINT,,
Smartphones,Samsung,Cell Phone,Galaxy Note 4,AT&T,,FAULTY,,
Smartphones,Samsung,Cell Phone,Galaxy Note 4,AT&T,,POOR,,
Smartphones,Samsung,Cell Phone,Galaxy Note 4,AT&T,,GOOD,1,1
Smartphones,Samsung,Cell Phone,Galaxy Note 4,AT&T,,MINT,2,2
Smartphones,Samsung,Cell Phone,Galaxy Note 4,Verizon,,FAULTY,,
Smartphones,Samsung,Cell Phone,Galaxy Note 4,Verizon,,POOR,,
Smartphones,Samsung,Cell Phone,Galaxy Note 4,Verizon,,GOOD,1,1
Smartphones,Samsung,Cell Phone,Galaxy Note 4,Verizon,,MINT,2,2
Smartphones,Samsung,Cell Phone,Galaxy Note Edge,Unlocked,,POOR,,
Smartphones,Samsung,Cell Phone,Galaxy Note Edge,Unlocked,,GOOD,,
Smartphones,Samsung,Cell Phone,Galaxy Note Edge,Unlocked,,MINT,,
Smartphones,Samsung,Cell Phone,Galaxy Note Edge,Other,,FAULTY,,
Smartphones,Samsung,Cell Phone,Galaxy Note Edge,Other,,POOR,,
Smartphones,Samsung,Cell Phone,Galaxy Note Edge,Other,,GOOD,5,5
Smartphones,Samsung,Cell Phone,Galaxy Note Edge,Other,,MINT,10,10
Smartphones,Samsung,Cell Phone,Galaxy Note Edge,T-Mobile,,FAULTY,,
Smartphones,Samsung,Cell Phone,Galaxy Note Edge,T-Mobile,,POOR,,
Smartphones,Samsung,Cell Phone,Galaxy Note Edge,T-Mobile,,GOOD,12,12
Smartphones,Samsung,Cell Phone,Galaxy Note Edge,T-Mobile,,MINT,17,17
Smartphones,Samsung,Cell Phone,Galaxy Note Edge,AT&T,,FAULTY,,
Smartphones,Samsung,Cell Phone,Galaxy Note Edge,AT&T,,POOR,,
Smartphones,Samsung,Cell Phone,Galaxy Note Edge,AT&T,,GOOD,12,12
Smartphones,Samsung,Cell Phone,Galaxy Note Edge,AT&T,,MINT,20,20
Smartphones,Samsung,Cell Phone,Galaxy Note Edge,Verizon,,FAULTY,,
Smartphones,Samsung,Cell Phone,Galaxy Note Edge,Verizon,,POOR,,
Smartphones,Samsung,Cell Phone,Galaxy Note Edge,Verizon,,GOOD,12,12
Smartphones,Samsung,Cell Phone,Galaxy Note Edge,Verizon,,MINT,20,20
Smartphones,Samsung,Cell Phone,Galaxy S5 Zoom,Unlocked,,FAULTY,,
Smartphones,Samsung,Cell Phone,Galaxy S6 Active,Unlocked,,FAULTY,,
Smartphones,Samsung,Cell Phone,Galaxy S6 Active,Unlocked,,POOR,,
Smartphones,Samsung,Cell Phone,Galaxy S6 Active,Unlocked,,GOOD,,
Smartphones,Samsung,Cell Phone,Galaxy S6 Active,Unlocked,,MINT,,
Smartphones,Samsung,Cell Phone,Galaxy S6 Active,Other,,FAULTY,,
Smartphones,Samsung,Cell Phone,Galaxy S6 Active,Other,,POOR,,
Smartphones,Samsung,Cell Phone,Galaxy S6 Active,Other,,GOOD,,
Smartphones,Samsung,Cell Phone,Galaxy S6 Active,Other,,MINT,,
Smartphones,Samsung,Cell Phone,Galaxy S6 Active,T-Mobile,,FAULTY,,
Smartphones,Samsung,Cell Phone,Galaxy S6 Active,T-Mobile,,POOR,,
Smartphones,Samsung,Cell Phone,Galaxy S6 Active,T-Mobile,,GOOD,,
Smartphones,Samsung,Cell Phone,Galaxy S6 Active,T-Mobile,,MINT,,
Smartphones,Samsung,Cell Phone,Galaxy S6 Active,AT&T,,FAULTY,,
Smartphones,Samsung,Cell Phone,Galaxy S6 Active,AT&T,,POOR,,
Smartphones,Samsung,Cell Phone,Galaxy S6 Active,AT&T,,GOOD,1,1
Smartphones,Samsung,Cell Phone,Galaxy S6 Active,AT&T,,MINT,1,1
Smartphones,Samsung,Cell Phone,Galaxy S6 Active,Verizon,,FAULTY,,
Smartphones,Samsung,Cell Phone,Galaxy S6 Active,Verizon,,POOR,,
Smartphones,Samsung,Cell Phone,Galaxy S6 Active,Verizon,,GOOD,,
Smartphones,Samsung,Cell Phone,Galaxy S6 Active,Verizon,,MINT,,
Smartphones,Samsung,Cell Phone,Galaxy S5 Zoom,Unlocked,,POOR,,
Smartphones,Samsung,Cell Phone,Galaxy S5 Zoom,Unlocked,,GOOD,3,3
Smartphones,Samsung,Cell Phone,Galaxy S5 Zoom,Unlocked,,MINT,5,5
Smartphones,Samsung,Cell Phone,Galaxy S5 Zoom,Other,,FAULTY,,
Smartphones,Samsung,Cell Phone,Galaxy S5 Zoom,Other,,POOR,,
Smartphones,Samsung,Cell Phone,Galaxy S5 Zoom,Other,,GOOD,,
Smartphones,Samsung,Cell Phone,Galaxy S5 Zoom,Other,,MINT,,
Smartphones,Samsung,Cell Phone,Galaxy S5 Zoom,T-Mobile,,FAULTY,,
Smartphones,Samsung,Cell Phone,Galaxy S5 Zoom,T-Mobile,,POOR,,
Smartphones,Samsung,Cell Phone,Galaxy S5 Zoom,T-Mobile,,GOOD,,
Smartphones,Samsung,Cell Phone,Galaxy S5 Zoom,T-Mobile,,MINT,,
Smartphones,Samsung,Cell Phone,Galaxy S5 Zoom,AT&T,,FAULTY,,
Smartphones,Samsung,Cell Phone,Galaxy S5 Zoom,AT&T,,POOR,,
Smartphones,Samsung,Cell Phone,Galaxy S5 Zoom,AT&T,,GOOD,,
Smartphones,Samsung,Cell Phone,Galaxy S5 Zoom,AT&T,,MINT,,
Smartphones,Samsung,Cell Phone,Galaxy S5 Zoom,Verizon,,FAULTY,,
Smartphones,Samsung,Cell Phone,Galaxy S5 Zoom,Verizon,,POOR,,
Smartphones,Samsung,Cell Phone,Galaxy S5 Zoom,Verizon,,GOOD,,
Smartphones,Samsung,Cell Phone,Galaxy S5 Zoom,Verizon,,MINT,,
Smartphones,Samsung,Cell Phone,Galaxy J5 Pro,,,FAULTY,,
Smartphones,Samsung,Cell Phone,Galaxy J5 Pro,,,POOR,,
Smartphones,Samsung,Cell Phone,Galaxy J5 Pro,,,GOOD,3,3
Smartphones,Samsung,Cell Phone,Galaxy J5 Pro,,,MINT,5,5
Smartphones,Samsung,Cell Phone,Galaxy S7 Active,,,FAULTY,,
Smartphones,Samsung,Cell Phone,Galaxy S7 Active,,,POOR,,
Smartphones,Samsung,Cell Phone,Galaxy S7 Active,,,GOOD,,
Smartphones,Samsung,Cell Phone,Galaxy S7 Active,,,MINT,,
Smartphones,Samsung,Cell Phone,Galaxy S8 Active,,,FAULTY,,
Smartphones,Samsung,Cell Phone,Galaxy S8 Active,,,POOR,,
Smartphones,Samsung,Cell Phone,Galaxy S8 Active,,,GOOD,,
Smartphones,Samsung,Cell Phone,Galaxy S8 Active,,,MINT,,
